user_genome	classification	fastani_reference	fastani_reference_radius	fastani_taxonomy	fastani_ani	fastani_af	closest_placement_reference	closest_placement_radius	closest_placement_taxonomy	closest_placement_ani	closest_placement_af	pplacer_taxonomy	classification_method	note	"other_related_references(genome_id,species_name,radius,ANI,AF)"	msa_percent	translation_table	red_value	warnings
bin.103	d__Bacteria;p__T1Sed10-126;c__T1Sed10-126;o__T1Sed10-126;f__;g__;s__	N/A	N/A	N/A	N/A	N/A	N/A	N/A	N/A	N/A	N/A	d__Bacteria;p__T1Sed10-126;c__T1Sed10-126;o__T1Sed10-126;f__;g__;s__	taxonomic novelty determined using RED	classification based on placement in class-level tree	N/A	87.71	11	0.6626099870813722	N/A
bin.108	d__Bacteria;p__Planctomycetota;c__Planctomycetia;o__Pirellulales;f__Pirellulaceae;g__Laterigemmans;s__	N/A	N/A	N/A	N/A	N/A	GCF_010367455.1	95	d__Bacteria;p__Planctomycetota;c__Planctomycetia;o__Pirellulales;f__Pirellulaceae;g__Laterigemmans;s__Laterigemmans baculatus	76.17	0.06	d__Bacteria;p__Planctomycetota;c__Planctomycetia;o__Pirellulales;f__Pirellulaceae;g__Laterigemmans;s__	taxonomic classification defined by topology and ANI	classification based on placement in class-level tree	N/A	74.94	11	0.9188715013676527	N/A
bin.109	d__Bacteria;p__Actinomycetota;c__Actinomycetia;o__Actinomycetales;f__Microbacteriaceae;g__CAJXVY01;s__	N/A	N/A	N/A	N/A	N/A	N/A	N/A	N/A	N/A	N/A	d__Bacteria;p__Actinomycetota;c__Actinomycetia;o__Actinomycetales;f__Microbacteriaceae;g__CAJXVY01;s__	ANI	classification based on placement in class-level tree	"GCA_913060985.1, s__CAJXVY01 sp913060985, 95.0, 78.28, 0.44; GCA_913062975.1, s__CAJXVY01 sp913062975, 95.0, 78.04, 0.32; GCA_913056225.1, s__CAJXVY01 sp913056225, 95.0, 78.01, 0.35; GCA_913062665.1, s__CAJXVY01 sp913062665, 95.0, 77.51, 0.49"	73.57	11	0.976947373	N/A
bin.116	d__Bacteria;p__Pseudomonadota;c__Alphaproteobacteria;o__Rhodobacterales;f__Rhodobacteraceae;g__Roseovarius;s__Roseovarius sp024742835	GCA_024742835.1	95	d__Bacteria;p__Pseudomonadota;c__Alphaproteobacteria;o__Rhodobacterales;f__Rhodobacteraceae;g__Roseovarius;s__Roseovarius sp024742835	99.16	0.91	GCA_024742835.1	95	d__Bacteria;p__Pseudomonadota;c__Alphaproteobacteria;o__Rhodobacterales;f__Rhodobacteraceae;g__Roseovarius;s__Roseovarius sp024742835	99.16	0.91	d__Bacteria;p__Pseudomonadota;c__Alphaproteobacteria;o__Rhodobacterales;f__Rhodobacteraceae;g__Roseovarius;s__	taxonomic classification defined by topology and ANI	topological placement and ANI have congruent species assignments	"GCF_004761875.1, s__Roseovarius aestuariivivens, 95.0, 80.98, 0.66; GCF_001441615.1, s__Roseovarius atlanticus, 95.0, 79.52, 0.55; GCF_009363655.1, s__Roseovarius sp009363655, 95.0, 79.51, 0.56; GCA_024742655.1, s__Roseovarius sp024742655, 95.0, 79.46, 0.46; GCA_021767845.1, s__Roseovarius sp021767845, 95.0, 79.46, 0.42; GCF_002917925.1, s__Roseovarius confluentis, 95.0, 79.37, 0.55; GCF_900142765.1, s__Roseovarius litoreus, 95.0, 79.33, 0.51; GCF_900172255.1, s__Roseovarius halotolerans, 95.0, 79.27, 0.48; GCF_009363715.1, s__Roseovarius sp009363715, 95.0, 79.11, 0.55; GCF_900142665.1, s__Roseovarius pacificus, 95.0, 79.11, 0.49; GCF_900109855.1, s__Roseovarius tolerans, 95.0, 79.11, 0.48; GCF_002072155.1, s__Roseovarius sp002072155, 95.0, 78.94, 0.48; GCF_003260265.1, s__Roseovarius amoyensis, 95.0, 78.92, 0.43; GCA_016278295.1, s__Roseovarius sp016278295, 95.0, 78.8, 0.37; GCA_913055965.1, s__Roseovarius sp913055965, 95.0, 78.79, 0.37; GCA_002720475.1, s__Roseovarius sp002720475, 95.0, 78.74, 0.33; GCF_008728195.1, s__Roseovarius indicus, 95.0, 78.74, 0.5; GCA_014359765.1, s__Roseovarius sp014359765, 95.0, 78.73, 0.39; GCA_002421985.1, s__Roseovarius sp002421985, 95.0, 78.68, 0.4; GCA_002842985.1, s__Roseovarius sp002842985, 95.0, 78.65, 0.46; GCA_002428225.1, s__Roseovarius sp002428225, 95.0, 78.63, 0.37; GCF_018069895.1, s__Roseovarius sp018069895, 95.0, 78.59, 0.43; GCF_003072125.1, s__Roseovarius sediminicola, 95.0, 78.58, 0.42; GCF_002925845.1, s__Roseovarius nitratireducens, 95.0, 78.57, 0.45; GCF_009762325.1, s__Roseovarius faecimaris, 95.0, 78.53, 0.46; GCF_900109455.1, s__Roseovarius azorensis, 95.0, 78.41, 0.45; GCF_011601345.1, s__Roseovarius gahaiensis, 95.0, 78.4, 0.45; GCA_934501475.1, s__Roseovarius sp934501475, 95.0, 78.38, 0.33; GCF_003651245.1, s__Roseovarius spongiae, 95.0, 78.37, 0.42; GCF_000152625.1, s__Roseovarius nubinhibens, 95.0, 78.35, 0.41; GCF_009669325.1, s__Roseovarius bejariae, 95.0, 78.34, 0.44; GCA_023260815.1, s__Roseovarius sp023260815, 95.0, 78.31, 0.3; GCF_000768555.3, s__Roseovarius mucosus, 95.0, 78.24, 0.43; GCF_900172365.1, s__Roseovarius gaetbuli, 95.0, 78.22, 0.46; GCF_003316635.1, s__Roseovarius dicentrarchi, 95.0, 78.21, 0.38; GCA_018066915.1, s__Roseovarius sp018066915, 95.0, 78.17, 0.42; GCF_900115165.1, s__Roseovarius lutimaris, 95.0, 78.15, 0.45; GCF_900142625.1, s__Roseovarius marisflavi, 95.0, 78.15, 0.44; GCA_913054395.1, s__Roseovarius sp913054395, 95.0, 78.14, 0.38; GCA_913057115.1, s__Roseovarius sp913057115, 95.0, 78.14, 0.41; GCF_019599045.1, s__Roseovarius sp019599045, 95.0, 78.12, 0.38; GCF_000152845.1, s__Roseovarius sp000152845, 95.0, 78.11, 0.43; GCA_002166865.1, s__Roseovarius sp002166865, 95.0, 78.0, 0.42; GCF_024355225.1, s__Roseovarius sp024355225, 95.0, 77.99, 0.37; GCF_002080415.1, s__Roseovarius mucosus_A, 95.0, 77.98, 0.41; GCF_900156535.1, s__Roseovarius nanhaiticus, 95.0, 77.97, 0.39; GCA_002783205.1, s__Roseovarius sp002783205, 95.0, 77.92, 0.36; GCF_002834145.1, s__Roseovarius salinarum, 95.0, 77.9, 0.37; GCF_019966515.1, s__Roseovarius aestuarii, 95.0, 77.9, 0.35; GCF_003298505.1, s__Roseovarius sp003298505, 95.0, 77.77, 0.33; GCA_007125415.1, s__Roseovarius sp007125415, 95.0, 77.69, 0.3; GCF_011040495.1, s__Roseovarius aestuariivivens_A, 95.0, 77.47, 0.31; GCF_003122245.1, s__Roseovarius sp003122245, 95.0, 77.46, 0.35; GCF_900172295.1, s__Roseovarius litorisediminis, 95.0, 77.4, 0.3; GCF_006125015.1, s__Roseovarius arcticus, 95.0, 77.31, 0.27; GCA_021775255.1, s__Roseovarius sp021775255, 95.0, 77.3, 0.31; GCA_024636515.1, s__Roseovarius sp024636515, 95.0, 77.15, 0.21; GCF_900172335.1, s__Roseovarius albus, 95.0, 76.97, 0.18; GCA_900313005.1, s__Roseovarius sp900313005, 95.0, 76.91, 0.26; GCA_002366775.1, s__Roseovarius sp002366775, 95.0, 76.66, 0.19; GCF_900327775.1, s__Roseovarius sp900327775, 95.0, 76.58, 0.17"	74.88	11	N/A	N/A
bin.125	d__Bacteria;p__Bacteroidota;c__Rhodothermia;o__Balneolales;f__Balneolaceae;g__SW132;s__	N/A	N/A	N/A	N/A	N/A	N/A	N/A	N/A	N/A	N/A	d__Bacteria;p__Bacteroidota;c__Rhodothermia;o__Balneolales;f__Balneolaceae;g__SW132;s__	ANI	classification based on placement in class-level tree	"GCF_003390325.1, s__SW132 sp003390325, 95.0, 77.08, 0.14; GCA_009909035.1, s__SW132 sp009909035, 95.0, 76.94, 0.13; GCA_007129085.1, s__SW132 sp007129085, 95.0, 76.73, 0.07"	60.28	11	0.9238850878936544	N/A
bin.127	d__Bacteria;p__Bacteroidota;c__Bacteroidia;o__Chitinophagales;f__Saprospiraceae;g__;s__	N/A	N/A	N/A	N/A	N/A	N/A	N/A	N/A	N/A	N/A	d__Bacteria;p__Bacteroidota;c__Bacteroidia;o__Chitinophagales;f__Saprospiraceae;g__;s__	taxonomic classification fully defined by topology	classification based on placement in class-level tree	N/A	52.97	11	0.836998048	N/A
bin.129	d__Bacteria;p__Planctomycetota;c__Phycisphaerae;o__Phycisphaerales;f__SM1A02;g__VGXO01;s__	N/A	N/A	N/A	N/A	N/A	GCA_017859745.1	95	d__Bacteria;p__Planctomycetota;c__Phycisphaerae;o__Phycisphaerales;f__SM1A02;g__VGXO01;s__VGXO01 sp017859745	83.25	0.76	d__Bacteria;p__Planctomycetota;c__Phycisphaerae;o__Phycisphaerales;f__SM1A02;g__VGXO01;s__	taxonomic classification defined by topology and ANI	classification based on placement in class-level tree	"GCA_016873275.1, s__VGXO01 sp016873275, 95.0, 80.13, 0.58"	83.57	11	0.9708001202618795	Genome not assigned to closest species as it falls outside its pre-defined ANI radius
bin.13	d__Bacteria;p__Pseudomonadota;c__Alphaproteobacteria;o__Rhodobacterales;f__Rhodobacteraceae;g__Salibaculum;s__	N/A	N/A	N/A	N/A	N/A	GCF_002094885.1	95	d__Bacteria;p__Pseudomonadota;c__Alphaproteobacteria;o__Rhodobacterales;f__Rhodobacteraceae;g__Salibaculum;s__Salibaculum halophilum	86.39	0.8	d__Bacteria;p__Pseudomonadota;c__Alphaproteobacteria;o__Rhodobacterales;f__Rhodobacteraceae;g__Salibaculum;s__	taxonomic classification defined by topology and ANI	classification based on placement in class-level tree	"GCA_009908505.1, s__Salibaculum sp009908505, 95.0, 83.7, 0.74; GCF_003129565.1, s__Salibaculum griseiflavum, 95.0, 82.92, 0.79; GCA_001314655.1, s__Salibaculum sp001314655, 95.0, 79.91, 0.67"	58.37	11	0.9872525984698299	Genome not assigned to closest species as it falls outside its pre-defined ANI radius
bin.136	d__Bacteria;p__Pseudomonadota;c__Alphaproteobacteria;o__Rhodobacterales;f__Rhodobacteraceae;g__Roseovarius;s__Roseovarius sp024742655	GCA_024742655.1	95	d__Bacteria;p__Pseudomonadota;c__Alphaproteobacteria;o__Rhodobacterales;f__Rhodobacteraceae;g__Roseovarius;s__Roseovarius sp024742655	95.9	0.81	GCA_024742655.1	95	d__Bacteria;p__Pseudomonadota;c__Alphaproteobacteria;o__Rhodobacterales;f__Rhodobacteraceae;g__Roseovarius;s__Roseovarius sp024742655	95.9	0.81	d__Bacteria;p__Pseudomonadota;c__Alphaproteobacteria;o__Rhodobacterales;f__Rhodobacteraceae;g__Roseovarius;s__	taxonomic classification defined by topology and ANI	topological placement and ANI have congruent species assignments	"GCF_009363655.1, s__Roseovarius sp009363655, 95.0, 80.07, 0.53; GCF_001441615.1, s__Roseovarius atlanticus, 95.0, 79.96, 0.53; GCF_002917925.1, s__Roseovarius confluentis, 95.0, 79.95, 0.52; GCA_021767845.1, s__Roseovarius sp021767845, 95.0, 79.91, 0.49; GCF_009363715.1, s__Roseovarius sp009363715, 95.0, 79.63, 0.52; GCA_024742835.1, s__Roseovarius sp024742835, 95.0, 79.54, 0.44; GCF_008728195.1, s__Roseovarius indicus, 95.0, 79.36, 0.52; GCF_900142665.1, s__Roseovarius pacificus, 95.0, 79.32, 0.45; GCF_900142765.1, s__Roseovarius litoreus, 95.0, 79.26, 0.48; GCF_004761875.1, s__Roseovarius aestuariivivens, 95.0, 79.21, 0.47; GCF_009762325.1, s__Roseovarius faecimaris, 95.0, 79.08, 0.48; GCF_900109855.1, s__Roseovarius tolerans, 95.0, 79.08, 0.43; GCF_900172255.1, s__Roseovarius halotolerans, 95.0, 79.07, 0.43; GCA_913055965.1, s__Roseovarius sp913055965, 95.0, 78.99, 0.42; GCF_003260265.1, s__Roseovarius amoyensis, 95.0, 78.97, 0.39; GCF_002925845.1, s__Roseovarius nitratireducens, 95.0, 78.86, 0.39; GCF_009669325.1, s__Roseovarius bejariae, 95.0, 78.81, 0.41; GCA_016278295.1, s__Roseovarius sp016278295, 95.0, 78.8, 0.35; GCA_002720475.1, s__Roseovarius sp002720475, 95.0, 78.73, 0.33; GCF_002072155.1, s__Roseovarius sp002072155, 95.0, 78.72, 0.42; GCA_002166865.1, s__Roseovarius sp002166865, 95.0, 78.69, 0.39; GCA_014359765.1, s__Roseovarius sp014359765, 95.0, 78.64, 0.36; GCF_900109455.1, s__Roseovarius azorensis, 95.0, 78.6, 0.39; GCF_003651245.1, s__Roseovarius spongiae, 95.0, 78.55, 0.39; GCF_000152625.1, s__Roseovarius nubinhibens, 95.0, 78.54, 0.37; GCA_002421985.1, s__Roseovarius sp002421985, 95.0, 78.54, 0.33; GCF_003072125.1, s__Roseovarius sediminicola, 95.0, 78.49, 0.35; GCF_019599045.1, s__Roseovarius sp019599045, 95.0, 78.46, 0.35; GCF_002834145.1, s__Roseovarius salinarum, 95.0, 78.44, 0.38; GCA_913057115.1, s__Roseovarius sp913057115, 95.0, 78.44, 0.39; GCA_002842985.1, s__Roseovarius sp002842985, 95.0, 78.44, 0.38; GCF_018069895.1, s__Roseovarius sp018069895, 95.0, 78.37, 0.37; GCF_011601345.1, s__Roseovarius gahaiensis, 95.0, 78.34, 0.32; GCA_002428225.1, s__Roseovarius sp002428225, 95.0, 78.33, 0.34; GCA_934501475.1, s__Roseovarius sp934501475, 95.0, 78.32, 0.4; GCF_900172365.1, s__Roseovarius gaetbuli, 95.0, 78.24, 0.37; GCF_000768555.3, s__Roseovarius mucosus, 95.0, 78.22, 0.38; GCA_023260815.1, s__Roseovarius sp023260815, 95.0, 78.16, 0.32; GCF_003298505.1, s__Roseovarius sp003298505, 95.0, 78.1, 0.33; GCA_018066915.1, s__Roseovarius sp018066915, 95.0, 78.05, 0.34; GCF_900142625.1, s__Roseovarius marisflavi, 95.0, 78.05, 0.36; GCF_900156535.1, s__Roseovarius nanhaiticus, 95.0, 77.97, 0.32; GCF_000152845.1, s__Roseovarius sp000152845, 95.0, 77.96, 0.32; GCA_002783205.1, s__Roseovarius sp002783205, 95.0, 77.95, 0.31; GCF_900115165.1, s__Roseovarius lutimaris, 95.0, 77.94, 0.34; GCF_019966515.1, s__Roseovarius aestuarii, 95.0, 77.89, 0.35; GCA_913054395.1, s__Roseovarius sp913054395, 95.0, 77.87, 0.33; GCF_003316635.1, s__Roseovarius dicentrarchi, 95.0, 77.79, 0.3; GCF_002080415.1, s__Roseovarius mucosus_A, 95.0, 77.78, 0.32; GCF_024355225.1, s__Roseovarius sp024355225, 95.0, 77.77, 0.3; GCA_007125415.1, s__Roseovarius sp007125415, 95.0, 77.74, 0.31; GCF_900172295.1, s__Roseovarius litorisediminis, 95.0, 77.6, 0.3; GCF_003122245.1, s__Roseovarius sp003122245, 95.0, 77.36, 0.29; GCF_011040495.1, s__Roseovarius aestuariivivens_A, 95.0, 77.33, 0.28; GCF_900172335.1, s__Roseovarius albus, 95.0, 77.29, 0.18; GCA_021775255.1, s__Roseovarius sp021775255, 95.0, 77.22, 0.25; GCA_024636515.1, s__Roseovarius sp024636515, 95.0, 77.19, 0.21; GCF_006125015.1, s__Roseovarius arcticus, 95.0, 77.05, 0.2; GCA_002366775.1, s__Roseovarius sp002366775, 95.0, 76.98, 0.24; GCA_900313005.1, s__Roseovarius sp900313005, 95.0, 76.95, 0.26; GCF_900327775.1, s__Roseovarius sp900327775, 95.0, 76.73, 0.13"	83.42	11	N/A	N/A
bin.140	d__Bacteria;p__Planctomycetota;c__Planctomycetia;o__Pirellulales;f__UBA1268;g__QWPN01;s__	N/A	N/A	N/A	N/A	N/A	GCA_016872955.1	95	d__Bacteria;p__Planctomycetota;c__Planctomycetia;o__Pirellulales;f__UBA1268;g__QWPN01;s__QWPN01 sp016872955	79.45	0.46	d__Bacteria;p__Planctomycetota;c__Planctomycetia;o__Pirellulales;f__UBA1268;g__QWPN01;s__	taxonomic classification defined by topology and ANI	classification based on placement in class-level tree	"GCA_945891385.1, s__QWPN01 sp945891385, 95.0, 79.8, 0.55; GCA_016872925.1, s__QWPN01 sp016872925, 95.0, 79.54, 0.5; GCA_021300535.1, s__QWPN01 sp021300535, 95.0, 79.2, 0.5; GCA_903831155.1, s__QWPN01 sp903831155, 95.0, 79.1, 0.46; GCA_903958265.1, s__QWPN01 sp903958265, 95.0, 78.89, 0.35; GCA_945890755.1, s__QWPN01 sp945890755, 95.0, 78.88, 0.42; GCA_021414115.1, s__QWPN01 sp021414115, 95.0, 78.82, 0.48; GCA_018970605.1, s__QWPN01 sp018970605, 95.0, 78.82, 0.38; GCA_903919035.1, s__QWPN01 sp903919035, 95.0, 78.79, 0.37; GCA_014192425.1, s__QWPN01 sp014192425, 95.0, 78.76, 0.45; GCA_003669255.1, s__QWPN01 sp003669255, 95.0, 78.58, 0.25; GCA_003488325.1, s__QWPN01 sp003488325, 95.0, 78.38, 0.34; GCA_005789975.1, s__QWPN01 sp005789975, 95.0, 78.37, 0.36; GCA_003670825.1, s__QWPN01 sp003670825, 95.0, 78.34, 0.27; GCA_003671185.1, s__QWPN01 sp003671185, 95.0, 78.33, 0.35; GCA_945869735.1, s__QWPN01 sp945869735, 95.0, 78.17, 0.4; GCA_017853835.1, s__QWPN01 sp017853835, 95.0, 78.12, 0.35; GCA_903917235.1, s__QWPN01 sp903917235, 95.0, 77.8, 0.36"	54	11	0.9664556261481414	Genome not assigned to closest species as it falls outside its pre-defined ANI radius
bin.151	d__Bacteria;p__Pseudomonadota;c__Alphaproteobacteria;o__Sphingomonadales;f__Sphingomonadaceae;g__Tsuneonella;s__Tsuneonella sp007065885	GCF_007065885.1	95	d__Bacteria;p__Pseudomonadota;c__Alphaproteobacteria;o__Sphingomonadales;f__Sphingomonadaceae;g__Tsuneonella;s__Tsuneonella sp007065885	97.07	0.9	GCF_007065885.1	95	d__Bacteria;p__Pseudomonadota;c__Alphaproteobacteria;o__Sphingomonadales;f__Sphingomonadaceae;g__Tsuneonella;s__Tsuneonella sp007065885	97.07	0.9	d__Bacteria;p__Pseudomonadota;c__Alphaproteobacteria;o__Sphingomonadales;f__Sphingomonadaceae;g__Tsuneonella;s__	taxonomic classification defined by topology and ANI	topological placement and ANI have congruent species assignments	"GCF_003958625.1, s__Tsuneonella rigui, 95.0, 82.58, 0.77; GCA_023386135.1, s__Tsuneonella sp023386135, 95.0, 82.27, 0.62; GCF_014644315.1, s__Tsuneonella deserti, 95.0, 81.09, 0.68; GCF_001441535.1, s__Tsuneonella troitsensis, 95.0, 80.77, 0.6; GCF_009827495.1, s__Tsuneonella aeria, 95.0, 80.64, 0.62; GCF_003626915.1, s__Tsuneonella amylolytica, 95.0, 80.44, 0.67; GCA_025154015.1, s__Tsuneonella sp025154015, 95.0, 80.32, 0.65; GCF_001698205.1, s__Tsuneonella dongtanensis, 95.0, 80.23, 0.61; GCF_002269345.1, s__Tsuneonella mangrovi, 95.0, 79.46, 0.53; GCF_002870965.1, s__Tsuneonella flava, 95.0, 77.98, 0.37; GCF_003605755.1, s__Tsuneonella suprasediminis, 95.0, 77.78, 0.4"	69.31	11	N/A	N/A
bin.164	d__Bacteria;p__Pseudomonadota;c__Alphaproteobacteria;o__Rhodobacterales;f__Rhodobacteraceae;g__Marivita;s__Marivita cryptomonadis	GCF_002115725.1	95	d__Bacteria;p__Pseudomonadota;c__Alphaproteobacteria;o__Rhodobacterales;f__Rhodobacteraceae;g__Marivita;s__Marivita cryptomonadis	97.98	0.87	GCF_002115725.1	95	d__Bacteria;p__Pseudomonadota;c__Alphaproteobacteria;o__Rhodobacterales;f__Rhodobacteraceae;g__Marivita;s__Marivita cryptomonadis	97.98	0.87	d__Bacteria;p__Pseudomonadota;c__Alphaproteobacteria;o__Rhodobacterales;f__Rhodobacteraceae;g__Marivita;s__	taxonomic classification defined by topology and ANI	topological placement and ANI have congruent species assignments	"GCA_024742575.1, s__Marivita sp024742575, 95.0, 84.68, 0.57; GCA_017643905.1, s__Marivita sp017643905, 95.0, 83.97, 0.65; GCA_022763305.1, s__Marivita sp022763305, 95.0, 83.29, 0.69; GCF_014637725.1, s__Marivita lacus, 95.0, 82.96, 0.69; GCF_002115805.1, s__Marivita geojedonensis, 95.0, 82.12, 0.59; GCA_003149565.1, s__Marivita sp003149565, 95.0, 81.96, 0.57; GCA_020055635.1, s__Marivita sp020055635, 95.0, 81.4, 0.58; GCF_023015985.1, s__Marivita sp023015985, 95.0, 79.66, 0.48; GCA_020055675.1, s__Marivita sp020055675, 95.0, 79.55, 0.44; GCF_900129875.1, s__Marivita hallyeonensis, 95.0, 79.45, 0.44; GCF_023370775.1, s__Marivita sp023370775, 95.0, 78.55, 0.33"	79.94	11	N/A	N/A
bin.166	d__Bacteria;p__Marinisomatota;c__JAANXI01;o__JAANXI01;f__JAANXI01;g__;s__	N/A	N/A	N/A	N/A	N/A	N/A	N/A	N/A	N/A	N/A	d__Bacteria;p__Marinisomatota;c__JAANXI01;o__JAANXI01;f__JAANXI01;g__;s__	taxonomic novelty determined using RED	classification based on placement in class-level tree	N/A	60.2	11	0.7462910772389743	N/A
bin.168	d__Bacteria;p__Pseudomonadota;c__Alphaproteobacteria;o__Rhodospirillales_A;f__Casp-alpha2;g__;s__	N/A	N/A	N/A	N/A	N/A	N/A	N/A	N/A	N/A	N/A	d__Bacteria;p__Pseudomonadota;c__Alphaproteobacteria;o__Rhodospirillales_A;f__Casp-alpha2;g__;s__	taxonomic classification fully defined by topology	classification based on placement in class-level tree	N/A	82.88	11	0.7703329739475829	N/A
bin.173	d__Bacteria;p__Patescibacteria;c__Paceibacteria;o__Moranbacterales;f__UBA2193;g__;s__	N/A	N/A	N/A	N/A	N/A	N/A	N/A	N/A	N/A	N/A	d__Bacteria;p__Patescibacteria;c__Paceibacteria;o__Moranbacterales;f__UBA2193;g__;s__	taxonomic novelty determined using RED	classification based on placement in class-level tree	N/A	68.18	11	0.7855052993855913	N/A
bin.176	d__Bacteria;p__Pseudomonadota;c__Gammaproteobacteria;o__Pseudomonadales;f__Litoricolaceae;g__HIMB30;s__	N/A	N/A	N/A	N/A	N/A	GCA_913057215.1	95	d__Bacteria;p__Pseudomonadota;c__Gammaproteobacteria;o__Pseudomonadales;f__Litoricolaceae;g__HIMB30;s__HIMB30 sp913057215	79.36	0.52	d__Bacteria;p__Pseudomonadota;c__Gammaproteobacteria;o__Pseudomonadales;f__Litoricolaceae;g__HIMB30;s__	taxonomic classification defined by topology and ANI	classification based on placement in class-level tree	"GCA_009886945.1, s__HIMB30 sp002691485, 95.0, 77.38, 0.13; GCA_024640985.1, s__HIMB30 sp024640985, 95.0, 77.33, 0.15; GCA_008087055.1, s__HIMB30 sp008087055, 95.0, 77.24, 0.15; GCA_000227525.2, s__HIMB30 sp000227525, 95.0, 76.56, 0.15; GCA_913061245.1, s__HIMB30 sp913061245, 95.0, 76.4, 0.13; GCA_002705325.1, s__HIMB30 sp002705325, 95.0, 76.14, 0.12"	80.48	11	0.9780290027948718	Genome has more than 10.8% of markers with multiple hits;Genome not assigned to closest species as it falls outside its pre-defined ANI radius
bin.179	d__Bacteria;p__Pseudomonadota;c__Gammaproteobacteria;o__UBA2770;f__;g__;s__	N/A	N/A	N/A	N/A	N/A	N/A	N/A	N/A	N/A	N/A	d__Bacteria;p__Pseudomonadota;c__Gammaproteobacteria;o__UBA2770;f__;g__;s__	taxonomic novelty determined using RED	classification based on placement in class-level tree	N/A	67.51	11	0.5936526307361145	N/A
bin.181	d__Bacteria;p__Cyanobacteriota;c__Cyanobacteriia;o__PCC-6307;f__Cyanobiaceae;g__Synechococcus_C;s__	N/A	N/A	N/A	N/A	N/A	N/A	N/A	N/A	N/A	N/A	d__Bacteria;p__Cyanobacteriota;c__Cyanobacteriia;o__PCC-6307;f__Cyanobiaceae;g__Synechococcus_C;s__	taxonomic classification defined by topology and ANI	classification based on placement in class-level tree	"GCF_014279595.1, s__Synechococcus_C sp000153065, 95.0, 94.41, 0.95; GCF_004209775.1, s__Synechococcus_C sp004209775, 95.0, 93.89, 0.96; GCF_014217855.1, s__Synechococcus_C sp004332415, 95.0, 81.14, 0.67; GCF_000153825.1, s__Synechococcus_C sp000153825, 95.0, 79.35, 0.57; GCA_000063505.1, s__Synechococcus_C sp000063505, 95.0, 79.2, 0.49; GCF_014279795.1, s__Synechococcus_C sp014279795, 95.0, 79.07, 0.46; GCF_014279875.1, s__Synechococcus_C sp002172935, 95.0, 78.95, 0.47; GCF_014279815.1, s__Synechococcus_C sp014279815, 95.0, 78.86, 0.48; GCF_000153285.1, s__Synechococcus_C sp000153285, 95.0, 78.84, 0.42; GCF_014280035.1, s__Synechococcus_C sp002693285, 95.0, 78.61, 0.41; GCF_900474295.1, s__Synechococcus_C sp900474295, 95.0, 78.61, 0.44; GCA_018623675.1, s__Synechococcus_C sp018623675, 95.0, 78.61, 0.45; GCF_900473935.1, s__Synechococcus_C sp002171995, 95.0, 78.58, 0.42; GCF_014304815.1, s__Synechococcus_C sp001632165, 95.0, 78.38, 0.35; GCF_014279995.1, s__Synechococcus_C sp001631935, 95.0, 78.24, 0.37; GCA_011523835.1, s__Synechococcus_C sp011523835, 95.0, 78.04, 0.37; GCF_900473965.1, s__Synechococcus_C sp900473965, 95.0, 78.02, 0.35; GCA_913052185.1, s__Synechococcus_C sp913052185, 95.0, 78.01, 0.4; GCA_003211275.1, s__Synechococcus_C sp003209155, 95.0, 78.0, 0.26; GCA_003211205.1, s__Synechococcus_C sp003211205, 95.0, 77.95, 0.26; GCA_011523155.1, s__Synechococcus_C sp011523155, 95.0, 77.85, 0.4; GCF_014279975.1, s__Synechococcus_C sp014279975, 95.0, 77.81, 0.33; GCF_000014585.1, s__Synechococcus_C sp000014585, 95.0, 77.71, 0.21; GCA_003210775.1, s__Synechococcus_C sp003210775, 95.0, 77.7, 0.24; GCF_014279775.1, s__Synechococcus_C sp002500205, 95.0, 77.69, 0.26; GCF_000230675.1, s__Synechococcus_C sp000230675, 95.0, 77.67, 0.28; GCA_003210755.1, s__Synechococcus_C sp003210755, 95.0, 77.62, 0.12; GCF_001040845.1, s__Synechococcus_C sp001040845, 95.0, 77.52, 0.22; GCA_003210315.1, s__Synechococcus_C sp003210315, 95.0, 77.48, 0.18; GCF_014279835.1, s__Synechococcus_C sp014279835, 95.0, 77.37, 0.26; GCA_002687115.1, s__Synechococcus_C sp002687115, 95.0, 77.25, 0.24; GCA_011525445.1, s__Synechococcus_C sp011525445, 95.0, 76.54, 0.14"	89.97	11	0.9816394328525067	Genome not assigned to closest species as it falls outside its pre-defined ANI radius
bin.184	d__Bacteria;p__Pseudomonadota;c__Gammaproteobacteria;o__Nitrococcales;f__Nitrococcaceae;g__Spiribacter;s__	N/A	N/A	N/A	N/A	N/A	GCA_913056315.1	95	d__Bacteria;p__Pseudomonadota;c__Gammaproteobacteria;o__Nitrococcales;f__Nitrococcaceae;g__Spiribacter;s__Spiribacter sp913056315	77.44	0.26	d__Bacteria;p__Pseudomonadota;c__Gammaproteobacteria;o__Nitrococcales;f__Nitrococcaceae;g__Spiribacter;s__	taxonomic classification defined by topology and ANI	classification based on placement in class-level tree	"GCF_000319575.2, s__Spiribacter salinus, 95.0, 78.15, 0.25; GCA_002813635.1, s__Spiribacter roseus, 95.0, 77.83, 0.29; GCF_004217415.1, s__Spiribacter vilamensis, 95.0, 77.68, 0.24; GCF_000485905.1, s__Spiribacter curvatus, 95.0, 77.61, 0.27; GCA_913056385.1, s__Spiribacter sp913056385, 95.0, 77.49, 0.27; GCA_913061005.1, s__Spiribacter sp913061005, 95.0, 77.46, 0.29; GCF_009676705.1, s__Spiribacter sp009676705, 95.0, 77.45, 0.22; GCA_913056145.1, s__Spiribacter sp913056145, 95.0, 77.35, 0.29; GCA_913057145.1, s__Spiribacter sp913057145, 95.0, 77.34, 0.28; GCF_009649225.1, s__Spiribacter sp009649225, 95.0, 76.97, 0.07"	88.24	11	0.951045681	N/A
bin.187	d__Bacteria;p__Pseudomonadota;c__Gammaproteobacteria;o__Thiohalorhabdales;f__Thiohalorhabdaceae;g__Thiohalorhabdus;s__	N/A	N/A	N/A	N/A	N/A	GCF_001399755.1	95	d__Bacteria;p__Pseudomonadota;c__Gammaproteobacteria;o__Thiohalorhabdales;f__Thiohalorhabdaceae;g__Thiohalorhabdus;s__Thiohalorhabdus denitrificans	80.9	0.54	d__Bacteria;p__Pseudomonadota;c__Gammaproteobacteria;o__Thiohalorhabdales;f__Thiohalorhabdaceae;g__Thiohalorhabdus;s__	taxonomic classification defined by topology and ANI	classification based on placement in class-level tree	N/A	82.74	11	0.9153866011183924	Genome not assigned to closest species as it falls outside its pre-defined ANI radius
bin.191	d__Bacteria;p__Pseudomonadota;c__Gammaproteobacteria;o__Pseudomonadales;f__Litoricolaceae;g__HIMB30;s__HIMB30 sp018402605	GCA_018402605.1	95	d__Bacteria;p__Pseudomonadota;c__Gammaproteobacteria;o__Pseudomonadales;f__Litoricolaceae;g__HIMB30;s__HIMB30 sp018402605	95.56	0.82	GCA_018402605.1	95	d__Bacteria;p__Pseudomonadota;c__Gammaproteobacteria;o__Pseudomonadales;f__Litoricolaceae;g__HIMB30;s__HIMB30 sp018402605	95.56	0.82	d__Bacteria;p__Pseudomonadota;c__Gammaproteobacteria;o__Pseudomonadales;f__Litoricolaceae;g__HIMB30;s__	taxonomic classification defined by topology and ANI	topological placement and ANI have congruent species assignments	"GCA_913057215.1, s__HIMB30 sp913057215, 95.0, 78.12, 0.19; GCA_008087055.1, s__HIMB30 sp008087055, 95.0, 77.71, 0.17; GCA_913061245.1, s__HIMB30 sp913061245, 95.0, 77.68, 0.15; GCA_000227525.2, s__HIMB30 sp000227525, 95.0, 77.56, 0.14; GCA_009886945.1, s__HIMB30 sp002691485, 95.0, 77.53, 0.16; GCA_913062835.1, s__HIMB30 sp913062835, 95.0, 77.47, 0.19; GCA_024640985.1, s__HIMB30 sp024640985, 95.0, 77.34, 0.17; GCA_018401755.1, s__HIMB30 sp018401755, 95.0, 77.32, 0.11; GCA_002705325.1, s__HIMB30 sp002705325, 95.0, 77.26, 0.11; GCA_010024125.1, s__HIMB30 sp010024125, 95.0, 77.12, 0.16; GCA_002705795.1, s__HIMB30 sp002705795, 95.0, 77.0, 0.1"	87.45	11	N/A	N/A
bin.195	d__Bacteria;p__Bacteroidota;c__Rhodothermia;o__Balneolales;f__Balneolaceae;g__;s__	N/A	N/A	N/A	N/A	N/A	N/A	N/A	N/A	N/A	N/A	d__Bacteria;p__Bacteroidota;c__Rhodothermia;o__Balneolales;f__Balneolaceae;g__;s__	taxonomic novelty determined using RED	classification based on placement in class-level tree	N/A	77.89	11	0.9150895125189956	N/A
bin.207	d__Bacteria;p__Verrucomicrobiota;c__Verrucomicrobiae;o__Opitutales;f__Puniceicoccaceae;g__Puniceicoccus;s__	N/A	N/A	N/A	N/A	N/A	GCA_913056175.1	95	d__Bacteria;p__Verrucomicrobiota;c__Verrucomicrobiae;o__Opitutales;f__Puniceicoccaceae;g__Puniceicoccus;s__Puniceicoccus sp913056175	84.61	0.89	d__Bacteria;p__Verrucomicrobiota;c__Verrucomicrobiae;o__Opitutales;f__Puniceicoccaceae;g__Puniceicoccus;s__	taxonomic classification defined by topology and ANI	classification based on placement in class-level tree	"GCF_014230055.1, s__Puniceicoccus vermicola, 95.0, 76.64, 0.03"	75.57	11	0.973773244	Genome not assigned to closest species as it falls outside its pre-defined ANI radius
bin.221	d__Bacteria;p__Pseudomonadota;c__Gammaproteobacteria;o__Burkholderiales;f__Burkholderiaceae;g__Ralstonia;s__Ralstonia sp001078575	GCA_022631215.1	95	d__Bacteria;p__Pseudomonadota;c__Gammaproteobacteria;o__Burkholderiales;f__Burkholderiaceae;g__Ralstonia;s__Ralstonia sp001078575	99.94	0.97	GCA_022631215.1	95	d__Bacteria;p__Pseudomonadota;c__Gammaproteobacteria;o__Burkholderiales;f__Burkholderiaceae;g__Ralstonia;s__Ralstonia sp001078575	99.94	0.97	d__Bacteria;p__Pseudomonadota;c__Gammaproteobacteria;o__Burkholderiales;f__Burkholderiaceae;g__Ralstonia;s__	taxonomic classification defined by topology and ANI	topological placement and ANI have congruent species assignments	"GCF_008801405.1, s__Ralstonia insidiosa, 95.0, 94.2, 0.84; GCF_016429285.1, s__Ralstonia sp016429285, 95.0, 91.64, 0.79; GCF_000801955.1, s__Ralstonia sp000801955, 95.0, 90.37, 0.8; GCF_023955655.1, s__Ralstonia sp023955655, 95.0, 88.06, 0.69; GCA_002298975.1, s__Ralstonia sp002298975, 95.0, 87.62, 0.73; GCF_000620465.1, s__Ralstonia sp000620465, 95.0, 87.27, 0.8; GCF_003851545.1, s__Ralstonia sp003851545, 95.0, 87.26, 0.77; GCF_007997035.1, s__Ralstonia sp007997035, 95.0, 87.23, 0.74; GCF_001699815.1, s__Ralstonia pickettii_B, 95.1269, 87.2, 0.75; GCA_000955795.1, s__Ralstonia sp000955795, 95.0, 87.11, 0.72; GCF_021173085.1, s__Ralstonia sp021173085, 95.0, 87.06, 0.74; GCF_000607165.1, s__Ralstonia pickettii_A, 95.0, 87.06, 0.71; GCF_900115545.1, s__Ralstonia sp900115545, 95.0, 86.99, 0.75; GCF_016466415.2, s__Ralstonia pickettii, 95.1269, 86.91, 0.8; GCF_905397375.1, s__Ralstonia mannitolilytica, 95.0, 86.75, 0.78; GCA_913056305.1, s__Ralstonia sp913056305, 95.0, 86.53, 0.71; GCA_919592095.1, s__Ralstonia syzygii, 95.0, 85.57, 0.77; GCF_024925465.1, s__Ralstonia pseudosolanacearum, 95.0, 85.24, 0.59; GCF_002251695.1, s__Ralstonia solanacearum, 95.0, 85.13, 0.59"	97.24	11	N/A	N/A
bin.225	d__Bacteria;p__Bacteroidota;c__Bacteroidia;o__Chitinophagales;f__Saprospiraceae;g__;s__	N/A	N/A	N/A	N/A	N/A	N/A	N/A	N/A	N/A	N/A	d__Bacteria;p__Bacteroidota;c__Bacteroidia;o__Chitinophagales;f__Saprospiraceae;g__;s__	taxonomic novelty determined using RED	classification based on placement in class-level tree	N/A	94.5	11	0.820411805	N/A
bin.228	d__Bacteria;p__Pseudomonadota;c__Alphaproteobacteria;o__Rhodobacterales;f__Rhodobacteraceae;g__Roseibacterium;s__	N/A	N/A	N/A	N/A	N/A	N/A	N/A	N/A	N/A	N/A	d__Bacteria;p__Pseudomonadota;c__Alphaproteobacteria;o__Rhodobacterales;f__Rhodobacteraceae;g__Roseibacterium;s__	taxonomic novelty determined using RED	classification based on placement in class-level tree	N/A	79.94	11	0.9608859372290163	Genome has more than 10.8% of markers with multiple hits
bin.230	d__Bacteria;p__Pseudomonadota;c__Alphaproteobacteria;o__Rhodobacterales;f__Rhodobacteraceae;g__Roseovarius;s__	N/A	N/A	N/A	N/A	N/A	GCA_007125415.1	95	d__Bacteria;p__Pseudomonadota;c__Alphaproteobacteria;o__Rhodobacterales;f__Rhodobacteraceae;g__Roseovarius;s__Roseovarius sp007125415	78.11	0.29	d__Bacteria;p__Pseudomonadota;c__Alphaproteobacteria;o__Rhodobacterales;f__Rhodobacteraceae;g__Roseovarius;s__	taxonomic classification defined by topology and ANI	classification based on placement in class-level tree	"GCF_009762325.1, s__Roseovarius faecimaris, 95.0, 78.94, 0.4; GCF_900142765.1, s__Roseovarius litoreus, 95.0, 78.46, 0.36; GCF_900172255.1, s__Roseovarius halotolerans, 95.0, 78.46, 0.33; GCF_900109855.1, s__Roseovarius tolerans, 95.0, 78.28, 0.32; GCF_018069895.1, s__Roseovarius sp018069895, 95.0, 78.26, 0.26; GCF_900142665.1, s__Roseovarius pacificus, 95.0, 78.23, 0.33; GCF_003072125.1, s__Roseovarius sediminicola, 95.0, 78.22, 0.31; GCA_021767845.1, s__Roseovarius sp021767845, 95.0, 78.22, 0.29; GCF_900109455.1, s__Roseovarius azorensis, 95.0, 78.17, 0.3; GCA_024742655.1, s__Roseovarius sp024742655, 95.0, 78.16, 0.24; GCF_001441615.1, s__Roseovarius atlanticus, 95.0, 78.16, 0.33; GCF_002072155.1, s__Roseovarius sp002072155, 95.0, 78.13, 0.34; GCA_934501475.1, s__Roseovarius sp934501475, 95.0, 78.12, 0.24; GCF_009363655.1, s__Roseovarius sp009363655, 95.0, 78.07, 0.34; GCF_008728195.1, s__Roseovarius indicus, 95.0, 78.06, 0.34; GCF_009363715.1, s__Roseovarius sp009363715, 95.0, 78.0, 0.32; GCF_002917925.1, s__Roseovarius confluentis, 95.0, 77.98, 0.31; GCA_014359765.1, s__Roseovarius sp014359765, 95.0, 77.97, 0.24; GCF_009669325.1, s__Roseovarius bejariae, 95.0, 77.97, 0.28; GCF_000768555.3, s__Roseovarius mucosus, 95.0, 77.96, 0.29; GCA_002428225.1, s__Roseovarius sp002428225, 95.0, 77.95, 0.22; GCF_019599045.1, s__Roseovarius sp019599045, 95.0, 77.95, 0.27; GCF_900142625.1, s__Roseovarius marisflavi, 95.0, 77.93, 0.3; GCF_000152625.1, s__Roseovarius nubinhibens, 95.0, 77.92, 0.3; GCA_016278295.1, s__Roseovarius sp016278295, 95.0, 77.92, 0.21; GCA_002842985.1, s__Roseovarius sp002842985, 95.0, 77.87, 0.3; GCA_002421985.1, s__Roseovarius sp002421985, 95.0, 77.84, 0.24; GCF_002925845.1, s__Roseovarius nitratireducens, 95.0, 77.82, 0.27; GCF_003651245.1, s__Roseovarius spongiae, 95.0, 77.81, 0.31; GCF_900172365.1, s__Roseovarius gaetbuli, 95.0, 77.8, 0.28; GCA_024742835.1, s__Roseovarius sp024742835, 95.0, 77.8, 0.27; GCF_004761875.1, s__Roseovarius aestuariivivens, 95.0, 77.75, 0.28; GCA_023260815.1, s__Roseovarius sp023260815, 95.0, 77.73, 0.18; GCF_002080415.1, s__Roseovarius mucosus_A, 95.0, 77.71, 0.27; GCF_003260265.1, s__Roseovarius amoyensis, 95.0, 77.69, 0.29; GCA_913057115.1, s__Roseovarius sp913057115, 95.0, 77.65, 0.26; GCF_000152845.1, s__Roseovarius sp000152845, 95.0, 77.64, 0.27; GCF_900156535.1, s__Roseovarius nanhaiticus, 95.0, 77.62, 0.27; GCF_900115165.1, s__Roseovarius lutimaris, 95.0, 77.62, 0.31; GCF_024355225.1, s__Roseovarius sp024355225, 95.0, 77.62, 0.26; GCA_002720475.1, s__Roseovarius sp002720475, 95.0, 77.62, 0.21; GCF_003316635.1, s__Roseovarius dicentrarchi, 95.0, 77.53, 0.24; GCA_018066915.1, s__Roseovarius sp018066915, 95.0, 77.53, 0.28; GCA_900313005.1, s__Roseovarius sp900313005, 95.0, 77.53, 0.25; GCF_011040495.1, s__Roseovarius aestuariivivens_A, 95.0, 77.51, 0.23; GCF_011601345.1, s__Roseovarius gahaiensis, 95.0, 77.51, 0.24; GCA_913054395.1, s__Roseovarius sp913054395, 95.0, 77.5, 0.27; GCA_002783205.1, s__Roseovarius sp002783205, 95.0, 77.49, 0.24; GCA_913055965.1, s__Roseovarius sp913055965, 95.0, 77.38, 0.22; GCF_900172295.1, s__Roseovarius litorisediminis, 95.0, 77.36, 0.23; GCF_003298505.1, s__Roseovarius sp003298505, 95.0, 77.34, 0.24; GCF_019966515.1, s__Roseovarius aestuarii, 95.0, 77.33, 0.26; GCF_003122245.1, s__Roseovarius sp003122245, 95.0, 77.23, 0.23; GCA_002166865.1, s__Roseovarius sp002166865, 95.0, 77.22, 0.24; GCF_002834145.1, s__Roseovarius salinarum, 95.0, 77.21, 0.22; GCA_002366775.1, s__Roseovarius sp002366775, 95.0, 77.11, 0.18; GCA_021775255.1, s__Roseovarius sp021775255, 95.0, 77.01, 0.21; GCA_024636515.1, s__Roseovarius sp024636515, 95.0, 76.91, 0.14; GCF_900327775.1, s__Roseovarius sp900327775, 95.0, 76.84, 0.1; GCF_006125015.1, s__Roseovarius arcticus, 95.0, 76.77, 0.18; GCF_900172335.1, s__Roseovarius albus, 95.0, 76.58, 0.14"	70.41	11	0.9709857748601668	N/A
bin.235	d__Bacteria;p__Verrucomicrobiota;c__Verrucomicrobiae;o__Opitutales;f__Verruco-01;g__Oceanipulchritudo;s__	N/A	N/A	N/A	N/A	N/A	GCF_010500615.1	95	d__Bacteria;p__Verrucomicrobiota;c__Verrucomicrobiae;o__Opitutales;f__Verruco-01;g__Oceanipulchritudo;s__Oceanipulchritudo coccoides	77.02	0.05	d__Bacteria;p__Verrucomicrobiota;c__Verrucomicrobiae;o__Opitutales;f__Verruco-01;g__Oceanipulchritudo;s__	taxonomic classification defined by topology and ANI	classification based on placement in class-level tree	N/A	66.83	11	0.9353306036699065	N/A
bin.240	d__Bacteria;p__Desulfobacterota;c__Desulfobulbia;o__Desulfobulbales;f__BM004;g__;s__	N/A	N/A	N/A	N/A	N/A	N/A	N/A	N/A	N/A	N/A	d__Bacteria;p__Desulfobacterota;c__Desulfobulbia;o__Desulfobulbales;f__BM004;g__;s__	taxonomic novelty determined using RED	classification based on placement in class-level tree	N/A	66.22	11	0.7584954328304413	N/A
bin.246	d__Bacteria;p__Acidobacteriota;c__Thermoanaerobaculia;o__UBA5704;f__UBA5704;g__;s__	N/A	N/A	N/A	N/A	N/A	N/A	N/A	N/A	N/A	N/A	d__Bacteria;p__Acidobacteriota;c__Thermoanaerobaculia;o__UBA5704;f__UBA5704;g__;s__	taxonomic novelty determined using RED	classification based on placement in class-level tree	N/A	57.72	11	0.791071104	N/A
bin.248	d__Bacteria;p__Pseudomonadota;c__Alphaproteobacteria;o__Rhodobacterales;f__Rhodobacteraceae;g__Thalassobacter;s__Thalassobacter stenotrophicus	GCF_001458315.1	95	d__Bacteria;p__Pseudomonadota;c__Alphaproteobacteria;o__Rhodobacterales;f__Rhodobacteraceae;g__Thalassobacter;s__Thalassobacter stenotrophicus	96.51	0.9	GCF_001458315.1	95	d__Bacteria;p__Pseudomonadota;c__Alphaproteobacteria;o__Rhodobacterales;f__Rhodobacteraceae;g__Thalassobacter;s__Thalassobacter stenotrophicus	96.51	0.9	d__Bacteria;p__Pseudomonadota;c__Alphaproteobacteria;o__Rhodobacterales;f__Rhodobacteraceae;g__;s__	taxonomic classification defined by topology and ANI	topological placement and ANI have congruent species assignments	N/A	89.16	11	N/A	N/A
bin.251	d__Bacteria;p__Desulfobacterota;c__Desulfovibrionia;o__Desulfovibrionales;f__Desulfohalobiaceae;g__JAIPDU01;s__	N/A	N/A	N/A	N/A	N/A	GCA_021737525.1	95	d__Bacteria;p__Desulfobacterota;c__Desulfovibrionia;o__Desulfovibrionales;f__Desulfohalobiaceae;g__JAIPDU01;s__JAIPDU01 sp021737525	83.49	0.66	d__Bacteria;p__Desulfobacterota;c__Desulfovibrionia;o__Desulfovibrionales;f__Desulfohalobiaceae;g__JAIPDU01;s__	taxonomic classification defined by topology and ANI	classification based on placement in class-level tree	"GCA_021737085.1, s__JAIPDU01 sp021737085, 95.0, 81.57, 0.48"	65.84	11	0.9577449812378978	Genome not assigned to closest species as it falls outside its pre-defined ANI radius
bin.252	d__Bacteria;p__Pseudomonadota;c__Gammaproteobacteria;o__Nevskiales;f__Salinisphaeraceae;g__Salifodinibacter;s__	N/A	N/A	N/A	N/A	N/A	GCA_002403445.1	95	d__Bacteria;p__Pseudomonadota;c__Gammaproteobacteria;o__Nevskiales;f__Salinisphaeraceae;g__Salifodinibacter;s__Salifodinibacter sp002403445	84.24	0.78	d__Bacteria;p__Pseudomonadota;c__Gammaproteobacteria;o__Nevskiales;f__Salinisphaeraceae;g__Salifodinibacter;s__	taxonomic classification defined by topology and ANI	classification based on placement in class-level tree	"GCA_012999515.1, s__Salifodinibacter halophilus, 95.0, 76.62, 0.07"	41.83	11	0.9852124251025631	Genome not assigned to closest species as it falls outside its pre-defined ANI radius
bin.260	d__Bacteria;p__Pseudomonadota;c__Alphaproteobacteria;o__Caulobacterales;f__Caulobacteraceae;g__Brevundimonas;s__	N/A	N/A	N/A	N/A	N/A	N/A	N/A	N/A	N/A	N/A	d__Bacteria;p__Pseudomonadota;c__Alphaproteobacteria;o__Caulobacterales;f__Caulobacteraceae;g__Brevundimonas;s__	taxonomic classification defined by topology and ANI	classification based on placement in class-level tree	"GCA_016183935.1, s__Brevundimonas sp016183935, 95.0, 87.78, 0.78; GCF_011927945.1, s__Brevundimonas alba, 95.0, 87.54, 0.86; GCF_014202075.1, s__Brevundimonas basaltis, 95.0, 87.12, 0.78; GCA_015234495.1, s__Brevundimonas sp015234495, 95.0, 86.88, 0.84; GCA_018820665.1, s__Brevundimonas sp018820665, 95.0, 86.56, 0.68; GCA_012270135.1, s__Brevundimonas sp012270135, 95.0, 86.5, 0.78; GCA_023433655.1, s__Brevundimonas sp023433655, 95.0, 86.03, 0.75; GCA_023416055.1, s__Brevundimonas sp023416055, 95.0, 85.95, 0.81; GCF_001427825.1, s__Brevundimonas sp001427825, 95.0, 85.35, 0.79; GCA_002483305.1, s__Brevundimonas sp002483305, 95.0, 85.28, 0.74; GCA_004296955.1, s__Brevundimonas sp004296955, 95.0, 85.17, 0.78; GCA_018826515.1, s__Brevundimonas sp018826515, 95.0, 85.09, 0.76; GCA_023434265.1, s__Brevundimonas sp023434265, 95.0, 85.0, 0.76; GCA_013912005.1, s__Brevundimonas sp013912005, 95.0, 84.97, 0.76; GCA_023424215.1, s__Brevundimonas sp023424215, 95.0, 84.85, 0.71; GCF_001425945.1, s__Brevundimonas sp001425945, 95.0, 84.75, 0.84; GCA_001794825.1, s__Brevundimonas sp001794825, 95.0, 84.7, 0.78; GCF_900116065.1, s__Brevundimonas viscosa, 95.0, 84.64, 0.79; GCF_014196335.1, s__Brevundimonas lenta, 95.0, 84.6, 0.84; GCA_023259385.1, s__Brevundimonas sp023259385, 95.0, 83.96, 0.67; GCA_002343425.1, s__Brevundimonas sp002343425, 95.0, 83.93, 0.69; GCA_019746095.1, s__Brevundimonas sp019746095, 95.0, 83.82, 0.7; GCA_024711185.1, s__Brevundimonas sp024711185, 95.0, 83.8, 0.79; GCA_006515835.1, s__Brevundimonas sp006515835, 95.0, 83.79, 0.69; GCA_016742215.1, s__Brevundimonas sp016742215, 95.0, 83.19, 0.66; GCF_006547065.1, s__Brevundimonas sp006547065, 95.0, 82.9, 0.78; GCA_018820275.1, s__Brevundimonas sp018820275, 95.0, 82.31, 0.66; GCF_003627995.1, s__Brevundimonas naejangsanensis_B, 95.0, 82.17, 0.65; GCA_023390245.1, s__Brevundimonas sp023390245, 95.0, 82.11, 0.63; GCF_023503965.1, s__Brevundimonas albigilva, 95.0, 82.06, 0.68; GCA_019636155.1, s__Brevundimonas sp019636155, 95.0, 82.06, 0.62; GCA_002280785.1, s__Brevundimonas subvibrioides_B, 95.0, 81.93, 0.67; GCF_017487405.1, s__Brevundimonas goettingensis, 95.0, 81.92, 0.71; GCA_023451375.1, s__Brevundimonas sp023451375, 95.0, 81.89, 0.6; GCF_003934285.1, s__Brevundimonas fluminis, 95.0, 81.85, 0.66; GCF_002002865.1, s__Brevundimonas sp002002865, 95.0, 81.82, 0.66; GCA_016463295.1, s__Brevundimonas sp016463295, 95.0, 81.81, 0.63; GCA_945874855.1, s__Brevundimonas vancanneytii_A, 95.0, 81.79, 0.68; GCA_943913055.1, s__Brevundimonas sp943913055, 95.0, 81.78, 0.63; GCA_017302335.1, s__Brevundimonas sp017302335, 95.0, 81.77, 0.64; GCA_004210735.1, s__Brevundimonas sp004210735, 95.0, 81.76, 0.64; GCF_017487345.1, s__Brevundimonas pondensis, 95.0, 81.75, 0.66; GCA_022712235.1, s__Brevundimonas sp022712235, 95.0, 81.75, 0.55; GCA_023386645.1, s__Brevundimonas sp023386645, 95.0, 81.74, 0.63; GCA_019748055.1, s__Brevundimonas sp019748055, 95.0, 81.73, 0.64; GCF_004683885.1, s__Brevundimonas sp004683885, 95.0, 81.72, 0.59; GCF_001424025.1, s__Brevundimonas sp001424025, 95.0, 81.69, 0.66; GCA_002479495.1, s__Brevundimonas sp002479495, 95.0, 81.69, 0.66; GCF_000144605.1, s__Brevundimonas subvibrioides, 95.0, 81.65, 0.67; GCA_013912065.1, s__Brevundimonas sp013912065, 95.0, 81.64, 0.63; GCF_011064825.1, s__Brevundimonas mediterranea_A, 95.0657, 81.61, 0.67; GCA_002292165.1, s__Brevundimonas sp002292165, 95.0, 81.59, 0.61; GCF_002157625.1, s__Brevundimonas sp002157625, 95.0, 81.58, 0.62; GCA_943913355.1, s__Brevundimonas sp943913355, 95.0, 81.58, 0.62; GCA_002479325.1, s__Brevundimonas sp002479325, 95.0, 81.5, 0.58; GCA_002434505.1, s__Brevundimonas sp002434505, 95.0, 81.49, 0.65; GCF_002979535.1, s__Brevundimonas sp002979535, 95.0, 81.47, 0.66; GCA_003248455.1, s__Brevundimonas sp003248455, 95.0, 81.43, 0.61; GCA_023456105.1, s__Brevundimonas sp023456105, 95.0, 81.41, 0.58; GCF_014196125.1, s__Brevundimonas mediterranea, 95.0657, 81.39, 0.64; GCA_000318405.1, s__Brevundimonas diminuta_B, 95.0, 81.39, 0.6; GCA_002280475.1, s__Brevundimonas subvibrioides_C, 95.0, 81.38, 0.63; GCA_003248965.1, s__Brevundimonas sp003248965, 95.0, 81.37, 0.63; GCF_004614235.1, s__Brevundimonas intermedia, 95.0, 81.37, 0.64; GCF_001295975.1, s__Brevundimonas sp001295975, 95.0, 81.35, 0.58; GCF_019443405.1, s__Brevundimonas sp019443405, 95.0, 81.3, 0.59; GCF_020524625.1, s__Brevundimonas poindexterae, 95.0, 81.29, 0.63; GCF_000701445.1, s__Brevundimonas bacteroides, 95.0, 81.28, 0.64; GCF_014199955.1, s__Brevundimonas aurantiaca, 95.0, 81.25, 0.64; GCF_017795885.1, s__Brevundimonas sp017795885, 95.0, 81.23, 0.63; GCF_023147505.1, s__Brevundimonas sp002484265, 95.0, 81.13, 0.62; GCF_005484585.1, s__Brevundimonas sp005484585, 95.2477, 81.12, 0.62; GCA_018820205.1, s__Brevundimonas sp018820205, 95.0, 81.12, 0.6; GCF_902506205.1, s__Brevundimonas sp902506205, 95.0, 81.09, 0.65; GCF_014218725.1, s__Brevundimonas huaxiensis, 95.2477, 81.08, 0.63; GCA_000335735.1, s__Brevundimonas sp000335735, 95.0, 81.08, 0.61; GCF_014204545.1, s__Brevundimonas vesicularis_B, 95.0, 81.04, 0.62; GCF_022654015.1, s__Brevundimonas diminuta_C, 95.107, 81.03, 0.63; GCF_017744255.1, s__Brevundimonas sp017744255, 95.0, 81.03, 0.62; GCF_016429195.1, s__Brevundimonas sp016429195, 95.0, 81.03, 0.59; GCF_017086445.1, s__Brevundimonas vesicularis_A, 95.0, 80.99, 0.64; GCF_001592205.1, s__Brevundimonas vesicularis, 95.0, 80.93, 0.61; GCA_016463485.1, s__Brevundimonas sp016463485, 95.0, 80.93, 0.57; GCA_019748095.1, s__Brevundimonas sp019748095, 95.0, 80.92, 0.6; GCF_016654005.1, s__Brevundimonas nasdae, 95.0, 80.86, 0.61; GCA_016742135.1, s__Brevundimonas sp016742135, 95.0, 80.83, 0.58; GCF_003704105.1, s__Brevundimonas lutea, 95.0, 80.83, 0.59; GCA_001796045.1, s__Brevundimonas sp001796045, 95.0, 80.8, 0.54; GCF_000466985.1, s__Brevundimonas abyssalis, 95.0, 80.7, 0.56; GCA_013823285.1, s__Brevundimonas sp013823285, 95.0, 80.68, 0.54; GCA_018826885.1, s__Brevundimonas sp018826885, 95.0, 80.58, 0.56; GCA_019747095.1, s__Brevundimonas sp019747095, 95.0, 80.53, 0.51; GCA_018608325.1, s__Brevundimonas sp018608325, 95.0, 80.47, 0.58; GCF_016656965.1, s__Brevundimonas vitisensis, 95.0, 80.46, 0.58; GCA_020253595.1, s__Brevundimonas sp020253595, 95.0, 80.35, 0.51; GCA_023409795.1, s__Brevundimonas sp023409795, 95.0, 80.25, 0.55; GCF_014199945.1, s__Brevundimonas variabilis, 95.0, 80.1, 0.55; GCA_003241825.1, s__Brevundimonas sp003241825, 95.0, 79.76, 0.48; GCA_002483865.1, s__Brevundimonas sp002483865, 95.0, 79.23, 0.45; GCA_013693835.1, s__Brevundimonas sp002426005, 95.0, 79.11, 0.45"	95.43	11	0.9828973526222183	Genome not assigned to closest species as it falls outside its pre-defined ANI radius
bin.263	d__Bacteria;p__Pseudomonadota;c__Gammaproteobacteria;o__Xanthomonadales;f__Wenzhouxiangellaceae;g__Wenzhouxiangella;s__	N/A	N/A	N/A	N/A	N/A	GCA_913057255.1	95	d__Bacteria;p__Pseudomonadota;c__Gammaproteobacteria;o__Xanthomonadales;f__Wenzhouxiangellaceae;g__Wenzhouxiangella;s__Wenzhouxiangella sp913057255	83.17	0.78	d__Bacteria;p__Pseudomonadota;c__Gammaproteobacteria;o__Xanthomonadales;f__Wenzhouxiangellaceae;g__Wenzhouxiangella;s__	taxonomic classification defined by topology and ANI	classification based on placement in class-level tree	"GCA_018400355.1, s__Wenzhouxiangella sp018400355, 95.0, 78.36, 0.32; GCA_023258355.1, s__Wenzhouxiangella sp023258355, 95.0, 76.54, 0.12; GCA_913057195.1, s__Wenzhouxiangella sp913057195, 95.0, 76.44, 0.19"	65.58	11	0.991552524	Genome not assigned to closest species as it falls outside its pre-defined ANI radius
bin.264	d__Bacteria;p__Bacteroidota;c__Bacteroidia;o__Flavobacteriales;f__Flavobacteriaceae;g__UBA3478;s__	N/A	N/A	N/A	N/A	N/A	N/A	N/A	N/A	N/A	N/A	d__Bacteria;p__Bacteroidota;c__Bacteroidia;o__Flavobacteriales;f__Flavobacteriaceae;g__UBA3478;s__	ANI	classification based on placement in class-level tree	"GCA_003045935.1, s__UBA3478 sp003045935, 95.0, 78.38, 0.25; GCA_018623195.1, s__UBA3478 sp018623195, 95.0, 78.33, 0.24; GCA_024638165.1, s__UBA3478 sp024638165, 95.0, 78.3, 0.25; GCA_002381155.1, s__UBA3478 sp002381155, 95.0, 78.1, 0.25; GCA_018623655.1, s__UBA3478 sp018623655, 95.0, 77.78, 0.21; GCA_018402205.1, s__UBA3478 sp018402205, 95.0, 77.1, 0.11; GCA_913060705.1, s__UBA3478 sp913060705, 95.0, 77.04, 0.11; GCA_023262185.1, s__UBA3478 sp023262185, 95.0, 76.57, 0.1"	92.1	11	0.9706862600465396	N/A
bin.266	d__Bacteria;p__Actinomycetota;c__Actinomycetia;o__Actinomycetales;f__Microbacteriaceae;g__Pontimonas;s__	N/A	N/A	N/A	N/A	N/A	GCA_018402295.1	95	d__Bacteria;p__Actinomycetota;c__Actinomycetia;o__Actinomycetales;f__Microbacteriaceae;g__Pontimonas;s__Pontimonas sp018402295	86.77	0.57	d__Bacteria;p__Actinomycetota;c__Actinomycetia;o__Actinomycetales;f__Microbacteriaceae;g__Pontimonas;s__	taxonomic classification defined by topology and ANI	classification based on placement in class-level tree	"GCA_021741925.1, s__Pontimonas sp021741925, 95.0, 80.09, 0.41; GCA_018666065.1, s__Pontimonas sp018666065, 95.0, 79.43, 0.42; GCA_023263045.1, s__Pontimonas sp023263045, 95.0, 79.16, 0.2"	45.98	11	0.9941982681718692	Genome not assigned to closest species as it falls outside its pre-defined ANI radius
bin.269	d__Bacteria;p__Actinomycetota;c__Acidimicrobiia;o__Acidimicrobiales;f__Ilumatobacteraceae;g__Sva-07;s__	N/A	N/A	N/A	N/A	N/A	GCA_024643255.1	95	d__Bacteria;p__Actinomycetota;c__Acidimicrobiia;o__Acidimicrobiales;f__Ilumatobacteraceae;g__Sva-07;s__Sva-07 sp024643255	80.5	0.56	d__Bacteria;p__Actinomycetota;c__Acidimicrobiia;o__Acidimicrobiales;f__Ilumatobacteraceae;g__Sva-07;s__	taxonomic classification defined by topology and ANI	classification based on placement in class-level tree	"GCA_015767405.1, s__Sva-07 sp015767405, 95.0, 77.58, 0.26; GCA_019090765.1, s__Sva-07 sp019090765, 95.0, 77.38, 0.19"	85.48	11	0.9383013285672949	Genome not assigned to closest species as it falls outside its pre-defined ANI radius
bin.277	d__Bacteria;p__Pseudomonadota;c__Zetaproteobacteria;o__Mariprofundales;f__Mariprofundaceae;g__Mariprofundus;s__	N/A	N/A	N/A	N/A	N/A	GCA_021545665.1	95	d__Bacteria;p__Pseudomonadota;c__Zetaproteobacteria;o__Mariprofundales;f__Mariprofundaceae;g__Mariprofundus;s__Mariprofundus sp021545665	76.84	0.15	d__Bacteria;p__Pseudomonadota;c__Zetaproteobacteria;o__Mariprofundales;f__Mariprofundaceae;g__Mariprofundus;s__	taxonomic classification defined by topology and ANI	classification based on placement in class-level tree	"GCF_002795825.1, s__Mariprofundus ferrinatatus, 95.0, 77.28, 0.22; GCF_000153765.1, s__Mariprofundus ferrooxydans, 95.0, 77.15, 0.16; GCA_001871925.1, s__Mariprofundus sp001871925, 95.0, 77.1, 0.18; GCF_013387475.1, s__Mariprofundus sp013387475, 95.0, 77.07, 0.18; GCF_005818865.1, s__Mariprofundus erugo, 95.0, 76.92, 0.14; GCF_013387455.1, s__Mariprofundus sp013387455, 95.0, 76.9, 0.15; GCF_002795805.1, s__Mariprofundus aestuarium, 95.0, 76.88, 0.17; GCA_913056285.1, s__Mariprofundus sp913056285, 95.0, 76.78, 0.14; GCA_015485035.1, s__Mariprofundus sp015485035, 95.0, 76.76, 0.18; GCA_002791575.1, s__Mariprofundus sp002791575, 95.0, 76.74, 0.17; GCF_001895085.1, s__Mariprofundus micogutta, 95.0, 76.7, 0.12; GCA_021772835.1, s__Mariprofundus sp021772835, 95.0, 76.5, 0.09"	95.45	11	0.8863589228229889	N/A
bin.284	d__Bacteria;p__Actinomycetota;c__Actinomycetia;o__Actinomycetales;f__Microbacteriaceae;g__Pontimonas;s__	N/A	N/A	N/A	N/A	N/A	GCF_002950575.1	95	d__Bacteria;p__Actinomycetota;c__Actinomycetia;o__Actinomycetales;f__Microbacteriaceae;g__Pontimonas;s__Pontimonas salivibrio	79.72	0.28	d__Bacteria;p__Actinomycetota;c__Actinomycetia;o__Actinomycetales;f__Microbacteriaceae;g__Pontimonas;s__	taxonomic classification defined by topology and ANI	classification based on placement in class-level tree	"GCA_913063365.1, s__Pontimonas sp913063365, 95.0, 77.19, 0.15; GCA_002172585.1, s__Pontimonas sp002172585, 95.0, 76.72, 0.17"	83.59	11	0.9797617977873199	N/A
bin.285	d__Bacteria;p__Cyanobacteriota;c__Cyanobacteriia;o__Cyanobacteriales;f__Coleofasciculaceae;g__;s__	N/A	N/A	N/A	N/A	N/A	N/A	N/A	N/A	N/A	N/A	d__Bacteria;p__Cyanobacteriota;c__Cyanobacteriia;o__Cyanobacteriales;f__Coleofasciculaceae;g__;s__	taxonomic classification fully defined by topology	classification based on placement in class-level tree	N/A	50.21	11	0.8429086928711035	N/A
bin.292	d__Bacteria;p__Desulfobacterota;c__Desulfovibrionia;o__Desulfovibrionales;f__Desulfohalobiaceae;g__Desulfovermiculus;s__	N/A	N/A	N/A	N/A	N/A	GCF_000620765.1	95	d__Bacteria;p__Desulfobacterota;c__Desulfovibrionia;o__Desulfovibrionales;f__Desulfohalobiaceae;g__Desulfovermiculus;s__Desulfovermiculus halophilus	78.88	0.4	d__Bacteria;p__Desulfobacterota;c__Desulfovibrionia;o__Desulfovibrionales;f__Desulfohalobiaceae;g__Desulfovermiculus;s__	taxonomic classification defined by topology and ANI	classification based on placement in class-level tree	N/A	59.84	11	0.8868906428069021	N/A
bin.293	d__Bacteria;p__Pseudomonadota;c__Gammaproteobacteria;o__Nitrococcales;f__Aquisalimonadaceae;g__;s__	N/A	N/A	N/A	N/A	N/A	N/A	N/A	N/A	N/A	N/A	d__Bacteria;p__Pseudomonadota;c__Gammaproteobacteria;o__Nitrococcales;f__Aquisalimonadaceae;g__;s__	taxonomic novelty determined using RED	classification based on placement in class-level tree	N/A	71.62	11	0.8691373261035978	N/A
bin.321	d__Bacteria;p__Actinomycetota;c__Actinomycetia;o__Nitriliruptorales;f__Nitriliruptoraceae;g__CSBr16-57R1;s__	N/A	N/A	N/A	N/A	N/A	GCA_913060655.1	95	d__Bacteria;p__Actinomycetota;c__Actinomycetia;o__Nitriliruptorales;f__Nitriliruptoraceae;g__CSBr16-57R1;s__CSBr16-57R1 sp913060655	88.44	0.83	d__Bacteria;p__Actinomycetota;c__Actinomycetia;o__Nitriliruptorales;f__Nitriliruptoraceae;g__CSBr16-57R1;s__	taxonomic classification defined by topology and ANI	classification based on placement in class-level tree	"GCA_018401275.1, s__CSBr16-57R1 sp018401275, 95.0, 82.32, 0.7; GCA_007116505.1, s__CSBr16-57R1 sp007116505, 95.0, 81.95, 0.72; GCA_017852335.1, s__CSBr16-57R1 sp017852335, 95.0, 80.24, 0.6"	68.92	11	0.979173791	Genome not assigned to closest species as it falls outside its pre-defined ANI radius
bin.326	d__Bacteria;p__Actinomycetota;c__Actinomycetia;o__Actinomycetales;f__Microbacteriaceae;g__Pontimonas;s__	N/A	N/A	N/A	N/A	N/A	GCF_002950575.1	95	d__Bacteria;p__Actinomycetota;c__Actinomycetia;o__Actinomycetales;f__Microbacteriaceae;g__Pontimonas;s__Pontimonas salivibrio	81.25	0.73	d__Bacteria;p__Actinomycetota;c__Actinomycetia;o__Actinomycetales;f__Microbacteriaceae;g__Pontimonas;s__	taxonomic classification defined by topology and ANI	classification based on placement in class-level tree	"GCA_002172585.1, s__Pontimonas sp002172585, 95.0, 78.41, 0.23; GCA_913063365.1, s__Pontimonas sp913063365, 95.0, 78.08, 0.17"	63.81	11	0.9910199208692286	Genome not assigned to closest species as it falls outside its pre-defined ANI radius
bin.33	d__Bacteria;p__Pseudomonadota;c__Alphaproteobacteria;o__Rhodobacterales;f__Rhodobacteraceae;g__Alexandriicola;s__	N/A	N/A	N/A	N/A	N/A	GCF_004000435.1	95	d__Bacteria;p__Pseudomonadota;c__Alphaproteobacteria;o__Rhodobacterales;f__Rhodobacteraceae;g__Alexandriicola;s__Alexandriicola marinus	87.38	0.81	d__Bacteria;p__Pseudomonadota;c__Alphaproteobacteria;o__Rhodobacterales;f__Rhodobacteraceae;g__Alexandriicola;s__	taxonomic classification defined by topology and ANI	classification based on placement in class-level tree	N/A	68.8	11	0.9927142204450446	Genome not assigned to closest species as it falls outside its pre-defined ANI radius
bin.333	d__Bacteria;p__Actinomycetota;c__Actinomycetia;o__Actinomycetales;f__Microbacteriaceae;g__Pontimonas;s__	N/A	N/A	N/A	N/A	N/A	GCF_002950575.1	95	d__Bacteria;p__Actinomycetota;c__Actinomycetia;o__Actinomycetales;f__Microbacteriaceae;g__Pontimonas;s__Pontimonas salivibrio	78.14	0.38	d__Bacteria;p__Actinomycetota;c__Actinomycetia;o__Actinomycetales;f__Microbacteriaceae;g__Pontimonas;s__	taxonomic classification defined by topology and ANI	classification based on placement in class-level tree	"GCA_913063365.1, s__Pontimonas sp913063365, 95.0, 78.59, 0.27; GCA_018402295.1, s__Pontimonas sp018402295, 95.0, 78.08, 0.19; GCA_018666065.1, s__Pontimonas sp018666065, 95.0, 77.56, 0.15; GCA_002172585.1, s__Pontimonas sp002172585, 95.0, 77.54, 0.33"	87.31	11	0.974967711	N/A
bin.340	d__Bacteria;p__Pseudomonadota;c__Gammaproteobacteria;o__Pseudomonadales;f__Litoricolaceae;g__HIMB30;s__	N/A	N/A	N/A	N/A	N/A	GCA_913057215.1	95	d__Bacteria;p__Pseudomonadota;c__Gammaproteobacteria;o__Pseudomonadales;f__Litoricolaceae;g__HIMB30;s__HIMB30 sp913057215	83.08	0.81	d__Bacteria;p__Pseudomonadota;c__Gammaproteobacteria;o__Pseudomonadales;f__Litoricolaceae;g__HIMB30;s__	taxonomic classification defined by topology and ANI	classification based on placement in class-level tree	"GCA_000227525.2, s__HIMB30 sp000227525, 95.0, 77.24, 0.15; GCA_008087055.1, s__HIMB30 sp008087055, 95.0, 77.03, 0.15; GCA_024640985.1, s__HIMB30 sp024640985, 95.0, 76.84, 0.14; GCA_009886945.1, s__HIMB30 sp002691485, 95.0, 76.62, 0.14"	65.22	11	0.9842574802435897	Genome not assigned to closest species as it falls outside its pre-defined ANI radius
bin.341	d__Bacteria;p__Actinomycetota;c__Actinomycetia;o__Actinomycetales;f__Microbacteriaceae;g__Pontimonas;s__Pontimonas sp002172585	GCA_002172585.1	95	d__Bacteria;p__Actinomycetota;c__Actinomycetia;o__Actinomycetales;f__Microbacteriaceae;g__Pontimonas;s__Pontimonas sp002172585	97.38	0.72	GCA_002172585.1	95	d__Bacteria;p__Actinomycetota;c__Actinomycetia;o__Actinomycetales;f__Microbacteriaceae;g__Pontimonas;s__Pontimonas sp002172585	97.38	0.72	d__Bacteria;p__Actinomycetota;c__Actinomycetia;o__Actinomycetales;f__Microbacteriaceae;g__Pontimonas;s__	taxonomic classification defined by topology and ANI	topological placement and ANI have congruent species assignments	"GCA_913063365.1, s__Pontimonas sp913063365, 95.0, 79.74, 0.5; GCF_002950575.1, s__Pontimonas salivibrio, 95.0, 77.47, 0.3"	61.77	11	N/A	N/A
bin.348	d__Bacteria;p__Pseudomonadota;c__Zetaproteobacteria;o__Mariprofundales;f__Mariprofundaceae;g__Mariprofundus;s__	N/A	N/A	N/A	N/A	N/A	GCF_013387475.1	95	d__Bacteria;p__Pseudomonadota;c__Zetaproteobacteria;o__Mariprofundales;f__Mariprofundaceae;g__Mariprofundus;s__Mariprofundus sp013387475	88.68	0.83	d__Bacteria;p__Pseudomonadota;c__Zetaproteobacteria;o__Mariprofundales;f__Mariprofundaceae;g__Mariprofundus;s__	taxonomic classification defined by topology and ANI	classification based on placement in class-level tree	"GCF_013387455.1, s__Mariprofundus sp013387455, 95.0, 85.76, 0.8; GCF_002795805.1, s__Mariprofundus aestuarium, 95.0, 80.0, 0.53; GCA_001871925.1, s__Mariprofundus sp001871925, 95.0, 78.46, 0.38; GCF_002795825.1, s__Mariprofundus ferrinatatus, 95.0, 78.44, 0.4; GCA_021772835.1, s__Mariprofundus sp021772835, 95.0, 77.71, 0.32; GCF_001895085.1, s__Mariprofundus micogutta, 95.0, 77.5, 0.32; GCA_002791575.1, s__Mariprofundus sp002791575, 95.0, 77.03, 0.26; GCF_000153765.1, s__Mariprofundus ferrooxydans, 95.0, 76.97, 0.21; GCF_005818865.1, s__Mariprofundus erugo, 95.0, 76.79, 0.21; GCA_021772775.1, s__Mariprofundus sp021772775, 95.0, 76.69, 0.15; GCF_003665155.1, s__Mariprofundus sp003665155, 95.0, 76.66, 0.16; GCA_015485035.1, s__Mariprofundus sp015485035, 95.0, 76.65, 0.12; GCA_913056285.1, s__Mariprofundus sp913056285, 95.0, 76.56, 0.13; GCA_021545665.1, s__Mariprofundus sp021545665, 95.0, 76.28, 0.11"	53.68	11	0.9894693120150198	Genome not assigned to closest species as it falls outside its pre-defined ANI radius
bin.352	d__Bacteria;p__Pseudomonadota;c__Gammaproteobacteria;o__Pseudomonadales;f__Halieaceae;g__Luminiphilus;s__	N/A	N/A	N/A	N/A	N/A	GCA_913057135.1	95	d__Bacteria;p__Pseudomonadota;c__Gammaproteobacteria;o__Pseudomonadales;f__Halieaceae;g__Luminiphilus;s__Luminiphilus sp913057135	81.04	0.64	d__Bacteria;p__Pseudomonadota;c__Gammaproteobacteria;o__Pseudomonadales;f__Halieaceae;g__Luminiphilus;s__	taxonomic classification defined by topology and ANI	classification based on placement in class-level tree	N/A	81.97	11	0.9825519	Genome not assigned to closest species as it falls outside its pre-defined ANI radius
bin.36	d__Bacteria;p__Actinomycetota;c__Actinomycetia;o__Actinomycetales;f__Microbacteriaceae;g__CAJXVY01;s__	N/A	N/A	N/A	N/A	N/A	N/A	N/A	N/A	N/A	N/A	d__Bacteria;p__Actinomycetota;c__Actinomycetia;o__Actinomycetales;f__Microbacteriaceae;g__CAJXVY01;s__	ANI	classification based on placement in class-level tree	"GCA_913056225.1, s__CAJXVY01 sp913056225, 95.0, 78.88, 0.36; GCA_913062975.1, s__CAJXVY01 sp913062975, 95.0, 78.66, 0.38; GCA_913060985.1, s__CAJXVY01 sp913060985, 95.0, 78.51, 0.32"	61.05	11	0.9766010593978098	N/A
bin.37	d__Bacteria;p__Pseudomonadota;c__Alphaproteobacteria;o__Rhodobacterales;f__Rhodobacteraceae;g__Roseibacterium;s__	N/A	N/A	N/A	N/A	N/A	GCA_001314805.1	95	d__Bacteria;p__Pseudomonadota;c__Alphaproteobacteria;o__Rhodobacterales;f__Rhodobacteraceae;g__Roseibacterium;s__Roseibacterium sp001314805	90.27	0.84	d__Bacteria;p__Pseudomonadota;c__Alphaproteobacteria;o__Rhodobacterales;f__Rhodobacteraceae;g__Roseibacterium;s__	taxonomic classification defined by topology and ANI	classification based on placement in class-level tree	"GCF_019800885.1, s__Roseibacterium sp019800885, 95.0, 80.21, 0.57; GCF_000590925.1, s__Roseibacterium elongatum, 95.0, 79.48, 0.54"	49.99	11	0.991723062	Genome not assigned to closest species as it falls outside its pre-defined ANI radius
bin.4	d__Bacteria;p__Pseudomonadota;c__Alphaproteobacteria;o__Rhizobiales;f__Devosiaceae;g__Devosia;s__	N/A	N/A	N/A	N/A	N/A	GCF_003056345.1	95	d__Bacteria;p__Pseudomonadota;c__Alphaproteobacteria;o__Rhizobiales;f__Devosiaceae;g__Devosia;s__Devosia submarina	82.02	0.54	d__Bacteria;p__Pseudomonadota;c__Alphaproteobacteria;o__Rhizobiales;f__Devosiaceae;g__Devosia;s__	taxonomic classification defined by topology and ANI	classification based on placement in class-level tree	"GCF_003056355.1, s__Devosia naphthalenivorans, 95.0, 81.65, 0.54; GCF_001426345.1, s__Devosia sp001426345, 95.0, 80.57, 0.46; GCA_018828145.1, s__Devosia sp018828145, 95.0, 80.53, 0.48; GCA_014860165.1, s__Devosia sp014860165, 95.0, 80.43, 0.44; GCF_001427605.1, s__Devosia sp001427605, 95.0, 80.35, 0.45; GCF_007859655.1, s__Devosia ginsengisoli, 95.0, 80.34, 0.44; GCF_005222805.1, s__Devosia sp005222805, 95.0, 80.28, 0.45; GCF_020169335.1, s__Devosia sp020169335, 95.0, 80.21, 0.45; GCF_022429625.1, s__Devosia sp022429625, 95.0, 80.19, 0.47; GCF_900110945.1, s__Devosia sp900110945, 95.0, 80.17, 0.46; GCA_024707105.1, s__Devosia ginsengisoli_A, 95.0, 80.16, 0.45; GCF_021729885.1, s__Devosia sp021729885, 95.0, 80.09, 0.45; GCF_016698645.1, s__Devosia oryziradicis, 95.0, 79.98, 0.5; GCA_900470445.1, s__Devosia sp900470445, 95.0, 79.96, 0.44; GCF_014926585.1, s__Devosia beringensis, 95.0, 79.93, 0.46; GCF_000735585.1, s__Devosia sp000735585, 95.0, 79.8, 0.43; GCF_000971275.1, s__Devosia psychrophila, 95.0, 79.75, 0.43; GCF_004005995.1, s__Devosia sp004005995, 95.0, 79.43, 0.38; GCF_900128975.1, s__Devosia limi, 95.0, 79.39, 0.39; GCF_000971295.1, s__Devosia epidermidihirudinis, 95.0, 79.32, 0.38; GCF_018334155.1, s__Devosia sp018334155, 95.0, 79.29, 0.41; GCA_934553185.1, s__Devosia sp934553185, 95.0, 79.24, 0.47; GCF_011058215.1, s__Devosia aurantiaca, 95.0, 79.24, 0.4; GCF_001650025.1, s__Devosia elaeis, 95.0, 79.22, 0.38; GCF_019504385.1, s__Devosia salina, 95.0, 79.2, 0.4; GCF_016698665.1, s__Devosia rhizoryzae, 95.0, 79.1, 0.4; GCF_016411825.1, s__Devosia sediminis, 95.0, 79.05, 0.36; GCF_900631955.1, s__Devosia equisanguinis, 95.0, 79.05, 0.36; GCA_023433775.1, s__Devosia sp023433775, 95.0, 79.0, 0.39; GCA_018820005.1, s__Devosia sp018820005, 95.0, 78.99, 0.39; GCA_023391095.1, s__Devosia sp023391095, 95.0, 78.99, 0.38; GCA_023431205.1, s__Devosia sp023431205, 95.0, 78.97, 0.41; GCA_023388175.1, s__Devosia sp023388175, 95.0, 78.96, 0.35; GCF_000743575.1, s__Devosia riboflavina, 95.0, 78.92, 0.36; GCF_024273195.1, s__Devosia sp024273195, 95.0, 78.88, 0.38; GCF_900177655.1, s__Devosia lucknowensis, 95.0, 78.79, 0.35; GCF_015158295.1, s__Devosia faecipullorum, 95.0, 78.77, 0.35; GCF_000969445.1, s__Devosia chinhatensis, 95.0, 78.77, 0.38; GCF_014837245.1, s__Devosia sp014837245, 95.0, 78.75, 0.35; GCF_900116545.1, s__Devosia crocina, 95.0, 78.74, 0.32; GCF_001427875.1, s__Devosia sp001427875, 95.0, 78.72, 0.33; GCA_017744655.1, s__Devosia sp017744655, 95.0, 78.72, 0.35; GCA_015234425.1, s__Devosia sp015234425, 95.0, 78.69, 0.34; GCA_024707125.1, s__Devosia sp024707125, 95.0, 78.67, 0.34; GCF_001425445.1, s__Devosia sp001425445, 95.0, 78.6, 0.34; GCF_003056405.1, s__Devosia indica, 95.0, 78.57, 0.35; GCA_017307565.1, s__Devosia sp017307565, 95.0, 78.55, 0.29; GCF_014197055.1, s__Devosia subaequoris, 95.0, 78.53, 0.34; GCF_000970455.1, s__Devosia soli, 95.0, 78.51, 0.36; GCF_009758415.1, s__Devosia marina, 95.0, 78.45, 0.34; GCA_023436745.1, s__Devosia sp023436745, 95.0, 78.39, 0.37; GCA_012799265.1, s__Devosia sp012799265, 95.0, 78.32, 0.36; GCA_025050575.1, s__Devosia symbiotica, 95.0, 78.26, 0.39; GCA_913055165.1, s__Devosia sp913055165, 95.0, 78.24, 0.32; GCF_000969415.1, s__Devosia geojensis, 95.0, 78.23, 0.3; GCA_913775215.1, s__Devosia sp913775215, 95.0, 78.17, 0.33; GCA_023437755.1, s__Devosia sp023437755, 95.0, 78.0, 0.37; GCA_023387585.1, s__Devosia sp023387585, 95.0, 77.91, 0.3; GCF_014127105.1, s__Devosia sp014127105, 95.0, 77.45, 0.2; GCF_014652635.1, s__Devosia pacifica, 95.0, 77.17, 0.19"	93.21	11	0.9887724168975628	Genome not assigned to closest species as it falls outside its pre-defined ANI radius
bin.43	d__Bacteria;p__Bacteroidota;c__Bacteroidia;o__Flavobacteriales;f__Flavobacteriaceae;g__MAG-120531;s__MAG-120531 sp022239325	GCA_022239325.1	95	d__Bacteria;p__Bacteroidota;c__Bacteroidia;o__Flavobacteriales;f__Flavobacteriaceae;g__MAG-120531;s__MAG-120531 sp022239325	99.38	0.98	GCA_022239325.1	95	d__Bacteria;p__Bacteroidota;c__Bacteroidia;o__Flavobacteriales;f__Flavobacteriaceae;g__MAG-120531;s__MAG-120531 sp022239325	99.38	0.98	d__Bacteria;p__Bacteroidota;c__Bacteroidia;o__Flavobacteriales;f__Flavobacteriaceae;g__MAG-120531;s__	taxonomic classification defined by topology and ANI	topological placement and ANI have congruent species assignments	"GCA_018500065.1, s__MAG-120531 sp018500065, 95.0, 81.82, 0.67; GCA_000173115.1, s__MAG-120531 sp000173115, 95.0, 78.58, 0.38; GCA_905182295.1, s__MAG-120531 sp905182295, 95.0, 78.5, 0.33; GCA_018401115.1, s__MAG-120531 sp018401115, 95.0, 78.4, 0.43; GCA_024643325.1, s__MAG-120531 sp024643325, 95.0, 78.28, 0.37; GCA_013373635.1, s__MAG-120531 sp013373635, 95.0, 76.75, 0.1"	94.22	11	N/A	N/A
bin.47	d__Bacteria;p__Pseudomonadota;c__Gammaproteobacteria;o__Pseudomonadales;f__Halieaceae;g__Luminiphilus;s__	N/A	N/A	N/A	N/A	N/A	GCA_913057135.1	95	d__Bacteria;p__Pseudomonadota;c__Gammaproteobacteria;o__Pseudomonadales;f__Halieaceae;g__Luminiphilus;s__Luminiphilus sp913057135	79.73	0.56	d__Bacteria;p__Pseudomonadota;c__Gammaproteobacteria;o__Pseudomonadales;f__Halieaceae;g__Luminiphilus;s__	taxonomic classification defined by topology and ANI	classification based on placement in class-level tree	"GCA_012270045.1, s__Luminiphilus sp012270045, 95.0, 76.4, 0.06; GCF_000158175.1, s__Luminiphilus syltensis, 95.0, 76.27, 0.05"	85.62	11	0.981434622	Genome not assigned to closest species as it falls outside its pre-defined ANI radius;Genome has more than 10.0% of markers with multiple hits
bin.48	d__Bacteria;p__Cyanobacteriota;c__Cyanobacteriia;o__Cyanobacteriales;f__Coleofasciculaceae;g__Coleofasciculus;s__	N/A	N/A	N/A	N/A	N/A	GCF_000155555.1	95	d__Bacteria;p__Cyanobacteriota;c__Cyanobacteriia;o__Cyanobacteriales;f__Coleofasciculaceae;g__Coleofasciculus;s__Coleofasciculus chthonoplastes	92.49	0.91	d__Bacteria;p__Cyanobacteriota;c__Cyanobacteriia;o__Cyanobacteriales;f__Coleofasciculaceae;g__Coleofasciculus;s__	taxonomic classification defined by topology and ANI	classification based on placement in class-level tree	N/A	84.41	11	0.9884334398686673	Genome not assigned to closest species as it falls outside its pre-defined ANI radius
bin.5	d__Bacteria;p__Bacteroidota;c__Rhodothermia;o__Rhodothermales;f__Salinibacteraceae;g__Tc-Br11-B2g6-7;s__	N/A	N/A	N/A	N/A	N/A	GCA_009908945.1	95	d__Bacteria;p__Bacteroidota;c__Rhodothermia;o__Rhodothermales;f__Salinibacteraceae;g__Tc-Br11-B2g6-7;s__Tc-Br11-B2g6-7 sp009908945	84.18	0.73	d__Bacteria;p__Bacteroidota;c__Rhodothermia;o__Rhodothermales;f__Salinibacteraceae;g__Tc-Br11-B2g6-7;s__	taxonomic classification defined by topology and ANI	classification based on placement in class-level tree	"GCA_001564055.1, s__Tc-Br11-B2g6-7 sp001564055, 95.0, 83.24, 0.71; GCA_007124945.1, s__Tc-Br11-B2g6-7 sp007124945, 95.0, 77.67, 0.2"	85.06	11	0.9821428269852885	Genome not assigned to closest species as it falls outside its pre-defined ANI radius
bin.51	d__Bacteria;p__Pseudomonadota;c__Gammaproteobacteria;o__Halothiobacillales;f__Halothiobacillaceae;g__;s__	N/A	N/A	N/A	N/A	N/A	N/A	N/A	N/A	N/A	N/A	d__Bacteria;p__Pseudomonadota;c__Gammaproteobacteria;o__Halothiobacillales;f__Halothiobacillaceae;g__;s__	taxonomic novelty determined using RED	classification based on placement in class-level tree	N/A	91.82	11	0.835158024	N/A
bin.52	d__Bacteria;p__Bacteroidota;c__Bacteroidia;o__Bacteroidales;f__JAGXLC01;g__JAGXLC01;s__	N/A	N/A	N/A	N/A	N/A	N/A	N/A	N/A	N/A	N/A	d__Bacteria;p__Bacteroidota;c__Bacteroidia;o__Bacteroidales;f__JAGXLC01;g__JAGXLC01;s__	ANI	classification based on placement in class-level tree	"GCA_018334875.1, s__JAGXLC01 sp018334875, 95.0, 79.14, 0.45; GCA_021740225.1, s__JAGXLC01 sp021740225, 95.0, 78.46, 0.36; GCA_913055635.1, s__JAGXLC01 sp913055635, 95.0, 76.24, 0.08; GCA_913055895.1, s__JAGXLC01 sp913055895, 95.0, 76.12, 0.08; GCA_018334675.1, s__JAGXLC01 sp018334675, 95.0, 76.11, 0.09"	84.77	11	0.9449987032438799	N/A
bin.6	d__Bacteria;p__Bacteroidota;c__Bacteroidia;o__Bacteroidales;f__JAGXLC01;g__;s__	N/A	N/A	N/A	N/A	N/A	N/A	N/A	N/A	N/A	N/A	d__Bacteria;p__Bacteroidota;c__Bacteroidia;o__Bacteroidales;f__JAGXLC01;g__;s__	taxonomic novelty determined using RED	classification based on placement in class-level tree	N/A	54.04	11	0.860690183	N/A
bin.79	d__Bacteria;p__Pseudomonadota;c__Alphaproteobacteria;o__Rhizobiales;f__Rhizobiaceae;g__Salaquimonas;s__	N/A	N/A	N/A	N/A	N/A	GCA_024639745.1	95	d__Bacteria;p__Pseudomonadota;c__Alphaproteobacteria;o__Rhizobiales;f__Rhizobiaceae;g__Salaquimonas;s__Salaquimonas sp024639745	76.23	0.08	d__Bacteria;p__Pseudomonadota;c__Alphaproteobacteria;o__Rhizobiales;f__Rhizobiaceae;g__Salaquimonas;s__	taxonomic classification defined by topology and ANI	classification based on placement in class-level tree	"GCA_023954255.1, s__Salaquimonas sp023954255, 95.0, 78.13, 0.38; GCA_020441665.1, s__Salaquimonas sp020441665, 95.0, 77.99, 0.32; GCF_001953055.1, s__Salaquimonas pukyongi, 95.0, 77.8, 0.28; GCA_020637805.1, s__Salaquimonas sp020637805, 95.0, 77.73, 0.25; GCA_020441735.1, s__Salaquimonas sp020441735, 95.0, 77.33, 0.22"	68.14	11	0.9449133247750684	N/A
bin.85	d__Bacteria;p__Pseudomonadota;c__Alphaproteobacteria;o__Rhodobacterales;f__Rhodobacteraceae;g__JANSXY01;s__	N/A	N/A	N/A	N/A	N/A	GCA_024742695.1	95	d__Bacteria;p__Pseudomonadota;c__Alphaproteobacteria;o__Rhodobacterales;f__Rhodobacteraceae;g__JANSXY01;s__JANSXY01 sp024742695	90.79	0.85	d__Bacteria;p__Pseudomonadota;c__Alphaproteobacteria;o__Rhodobacterales;f__Rhodobacteraceae;g__JANSXY01;s__	taxonomic classification defined by topology and ANI	classification based on placement in class-level tree	N/A	64.45	11	0.9857575994467908	Genome not assigned to closest species as it falls outside its pre-defined ANI radius
bin.96	d__Bacteria;p__Actinomycetota;c__Actinomycetia;o__Actinomycetales;f__Microbacteriaceae;g__CAJXVY01;s__	N/A	N/A	N/A	N/A	N/A	N/A	N/A	N/A	N/A	N/A	d__Bacteria;p__Actinomycetota;c__Actinomycetia;o__Actinomycetales;f__Microbacteriaceae;g__CAJXVY01;s__	ANI	classification based on placement in class-level tree	"GCA_913056225.1, s__CAJXVY01 sp913056225, 95.0, 78.9, 0.4; GCA_913062975.1, s__CAJXVY01 sp913062975, 95.0, 78.75, 0.4; GCA_913060985.1, s__CAJXVY01 sp913060985, 95.0, 78.34, 0.45; GCA_913062665.1, s__CAJXVY01 sp913062665, 95.0, 78.0, 0.41"	73.8	11	0.9739818724592758	N/A