Genome	240111_N1_DNA_S12_L002_map_sorted_megahit_coassembly Relative Abundance (%)	240111_N1_DNA_S12_L002_map_sorted_megahit_coassembly RPKM	240111_N1_DNA_S12_L002_map_sorted_megahit_coassembly Read Count	240111_N1_DNA_S1_L001_map_sorted_megahit_coassembly Relative Abundance (%)	240111_N1_DNA_S1_L001_map_sorted_megahit_coassembly RPKM	240111_N1_DNA_S1_L001_map_sorted_megahit_coassembly Read Count	240111_N2_VIROME_S26_L001_map_sorted_megahit_coassembly Relative Abundance (%)	240111_N2_VIROME_S26_L001_map_sorted_megahit_coassembly RPKM	240111_N2_VIROME_S26_L001_map_sorted_megahit_coassembly Read Count	240111_N2_VIROME_S37_L002_map_sorted_megahit_coassembly Relative Abundance (%)	240111_N2_VIROME_S37_L002_map_sorted_megahit_coassembly RPKM	240111_N2_VIROME_S37_L002_map_sorted_megahit_coassembly Read Count	240111_N3A_sed_DNA_S24_L001_map_sorted_megahit_coassembly Relative Abundance (%)	240111_N3A_sed_DNA_S24_L001_map_sorted_megahit_coassembly RPKM	240111_N3A_sed_DNA_S24_L001_map_sorted_megahit_coassembly Read Count	240111_N3A_sed_DNA_S35_L002_map_sorted_megahit_coassembly Relative Abundance (%)	240111_N3A_sed_DNA_S35_L002_map_sorted_megahit_coassembly RPKM	240111_N3A_sed_DNA_S35_L002_map_sorted_megahit_coassembly Read Count	240111_N3B_DNA_S4_L001_map_sorted_megahit_coassembly Relative Abundance (%)	240111_N3B_DNA_S4_L001_map_sorted_megahit_coassembly RPKM	240111_N3B_DNA_S4_L001_map_sorted_megahit_coassembly Read Count	240111_N3B_VIROME_S28_L001_map_sorted_megahit_coassembly Relative Abundance (%)	240111_N3B_VIROME_S28_L001_map_sorted_megahit_coassembly RPKM	240111_N3B_VIROME_S28_L001_map_sorted_megahit_coassembly Read Count	240111_N3_DNA_S14_L002_map_sorted_megahit_coassembly Relative Abundance (%)	240111_N3_DNA_S14_L002_map_sorted_megahit_coassembly RPKM	240111_N3_DNA_S14_L002_map_sorted_megahit_coassembly Read Count	240111_N3_DNA_S3_L001_map_sorted_megahit_coassembly Relative Abundance (%)	240111_N3_DNA_S3_L001_map_sorted_megahit_coassembly RPKM	240111_N3_DNA_S3_L001_map_sorted_megahit_coassembly Read Count	240113_N4_DNA_S6_L001_map_sorted_megahit_coassembly Relative Abundance (%)	240113_N4_DNA_S6_L001_map_sorted_megahit_coassembly RPKM	240113_N4_DNA_S6_L001_map_sorted_megahit_coassembly Read Count	240113_N4_VIROME_S29_L001_map_sorted_megahit_coassembly Relative Abundance (%)	240113_N4_VIROME_S29_L001_map_sorted_megahit_coassembly RPKM	240113_N4_VIROME_S29_L001_map_sorted_megahit_coassembly Read Count	240113_N5_DNA_S7_L001_map_sorted_megahit_coassembly Relative Abundance (%)	240113_N5_DNA_S7_L001_map_sorted_megahit_coassembly RPKM	240113_N5_DNA_S7_L001_map_sorted_megahit_coassembly Read Count	240113_N5_VIROME_S30_L001_map_sorted_megahit_coassembly Relative Abundance (%)	240113_N5_VIROME_S30_L001_map_sorted_megahit_coassembly RPKM	240113_N5_VIROME_S30_L001_map_sorted_megahit_coassembly Read Count	240114_N7A_VIROME_S31_L001_map_sorted_megahit_coassembly Relative Abundance (%)	240114_N7A_VIROME_S31_L001_map_sorted_megahit_coassembly RPKM	240114_N7A_VIROME_S31_L001_map_sorted_megahit_coassembly Read Count	240114_N7A_VIROME_S43_L002_map_sorted_megahit_coassembly Relative Abundance (%)	240114_N7A_VIROME_S43_L002_map_sorted_megahit_coassembly RPKM	240114_N7A_VIROME_S43_L002_map_sorted_megahit_coassembly Read Count	240114_N7B_DNA_S20_L002_map_sorted_megahit_coassembly Relative Abundance (%)	240114_N7B_DNA_S20_L002_map_sorted_megahit_coassembly RPKM	240114_N7B_DNA_S20_L002_map_sorted_megahit_coassembly Read Count	240114_N7B_DNA_S9_L001_map_sorted_megahit_coassembly Relative Abundance (%)	240114_N7B_DNA_S9_L001_map_sorted_megahit_coassembly RPKM	240114_N7B_DNA_S9_L001_map_sorted_megahit_coassembly Read Count	240114_N7B_VIROME_S32_L001_map_sorted_megahit_coassembly Relative Abundance (%)	240114_N7B_VIROME_S32_L001_map_sorted_megahit_coassembly RPKM	240114_N7B_VIROME_S32_L001_map_sorted_megahit_coassembly Read Count	240114_N9_DNA_S11_L001_map_sorted_megahit_coassembly Relative Abundance (%)	240114_N9_DNA_S11_L001_map_sorted_megahit_coassembly RPKM	240114_N9_DNA_S11_L001_map_sorted_megahit_coassembly Read Count	240114_N9_DNA_S22_L002_map_sorted_megahit_coassembly Relative Abundance (%)	240114_N9_DNA_S22_L002_map_sorted_megahit_coassembly RPKM	240114_N9_DNA_S22_L002_map_sorted_megahit_coassembly Read Count	240114_N9_mat_DNA_S21_L001_map_sorted_megahit_coassembly Relative Abundance (%)	240114_N9_mat_DNA_S21_L001_map_sorted_megahit_coassembly RPKM	240114_N9_mat_DNA_S21_L001_map_sorted_megahit_coassembly Read Count	240114_N9_VIROME_S34_L001_map_sorted_megahit_coassembly Relative Abundance (%)	240114_N9_VIROME_S34_L001_map_sorted_megahit_coassembly RPKM	240114_N9_VIROME_S34_L001_map_sorted_megahit_coassembly Read Count	240115_N10_DNA_S12_L001_map_sorted_megahit_coassembly Relative Abundance (%)	240115_N10_DNA_S12_L001_map_sorted_megahit_coassembly RPKM	240115_N10_DNA_S12_L001_map_sorted_megahit_coassembly Read Count	240115_N10_DNA_S23_L002_map_sorted_megahit_coassembly Relative Abundance (%)	240115_N10_DNA_S23_L002_map_sorted_megahit_coassembly RPKM	240115_N10_DNA_S23_L002_map_sorted_megahit_coassembly Read Count	240115_N10_VIROME_S35_L001_map_sorted_megahit_coassembly Relative Abundance (%)	240115_N10_VIROME_S35_L001_map_sorted_megahit_coassembly RPKM	240115_N10_VIROME_S35_L001_map_sorted_megahit_coassembly Read Count	240115_N11_mat_DNA_S22_L001_map_sorted_megahit_coassembly Relative Abundance (%)	240115_N11_mat_DNA_S22_L001_map_sorted_megahit_coassembly RPKM	240115_N11_mat_DNA_S22_L001_map_sorted_megahit_coassembly Read Count	240115_N9_mat_DNA_S23_L001_map_sorted_megahit_coassembly Relative Abundance (%)	240115_N9_mat_DNA_S23_L001_map_sorted_megahit_coassembly RPKM	240115_N9_mat_DNA_S23_L001_map_sorted_megahit_coassembly Read Count	240116_N11_DNA_S13_L001_map_sorted_megahit_coassembly Relative Abundance (%)	240116_N11_DNA_S13_L001_map_sorted_megahit_coassembly RPKM	240116_N11_DNA_S13_L001_map_sorted_megahit_coassembly Read Count	240116_N11_VIROME_S36_L001_map_sorted_megahit_coassembly Relative Abundance (%)	240116_N11_VIROME_S36_L001_map_sorted_megahit_coassembly RPKM	240116_N11_VIROME_S36_L001_map_sorted_megahit_coassembly Read Count	240116_N12_DNA_S14_L001_map_sorted_megahit_coassembly Relative Abundance (%)	240116_N12_DNA_S14_L001_map_sorted_megahit_coassembly RPKM	240116_N12_DNA_S14_L001_map_sorted_megahit_coassembly Read Count	240116_N12_VIROME_S37_L001_map_sorted_megahit_coassembly Relative Abundance (%)	240116_N12_VIROME_S37_L001_map_sorted_megahit_coassembly RPKM	240116_N12_VIROME_S37_L001_map_sorted_megahit_coassembly Read Count	240116_N13_DNA_S15_L001_map_sorted_megahit_coassembly Relative Abundance (%)	240116_N13_DNA_S15_L001_map_sorted_megahit_coassembly RPKM	240116_N13_DNA_S15_L001_map_sorted_megahit_coassembly Read Count	240116_N13_VIROME_S38_L001_map_sorted_megahit_coassembly Relative Abundance (%)	240116_N13_VIROME_S38_L001_map_sorted_megahit_coassembly RPKM	240116_N13_VIROME_S38_L001_map_sorted_megahit_coassembly Read Count	240117_GW01_DNA_S18_L001_map_sorted_megahit_coassembly Relative Abundance (%)	240117_GW01_DNA_S18_L001_map_sorted_megahit_coassembly RPKM	240117_GW01_DNA_S18_L001_map_sorted_megahit_coassembly Read Count	240117_GW01_VIROME_S41_L001_map_sorted_megahit_coassembly Relative Abundance (%)	240117_GW01_VIROME_S41_L001_map_sorted_megahit_coassembly RPKM	240117_GW01_VIROME_S41_L001_map_sorted_megahit_coassembly Read Count	240117_N14_VIROME_S39_L001_map_sorted_megahit_coassembly Relative Abundance (%)	240117_N14_VIROME_S39_L001_map_sorted_megahit_coassembly RPKM	240117_N14_VIROME_S39_L001_map_sorted_megahit_coassembly Read Count	240117_N14_VIROME_S51_L002_map_sorted_megahit_coassembly Relative Abundance (%)	240117_N14_VIROME_S51_L002_map_sorted_megahit_coassembly RPKM	240117_N14_VIROME_S51_L002_map_sorted_megahit_coassembly Read Count	240117_N15_DNA_S17_L001_map_sorted_megahit_coassembly Relative Abundance (%)	240117_N15_DNA_S17_L001_map_sorted_megahit_coassembly RPKM	240117_N15_DNA_S17_L001_map_sorted_megahit_coassembly Read Count	240117_N15_DNA_S28_L002_map_sorted_megahit_coassembly Relative Abundance (%)	240117_N15_DNA_S28_L002_map_sorted_megahit_coassembly RPKM	240117_N15_DNA_S28_L002_map_sorted_megahit_coassembly Read Count	240117_N15_VIROME_S52_L002_map_sorted_megahit_coassembly Relative Abundance (%)	240117_N15_VIROME_S52_L002_map_sorted_megahit_coassembly RPKM	240117_N15_VIROME_S52_L002_map_sorted_megahit_coassembly Read Count	240119_GW02_VIROME_S42_L001_map_sorted_megahit_coassembly Relative Abundance (%)	240119_GW02_VIROME_S42_L001_map_sorted_megahit_coassembly RPKM	240119_GW02_VIROME_S42_L001_map_sorted_megahit_coassembly Read Count	240119_GW02_VIROME_S54_L002_map_sorted_megahit_coassembly Relative Abundance (%)	240119_GW02_VIROME_S54_L002_map_sorted_megahit_coassembly RPKM	240119_GW02_VIROME_S54_L002_map_sorted_megahit_coassembly Read Count	240119_GW03_DNA_S20_L001_map_sorted_megahit_coassembly Relative Abundance (%)	240119_GW03_DNA_S20_L001_map_sorted_megahit_coassembly RPKM	240119_GW03_DNA_S20_L001_map_sorted_megahit_coassembly Read Count	240120_N3C_DNA_S5_L001_map_sorted_megahit_coassembly Relative Abundance (%)	240120_N3C_DNA_S5_L001_map_sorted_megahit_coassembly RPKM	240120_N3C_DNA_S5_L001_map_sorted_megahit_coassembly Read Count	240120_N3C_VIROME_1_S38_L002_map_sorted_megahit_coassembly Relative Abundance (%)	240120_N3C_VIROME_1_S38_L002_map_sorted_megahit_coassembly RPKM	240120_N3C_VIROME_1_S38_L002_map_sorted_megahit_coassembly Read Count	240120_N3C_VIROME_S27_L001_map_sorted_megahit_coassembly Relative Abundance (%)	240120_N3C_VIROME_S27_L001_map_sorted_megahit_coassembly RPKM	240120_N3C_VIROME_S27_L001_map_sorted_megahit_coassembly Read Count
unmapped	99.3338	NA	NA	99.359634	NA	NA	17.26684	NA	NA	17.735851	NA	NA	89.2029	NA	NA	89.10082	NA	NA	15.319419	NA	NA	30.614645	NA	NA	93.166176	NA	NA	93.23075	NA	NA	96.26333	NA	NA	24.193716	NA	NA	98.7621	NA	NA	23.332804	NA	NA	21.211624	NA	NA	21.399456	NA	NA	98.98945	NA	NA	98.99544	NA	NA	100	NA	NA	97.361946	NA	NA	97.123795	NA	NA	93.15626	NA	NA	31.717222	NA	NA	97.28134	NA	NA	97.24354	NA	NA	23.823107	NA	NA	94.71622	NA	NA	93.63708	NA	NA	58.72487	NA	NA	94.091	NA	NA	82.33848	NA	NA	78.37025	NA	NA	74.80162	NA	NA	99.21099	NA	NA	83.30523	NA	NA	45.398487	NA	NA	96.05904	NA	NA	95.92084	NA	NA	99.53241	NA	NA	99.52124	NA	NA	NaN	NA	NA	25.554514	NA	NA	26.089275	NA	NA	87.09008	NA	NA	100	NA	NA	15.889377	NA	NA	14.8	NA	NA
bin.168	0.00043185792	1.3025023	1265	0.00039654606	1.3256463	1193	0.012177333	0.12146114	15174	0.013481383	0.14008762	12620	0.0207255	2.8899405	40994	0.02235689	3.0441465	86317	0.00092950655	0.011520994	137	0.012774767	0.12671511	13929	0.012097685	2.5644972	29199	0.0112234205	2.387922	22091	0.0008644293	0.5998411	37717	0.008799284	0.10261102	12688	0.00285344	3.7980826	71788	0.006396985	0.08160017	11906	0.005220162	0.052128214	4986	0.005611302	0.057286214	11240	0.00014677932	0.57996404	1141	0.00012002106	0.4763403	634	NaN	0	0	0.09923536	14.714926	59771	0.105020806	14.3657875	43114	0.022110904	2.893934	145870	0.009322856	0.13402374	16781	0.0054026004	1.4462143	5914	0.00633893	1.584769	5330	0.00920799	0.096865155	11724	0.035210665	5.304497	120615	0.033753183	4.314618	50132	0.0024757418	0.10804146	9207	0.0015741749	0.40337804	4638	0.008140164	0.59255487	20211	0.016757984	0.9653393	42927	0.004255626	0.34597617	18524	0.0017524753	4.201002	5679	1.9390657	37.635983	992728	0.006997954	0.16077144	14682	0.060766466	10.674596	64384	0.06863964	11.378736	48165	0.0006072454	2.0137746	1356	0.00062909786	2.1599305	1520	NaN	0	0	0.016317314	0.19073862	20797	0.018239956	0.21563557	21908	0.06417264	7.042078	143641	NaN	0	0	0.004049509	0.038810395	4288	0.0029799028	0.026650624	7198
bin.266	0.00025442496	0.89492846	155	0.00024152668	0.9159531	147	0.0019222945	0.01781954	397	0.0021394156	0.019545138	314	0.0037212227	0.8870746	2244	0.0045802235	1.0485222	5302	0	0	0	0.5510067	1.4763035	28940	0.0031915174	0.7993214	1623	0.0029712683	0.7601004	1254	0.00014632187	0.16498311	1850	0.009786975	0.035327017	779	0.0008467615	1.3566957	4573	0.031234138	0.08212935	2137	0.046907615	0.11109602	1895	0.04476345	0.107601285	3765	0.00010716227	0.4588915	161	0.00008638447	0.36232245	86	NaN	0	0	0.01992378	3.7314904	2703	0.020835059	3.5033302	1875	0.002225548	0.53632545	4821	0.007959309	0.039769083	888	0.00366797	1.2752725	930	0.004328174	1.4238536	854	0.007973738	0.03970464	857	0.0035907559	0.9361335	3796	0.0027518736	0.6495926	1346	0.0019484735	0.051786397	787	0.0013004987	0.11412113	234	0.48546928	10.441391	63511	1.6562072	28.506744	226063	2.3210907	44.743046	427214	0.30011034	104.93875	25298	0.005629948	0.61991084	2916	0.05481883	0.3287538	5354	0.016719256	3.465916	3728	0.017457305	3.3171527	2504	0.00048002094	1.8737099	225	0.00053656544	1.9920713	250	NaN	0	0	0.0074965036	0.048240244	938	0.006890904	0.050391484	913	0.010206971	1.241495	4516	NaN	0	0	0.017849024	0.040754687	803	0.008646204	0.020284245	977
bin.4	0.0004557405	1.5245212	1728	0.00041501317	1.4576868	1531	0.00610527	0.048278086	7039	0.006611222	0.054804403	5762	0.008157793	1.5642993	25897	0.008913875	1.652824	54696	0.0006610135	0.005620381	78	0.004804203	0.046145774	5920	0.004520323	1.2876904	17111	0.0042472295	1.1970257	12924	0.00037298075	0.35349852	25941	0.0067163976	0.057972293	8366	0.0011936222	1.9086095	42102	0.004851584	0.03994511	6802	0.003119802	0.025441384	2840	0.0034560235	0.028241547	6467	0.00015904111	0.6437121	1478	0.00012991771	0.540122	839	NaN	0	0	0.02951365	5.2789	25025	0.032640226	5.3751926	18827	0.0039376346	0.8093923	47614	0.0059670964	0.07311384	10684	0.0046961773	1.3456231	6422	0.0052946676	1.4526727	5702	0.0060369307	0.054688	7725	0.00700363	1.5127059	40143	0.0054738694	1.1349266	15390	0.0010184777	0.059152476	5883	0.0017057024	0.40234318	5399	0.0022444117	0.22664459	9022	0.0049526882	0.3543312	18389	0.0018884412	0.1813029	11329	0.0011791121	2.897304	4571	0.02015063	1.4381167	44271	5.813032	25.78491	2748148	0.017675905	3.2155535	22635	0.019991696	3.3744254	16670	0.000653088	2.5945988	2039	0.0007674834	2.8941905	2377	NaN	0	0	0.021642502	0.13801101	17562	0.02395882	0.15670706	18581	0.035974883	3.1932228	76016	NaN	0	0	0.002477761	0.017519081	2259	0.0016243326	0.01227111	3868
bin.151	0.0007159971	1.8202026	1009	0.0006946658	1.6586983	852	0.009619183	0.082868956	5909	0.010342818	0.0922626	4744	0.017092057	2.2968295	18596	0.01824176	2.4147067	39080	0.0034011684	0.014291628	97	0.015339044	0.10976885	6887	0.0068279332	1.7354295	11278	0.006354189	1.6101505	8502	0.0018179066	0.8805784	31603	0.014794941	0.12103222	8542	0.0018310472	2.5954413	28000	0.011298036	0.082878284	6902	0.006599861	0.04432784	2420	0.007013297	0.046192013	5173	0.00017016723	0.6785956	762	0.00015869718	0.6397422	486	NaN	0	0	0.048919477	8.220691	19059	0.053601492	8.236016	14108	0.0076339683	1.3248965	38117	0.010310042	0.13574414	9701	0.015160157	2.1949081	5123	0.016568922	2.2905293	4397	0.015843404	0.11810528	8159	0.014763061	2.6563652	34475	0.012087471	1.9996051	13261	0.0018039729	0.082423106	4009	0.002621856	0.60981655	4002	0.0037442837	0.35052612	6824	0.011851055	0.6742821	17114	0.0047592153	0.31584162	9652	0.0018675268	3.9490633	3047	0.05656641	2.9985662	45144	4.0521026	17.789394	927250	0.07248138	8.55256	29443	0.07898585	8.913078	21534	0.0008034941	2.7970502	1075	0.00075241283	2.7311368	1097	NaN	0	0	0.046800558	0.29876384	18593	0.052153066	0.33353177	19341	0.15218031	10.282977	119717	NaN	0	0	0.0057169003	0.039469246	2489	0.010936219	0.053393554	8231
bin.5	0.00051097525	1.8029578	1759	0.00037016012	1.3838094	1251	0.0017331406	0.02392899	3003	0.0019698667	0.027946085	2529	0.0050444333	1.1249517	16030	0.0055442518	1.2038392	34290	0.00022263224	0.0031811544	38	0.0013246951	0.023120169	2553	0.0029740206	0.9625292	11009	0.0027596129	0.91142285	8470	0.0002508056	0.2755845	17407	0.0016159511	0.02676046	3324	0.0012969365	1.9809902	37613	0.00057958224	0.009736008	1427	0.00052260165	0.0068690437	660	0.000763988	0.008792536	1733	0.0001387227	0.5662097	1119	0.00013399891	0.561694	751	NaN	0	0	0.041524105	6.1281047	25005	0.04396853	6.041216	18213	0.008476664	1.183721	59937	0.002575516	0.04501586	5662	0.0037560302	1.3374321	5494	0.0041273944	1.3837326	4675	0.0018198967	0.02844124	3458	0.013277463	2.0532765	46900	0.010212087	1.4695145	17152	1.0402714	11.987297	1026165	0.22291376	12.609733	145644	0.0011869144	0.16387862	5615	0.0017151748	0.19171579	8564	0.0009305246	0.11864021	6381	0.00097244093	2.4742982	3360	0.01068303	0.9161445	24275	0.0018499194	0.057948265	5316	0.038020063	4.491069	27211	0.04243432	4.673195	19871	0.00065028353	2.5915816	1753	0.00074644265	2.8037002	1982	NaN	0	0	0.0027770079	0.043851282	4803	0.0034141687	0.054615565	5574	0.010787901	1.8292173	37481	NaN	0	0	0.0006615579	0.009694767	1076	0.0004887408	0.0069329194	1881
bin.96	0.0004336686	1.537284	442	0.0004393459	1.6552732	441	0.00016114877	0.0022171496	82	0.0002911919	0.003899578	104	0.08865096	4.4873047	18844	0.098489545	4.7698774	40040	0.00011771425	0.0017043723	6	0.03633196	0.10785975	3510	0.06420083	3.8632767	13022	0.066953264	3.9507165	10820	0.00019937861	0.23390064	4354	0.000693377	0.011637355	426	0.0009188203	1.5137002	8470	0.0018472533	0.012107954	523	0.001719009	0.004873529	138	0.0021301287	0.0060255365	350	0.00015575359	0.64900964	378	0.00012754551	0.530418	209	NaN	0	0	0.017040713	3.2066274	3856	0.018970937	3.2077453	2850	0.0016498282	0.4235964	6321	0.00013158366	0.0024819649	92	0.007837602	2.8696241	3474	0.008632518	3.0210679	3008	0.00057411526	0.009767955	350	0.0020023047	0.5483159	3691	0.0019249737	0.49654552	1708	0.0075118756	0.17306128	4366	0.00027302344	0.10223618	348	0.54769146	11.660173	117739	1.806163	30.934015	407233	0.024758069	0.6755596	10708	0.0016884243	2.4762733	991	0.0038823804	0.49546802	3869	0.0017201809	0.048344065	1307	0.0047070924	0.947584	1692	0.005859842	1.0932686	1370	0.00064059417	2.498184	498	0.00070731924	2.673593	557	NaN	0	0	0.0008762388	0.012237112	395	0.001056959	0.015293942	460	0.0040800814	0.71324897	4307	NaN	0	0	0.004291	0.011495425	376	0.006927318	0.01584587	1267
bin.136	0.0003449692	1.2196016	1136	0.00027346602	1.0404358	898	0.004941727	0.051821586	6209	0.0054174396	0.05843829	5049	0.022912452	2.4711845	33619	0.024177749	2.5657885	69775	0.00028959307	0.003858103	44	0.100242816	0.32382545	34139	0.0046598352	1.2763991	13938	0.004356813	1.2191672	10817	0.00035794615	0.30599743	18453	0.005017707	0.04981034	5907	0.0016338199	2.056665	37282	0.011048637	0.057277028	8015	0.006949399	0.035701267	3275	0.007904303	0.040951006	7706	0.00011882721	0.47063062	888	0.000121074125	0.49667135	634	NaN	0	0	0.043735493	6.297783	24534	0.046366576	6.218238	17898	0.0053834254	1.0033487	48504	0.010100266	0.077845655	9348	0.0036443335	1.2045172	4724	0.0043685655	1.3653306	4404	0.0066713225	0.058166903	6752	0.013873697	2.1096437	46006	0.009267971	1.4662384	16339	0.01978335	0.42977425	35125	0.006920136	0.9418496	10386	0.44280028	9.73489	318448	0.28466532	5.7829657	246632	0.3433327	7.057546	362402	0.0026386264	3.561941	4618	0.023986451	1.6870929	42679	0.0039165425	0.07532202	6597	0.028297778	4.2521377	24597	0.030490486	4.4797254	18186	0.0006214325	2.4280016	1568	0.0005585373	2.0950642	1414	NaN	0	0	0.0072490787	0.078587934	8218	0.008090763	0.090652056	8833	0.021653825	2.825447	55273	NaN	0	0	0.0076666153	0.02808523	2976	0.0042937784	0.018773774	4863
bin.248	0.00046517892	1.6127667	1386	0.00038980957	1.4303138	1139	0.0012962122	0.01716935	1898	0.0016265409	0.019946096	1590	0.0063951174	1.1905725	14944	0.0070289737	1.268206	31820	0.00014873777	0.0022808723	24	0.0029065	0.024242233	2358	0.0024948495	0.8412898	8476	0.0024109478	0.8355669	6840	0.00029420794	0.31630602	17599	0.0017191365	0.023543285	2576	0.0009122184	1.4446607	24162	0.0013947539	0.015684498	2025	0.0005523772	0.008282454	701	0.0006996347	0.010246609	1779	0.00011132255	0.45379838	790	0.00012143283	0.5043534	594	NaN	0	0	0.019995807	3.6794562	13225	0.02273841	3.7535272	9968	0.0023773573	0.55360407	24692	0.005525765	0.05579732	6182	0.0027608906	0.9871501	3572	0.0031157427	1.0755852	3201	0.0026134176	0.029551933	3165	0.0040446897	0.9368598	18850	0.0032481744	0.7126461	7327	0.0021281836	0.073535025	5545	0.0008774955	0.3171764	3227	0.0033398718	0.21824725	6587	0.010598401	0.46187067	18174	0.8827179	17.394787	824114	0.0016586796	2.8657758	3428	0.009232935	0.85735786	20011	0.001754815	0.051789243	4185	0.015734151	2.8639095	15285	0.018022887	3.0289168	11345	0.0005925367	2.3848753	1421	0.000685317	2.6143935	1628	NaN	0	0	0.0031764386	0.03998716	3858	0.0035100558	0.044627137	4012	0.009043062	1.3535804	24431	NaN	0	0	0.00072026375	0.006740609	659	0.0004801126	0.0049792384	1190
bin.292	0.0004292736	1.5194808	907	0.0003491496	1.2926866	715	0.0009876047	0.014469425	1111	0.0011238694	0.01632709	904	2.2324173	77.253426	673518	2.240997	75.42143	1314394	0.00043686235	0.0027365247	20	0.0009936786	0.01711064	1156	0.73743373	37.612885	263210	0.7293792	37.79559	214900	0.00018234942	0.20480944	7915	0.0011406327	0.018158495	1380	0.001983421	2.248635	26122	0.0011663459	0.018700717	1677	0.00061660184	0.009372861	551	0.00058256695	0.00890611	1074	0.00014129592	0.570643	690	0.00012475436	0.5219825	427	NaN	0	0	0.027946642	4.280784	10687	0.031291947	4.4406652	8191	0.012690589	1.4340028	44425	0.00120488	0.019686865	1515	0.00654493	2.2106173	5556	0.008168613	2.5368888	5244	0.0015041326	0.022987295	1710	0.010400906	1.6432713	22965	0.013871141	1.6715621	11937	0.0006186198	0.040095124	2100	0.0008732819	0.2926389	2068	0.0012430922	0.1496426	3137	0.0016553721	0.17076042	4667	0.0011539453	0.12094681	3980	0.00095188135	2.3662713	1966	0.020721324	1.5841084	25681	0.0018375505	0.05687044	3192	0.007051077	1.4666712	5437	0.008061267	1.5467509	4024	0.0010670836	2.9068112	1203	0.0011171991	2.8206937	1220	NaN	0	0	0.0017005515	0.028456967	1907	0.0019515841	0.032942154	2057	0.007813535	1.3402424	16802	NaN	0	0	0.0003904599	0.0038141084	259	0.0003023679	0.0032289429	536
bin.13	0.0003557003	1.0638452	530	0.00032838737	1.1026043	509	0.00833093	0.07780441	4986	0.009146275	0.08688416	4015	0.030646723	3.176707	23115	0.033115607	3.3465614	48676	0.0005263801	0.0065575866	40	0.02267331	0.15594095	8793	0.0072280983	1.8739787	10945	0.006505949	1.7566171	8336	0.0009963539	0.63049155	20336	0.009386582	0.094909996	6020	0.00233165	2.7567267	26728	0.011072702	0.08914478	6672	0.0032802941	0.044125855	2165	0.0035052833	0.04837692	4869	0.00014632645	0.5717497	577	0.0001372477	0.55804306	381	NaN	0	0	0.06422502	9.27522	19326	0.06950855	9.172574	14121	0.009984173	1.5951372	41244	0.014895768	0.13906802	8932	0.0041615977	1.2947794	2716	0.0046350835	1.4479244	2498	0.0075702416	0.08383535	5205	0.021887839	3.2834747	38298	0.017205177	2.4942276	14866	0.6706151	7.9964557	349551	0.29710212	17.112278	100928	0.017890071	0.87413096	15294	0.05710914	2.0099466	45848	0.028954726	1.1203495	30770	0.0017816094	3.8979993	2703	0.04120371	2.6906712	36406	0.004751824	0.12118734	5677	0.036817145	6.24899	19334	0.042496767	6.696862	14541	0.00067334855	2.3508337	812	0.0009387987	2.8837762	1041	NaN	0	0	0.012747713	0.13858312	7751	0.0139001	0.15567319	8113	0.03775251	4.639133	48540	NaN	0	0	0.0030220058	0.027207732	1542	0.0022466492	0.019964684	2766
bin.285	0.00032615586	1.1137011	824	0.00029584006	1.083751	743	0.00042134913	0.0061152433	582	0.0005125665	0.0074895727	514	0.0063352464	1.3094188	14150	0.006789323	1.3667315	29523	0.000042011925	0.00066232955	6	0.00046403104	0.009063662	759	0.0021306789	0.73058623	6337	0.0020308078	0.7096025	5001	0.00013766186	0.14653043	7019	0.00034803327	0.005923638	558	0.00075763545	1.2493184	17989	0.00017362433	0.0034906832	388	0.00032735386	0.0054071737	394	0.0004144556	0.0068105957	1018	0.00013639206	0.51509374	772	0.00012249377	0.50593996	513	NaN	0	0	0.014897366	2.7168279	8407	0.01764129	2.9304845	6700	0.34430364	13.028084	500270	0.0011131105	0.019625615	1872	0.006463278	2.4091039	7505	0.0074835178	2.65205	6795	0.0007275441	0.010877929	1003	0.739969	29.507704	511139	0.28352612	10.925208	96705	0.0004207926	0.027588073	1791	0.00026312706	0.10754393	942	0.0006340985	0.090132445	2342	0.0009035547	0.10892545	3690	0.00070878206	0.09120273	3720	0.0007357975	1.8692408	1925	0.004080833	0.5007881	10063	0.0013080002	0.042805724	2978	0.0043710396	1.0479083	4815	0.0054647215	1.1781085	3799	0.0004941167	2.0020509	1027	0.00054279447	2.096602	1124	NaN	0	0	0.0009029197	0.015193256	1262	0.00104745	0.017597392	1362	0.007289162	0.8615721	13388	NaN	0	0	0.0002424723	0.0036830576	310	0.00020921738	0.0031396528	646
bin.284	0.00036537665	1.2284642	448	0.00038648403	1.3671802	462	0.00063746376	0.008974617	421	0.00069216645	0.0100511545	340	0.004079172	0.99541664	5302	0.004636638	1.092497	11632	0.000117678304	0.0017916614	8	0.0046227872	0.02253139	930	0.002304081	0.76228124	3259	0.0020504182	0.6952139	2415	0.00017736712	0.21702251	5124	0.001050658	0.015851678	736	0.00081604766	1.3395307	9507	0.00077258487	0.008761189	480	0.001438522	0.010496839	377	0.0015540094	0.011523599	849	0.00014558967	0.61997974	458	0.00012708774	0.5462448	273	NaN	0	0	0.018259658	3.4191525	5215	0.022167834	3.7198803	4192	0.0019106914	0.4894606	9264	0.0016269006	0.030755924	1446	0.0052541518	1.8195933	2794	0.006027417	2.0350192	2570	0.0016166144	0.020199053	918	0.0029233012	0.8024046	6851	0.002417759	0.596162	2601	1.7573888	20.119404	643793	0.09237496	5.328906	23007	0.033673905	0.8765211	11226	0.06944832	1.4149343	23626	0.0033648494	0.19811541	3983	0.0009922329	2.0843148	1058	0.006400249	0.5637869	5584	0.0016900062	0.043451678	1490	0.009415119	2.0076823	4547	0.010984181	2.185691	3474	0.00046730047	1.8786306	475	0.00053813664	2.0813994	550	NaN	0	0	0.0012351677	0.014996948	614	0.0014285928	0.018270358	697	0.0051885247	0.859494	6583	NaN	0	0	0.0020958288	0.009135432	379	0.000844923	0.0043188315	438
bin.6	0.0006877838	2.2357152	1823	0.0006377565	2.0779192	1570	0.00012346856	0.0021165675	222	0.00014148832	0.0023534351	178	0.063667744	6.1363344	73080	0.06582262	6.3501697	151173	0.00007261765	0.001001639	10	0.0005764724	0.011247284	1038	0.008007432	2.2298818	21316	0.007412295	2.0978494	16294	0.0001827192	0.22945243	12113	0.0008036383	0.011751748	1220	0.0011388287	1.7001859	26980	0.000070926	0.0010693956	131	0.0003936426	0.0064504817	518	0.0004494346	0.007369607	1214	0.0001974175	0.85545945	1413	0.00018277252	0.8116658	907	NaN	0	0	0.012720008	2.3587475	8044	0.014204493	2.4145832	6084	0.7082891	26.10706	1104825	0.00089874835	0.016361918	1720	0.022203533	8.255417	28343	0.025692416	9.120995	25755	0.00070967124	0.011986183	1218	0.0053458307	0.8240263	15731	0.14937869	6.4038434	62470	0.0005488017	0.038814142	2777	0.00037898272	0.14979303	1446	0.0008071316	0.103295356	2958	0.0012617433	0.14490673	5410	0.001122852	0.15285273	6871	0.0012837372	3.3552105	3808	0.0053261244	0.6813579	15089	0.0017494065	0.05771369	4425	0.0025528423	0.45814538	2320	0.0032329417	0.5098735	1812	0.0011358706	3.9392474	2227	0.0011611419	4.0028486	2365	NaN	0	0	0.0005737108	0.007952637	728	0.0005975158	0.0087692235	748	0.0034186048	0.6498608	11129	NaN	0	0	0.00018109762	0.0028244667	262	0.00010268873	0.0015567258	353
bin.264	0.000554283	1.9517893	899	0.00039277982	1.4924917	637	0.00019243419	0.002666734	158	0.00019430275	0.0026916806	115	0.010265082	2.1250465	14296	0.011122353	2.281816	30685	0.00002194505	0.0003546375	2	0.00057185494	0.0074617956	389	0.0035716535	1.1368867	6139	0.0032214802	1.0356866	4544	0.00015087369	0.17481235	5213	0.0003928403	0.006172977	362	0.00075043354	1.2415209	11129	0.00027634262	0.0026735126	185	0.000038367492	0.00066134357	30	0.00007403272	0.001268093	118	0.00012130055	0.508018	474	0.00012295837	0.5227901	330	NaN	0	0	0.011821373	2.2850878	4402	0.012886409	2.2320998	3177	0.002231796	0.50955474	12181	0.00041979196	0.0075781243	450	0.0099074915	3.6228034	7026	0.011290569	3.9208653	6254	0.0005835956	0.00857121	492	0.003065003	0.62881356	6781	0.0026554768	0.5696446	3139	0.00068138447	0.03706546	1498	0.0009944419	0.2525229	1377	0.0010337569	0.101136826	1636	0.0022567261	0.17482676	3687	1.2791903	25.325436	643073	0.0009718695	2.0511248	1315	0.0050204694	0.52136165	6522	0.0013248253	0.044377454	1922	0.0048885313	1.0291923	2944	0.0056957738	1.1088501	2226	0.0005766915	2.2733855	726	0.0007230621	2.771553	925	NaN	0	0	0.00047156913	0.008392918	434	0.00045769394	0.008177099	394	0.003471341	0.561833	5435	NaN	0	0	0.00014487824	0.002271044	119	0.000096907475	0.0015301604	196
bin.293	0.0004230165	1.3525623	742	0.0002944115	1.052462	535	0.0062985737	0.047430575	3347	0.0068993475	0.053512283	2723	0.012146449	1.9211324	15393	0.0130836945	2.0507085	32845	0.00033502546	0.004168625	28	0.057426944	0.19413553	12054	0.006255489	1.5831891	10182	0.005922093	1.5332434	8012	0.00032562108	0.2949297	10475	0.013181503	0.074780144	5223	0.0015730797	2.385464	25468	0.0033337832	0.031062085	2560	0.0033341239	0.030669628	1657	0.0037154113	0.036182087	4010	0.0001417079	0.60921353	677	0.00010706522	0.46421477	349	NaN	0	0	0.038458154	6.5934772	15128	0.043129437	6.67646	11318	0.0058370554	1.1285629	32132	0.025372103	0.11631027	8226	0.0042290334	1.4576722	3367	0.00464512	1.5717881	2986	0.013666391	0.075534165	5164	0.0122543285	2.261957	29052	0.009627737	1.6437423	10788	0.0011852805	0.061680507	2969	0.0041489326	0.82591563	5364	0.43354133	9.515833	183333	0.15268005	3.0256784	75999	0.015017196	0.50018376	15127	0.0020265556	3.2648914	2493	0.01770042	1.5439132	23003	0.0031409708	0.07892057	4071	0.022988046	3.7600014	12810	0.024952047	3.767108	9007	0.00066379126	2.5134745	956	0.00068850274	2.53081	1006	NaN	0	0	0.007879642	0.081119604	4996	0.008302008	0.0871445	5001	0.030022942	3.5949051	41419	NaN	0	0	0.0030880324	0.017850237	1114	0.0019551336	0.012781906	1950
bin.207	0.00049173494	1.749479	894	0.00040125975	1.4508659	687	0.0053085526	0.046035144	3026	0.0064111208	0.05605512	2657	0.011452507	1.7885481	13349	0.011940131	1.8418467	27479	0.0002949947	0.0038358704	24	0.15714462	0.45531148	26334	0.004123229	1.2854782	7701	0.003961612	1.2367575	6020	0.00027632734	0.31637678	10467	0.0057110805	0.037396092	2433	0.0019504932	2.9025686	28866	0.004259702	0.0324085	2488	0.015877893	0.05178194	2606	0.016552558	0.055184025	5697	0.00020746441	0.67140347	695	0.0001774698	0.6268678	439	NaN	0	0	0.06624893	10.399026	22225	0.07155842	10.406658	16433	0.008619305	1.6293724	43213	0.026032746	0.16657591	10974	0.0041300813	1.4096363	3033	0.0044052666	1.4522963	2570	0.010183971	0.07091351	4516	0.01812601	3.3066897	39561	0.013849427	2.3999379	14672	0.0014770356	0.06527973	2927	0.0006531837	0.2667893	1614	0.8935088	19.192825	344441	0.3991547	7.1044707	166226	0.0019137377	0.19569634	5513	0.0011586174	2.7710924	1971	0.016304476	1.5946205	22131	0.0041768425	0.102955356	4947	0.031942863	6.0913153	19331	0.03697653	6.588168	14673	0.00058978354	2.2890503	811	0.00073178747	2.6899166	996	NaN	0	0	0.0058390195	0.07645218	4386	0.006122987	0.08350744	4464	0.022796076	3.3630142	36093	NaN	0	0	0.0171565	0.049954344	2904	0.00835292	0.024882339	3536
bin.109	0.00040100684	1.4317629	454	0.00026490868	1.0040067	295	0.00033844446	0.0052466053	214	0.0002921882	0.004555883	134	0.006546144	1.3369862	6192	0.007877834	1.5193827	14066	0	0	0	0.0003585213	0.0067151054	241	0.0030406944	0.841988	3130	0.0026851748	0.7962458	2405	0.00013961358	0.16727333	3434	0.00081291853	0.009189715	371	0.00078753324	1.3153323	8117	0.000521799	0.009152485	436	0.0004390044	0.00717292	224	0.00063444726	0.010209135	654	0.00012250693	0.51842636	333	0.00007040286	0.30375913	132	NaN	0	0	0.012304893	2.4453547	3243	0.014774241	2.6187563	2566	0.0015788205	0.41052496	6756	0.0007412853	0.014236862	582	0.0067666844	2.4671884	3294	0.0073105167	2.5453525	2795	0.00052115874	0.0069590798	275	0.0017270035	0.49017626	3639	0.0017984944	0.46130985	1750	0.0054145628	0.13517705	3761	0.0019752951	0.22109908	830	0.0071835676	0.25529656	2843	0.025998449	0.61955225	8995	3.1023066	60.62944	1059851	0.053041045	20.271496	8947	0.003543762	0.45251265	3897	0.0028801565	0.046216846	1378	0.0030587942	0.6439024	1268	0.0038554983	0.70911366	980	0.00068873237	2.7519078	605	0.00074630417	2.8290255	650	NaN	0	0	0.0006833637	0.011404896	406	0.0006646516	0.011335297	376	0.003016808	0.5683497	3785	NaN	0	0	0.00028718545	0.0047126976	170	0.00022582612	0.0034474386	304
bin.277	0.00050045183	1.750731	1264	0.00042869893	1.5978988	1069	0.0035970842	0.031883065	2961	0.0037863767	0.035135545	2353	0.013820175	2.2367926	23587	0.0149065405	2.3825333	50221	0.0034616562	0.017421056	154	0.0045569814	0.044507798	3637	0.032461565	4.2606955	36063	0.031205416	4.087136	28108	0.0002710628	0.30913723	14450	0.0064326916	0.05398113	4962	0.0012569868	1.9854294	27897	0.004719166	0.030765627	3337	0.004389072	0.03293759	2342	0.0045454595	0.03394385	4951	0.0001786038	0.7240954	1059	0.00017085827	0.6973672	690	NaN	0	0	0.023348281	3.995575	12065	0.027445458	4.2581315	9500	0.0038335193	0.77972704	29217	0.0037360878	0.042007327	3910	0.0061825095	2.2191265	6746	0.0071871574	2.4777899	6195	0.0056604543	0.05280331	4751	0.0069851987	1.4640886	24748	0.0057453904	1.0916348	9429	0.0061052213	0.12154787	7700	0.002878741	0.54683286	4674	0.0016498812	0.18765044	4758	0.0029789922	0.26671943	8817	0.0018241458	0.17197654	6845	0.0011585745	2.8837912	2898	9.899265	178.72061	3504429	0.002704172	0.07001255	4753	0.011595016	2.3246124	10423	0.01256063	2.337063	7354	0.00090456515	3.5559492	1780	0.000816922	3.0335941	1587	NaN	0	0	0.005507344	0.05836806	4731	0.0060274377	0.065116435	4918	0.019400643	2.170836	32917	NaN	0	0	0.0042306315	0.025860218	2124	0.0036364545	0.019752981	3966
bin.228	0.00023972242	0.84385675	790	0.00024472488	0.91414297	793	0.0021480909	0.027478164	3309	0.0022335504	0.030182911	2621	0.0068524443	1.3068404	17869	0.0075770398	1.4128311	38616	0.00037598817	0.005147248	59	0.004148226	0.039751224	4212	0.0030813422	1.0212125	11208	0.002888551	0.98110807	8749	0.00021858222	0.21064039	12767	0.0026393647	0.037678845	4491	0.0009914072	1.5757942	28710	0.0031352942	0.037299857	5246	0.0013043861	0.017017556	1569	0.0017452652	0.020959029	3964	0.00013360757	0.5383874	1021	0.00010744015	0.4403827	565	NaN	0	0	0.028100852	4.966768	19447	0.031079052	4.8743277	14101	0.0031345645	0.68132883	33104	0.001782098	0.030722555	3708	0.0025498355	0.93586606	3689	0.0028848303	0.9963111	3230	0.0024734098	0.035519365	4144	0.0056663016	1.280219	28060	0.0044475296	0.9385693	10512	0.0032715118	0.103842475	8530	0.0009022136	0.2520935	2794	0.00572771	0.32279932	10613	0.015762942	0.6557421	28108	1.6327177	31.743809	1638302	0.00284512	3.5493302	4625	0.011131151	1.0222718	25992	0.0020828815	0.05927635	5218	0.017528737	3.527537	20509	0.019233504	3.615244	14751	0.0005456156	2.1384265	1388	0.0005995378	2.2363276	1517	NaN	0	0	0.004089273	0.05817242	6114	0.0044114003	0.063492455	6218	0.011710171	1.7689606	34781	NaN	0	0	0.0010814574	0.011220569	1195	0.0007684396	0.008154537	2123
bin.179	0.0006238573	2.0863185	969	0.0005535938	1.8635046	802	0.00509772	0.05361213	3203	0.0053517707	0.05777423	2489	0.012843444	1.9821229	13446	0.014017898	2.0825853	28240	0.00037096342	0.0036928146	21	0.0036662167	0.054063156	2842	0.10709782	7.672011	41774	0.10611786	7.500258	33182	0.00055629015	0.36052656	10841	0.0086881155	0.078467116	4640	0.0014438186	2.0784469	18787	0.00463107	0.054861285	3828	0.0029121102	0.03445448	1576	0.0031172594	0.038654517	3627	0.00014396572	0.57926977	545	0.00016645796	0.65985155	420	NaN	0	0	0.042379037	6.893654	13391	0.045859724	6.697208	9612	0.005969951	1.1036265	26603	0.0036195363	0.059921853	3588	0.0031813926	1.1449178	2239	0.0033362485	1.1160203	1795	0.0049175383	0.06128043	3547	0.013349565	2.2841697	24838	0.01146628	1.7651298	9808	0.0013693811	0.060928136	2483	0.002266234	0.42265546	2324	0.0027752179	0.27943704	4558	0.0056156963	0.41639632	8855	0.0031601386	0.2401512	6149	0.0011425781	2.8848867	1865	0.022835948	1.750811	22085	0.0034436	0.09234657	4033	0.023371283	3.9287	11332	0.026202926	4.149642	8400	0.0007570504	2.5650752	826	0.0010166897	3.0635412	1031	NaN	0	0	0.028582942	0.14932112	7786	0.029220961	0.15683448	7620	11.312497	303.57266	2961225	NaN	0	0	0.0013094952	0.016749639	885	0.0014941936	0.013525626	1747
bin.260	0.00067747995	1.7949725	1259	0.0005496812	1.5678537	1019	0.10460132	0.46297362	41771	0.10986326	0.49239	32035	0.016171625	2.477447	25380	0.017627243	2.6850822	54985	0.028141543	0.10782625	926	0.05742579	0.33955336	26956	0.008533646	2.1217742	17447	0.00814167	2.0420144	13643	0.0018607744	1.183051	53723	0.12267056	0.547879	48926	0.0039885477	3.7489924	51175	0.07568167	0.34795335	36665	0.07490099	0.31878784	22021	0.07770315	0.33557346	47551	0.00056328037	1.3583663	1930	0.0005007275	1.2629638	1214	NaN	0	0	0.078423135	12.376279	36306	0.086503275	12.455313	26996	0.015118763	2.30082	83756	0.06673799	0.4016778	36322	0.019032134	3.0332384	8958	0.019392537	3.0136583	7320	0.07276536	0.34579328	30226	0.027715728	4.561153	74901	0.022114698	3.3916135	28460	0.0041647437	0.15452436	9510	0.0051666787	0.8458827	7024	0.006105494	0.5166266	12726	0.01424401	0.8669188	27841	0.0054196105	0.39713085	15356	0.0021513647	4.6144505	4505	0.05827003	3.697111	70428	20.707544	92.78017	6119097	0.057313517	9.417014	41020	0.06321074	9.886209	30222	0.0014240285	3.9687397	1930	0.0015564412	4.0690293	2068	NaN	0	0	0.1369124	0.6695488	52723	0.15146887	0.75005466	55034	0.14707918	11.07885	163203	NaN	0	0	0.036926154	0.16505294	13170	0.034636203	0.14278944	27852
bin.140	0.0004211828	1.4132924	925	0.00036273515	1.2416081	753	0.005536373	0.072170116	6076	0.0060667694	0.0777472	4720	0.008632562	1.7395507	16629	0.009183144	1.7995582	34387	0.0003819984	0.0044923564	36	0.03147321	0.13992009	10365	0.005199387	1.5883032	12187	0.004780893	1.4918898	9301	0.00036615992	0.33851016	14344	0.009582338	0.07670787	6392	0.0019524073	2.925058	37258	0.0073320856	0.055976536	5504	0.0017251645	0.019454518	1254	0.0018543876	0.021644913	2862	0.00015273748	0.6637438	880	0.00014827856	0.6154171	552	NaN	0	0	0.07101713	11.570321	31672	0.07680452	11.425022	23107	0.008352733	1.70744	57999	0.01100802	0.10542925	8896	0.0035452254	1.2123561	3341	0.003813897	1.2499359	2833	0.005841002	0.06548121	5341	0.016222391	3.231531	49518	0.0130640725	2.4447796	19143	0.0009898556	0.063174516	3628	0.00096714403	0.31244865	2421	0.38654968	8.72009	200437	0.19573294	3.8702135	115980	0.0052803666	0.28770867	10381	0.0016065628	3.4500692	3143	0.019032873	1.8444932	32787	0.0039967843	0.111597985	6868	0.034368772	6.851742	27850	0.039795384	7.3530374	20975	0.0005307503	2.0692794	939	0.00066574186	2.5198019	1195	NaN	0	0	0.013650423	0.1262684	9278	0.014854093	0.14300364	9791	0.026040455	3.797696	52203	NaN	0	0	0.0042443383	0.02848632	2121	0.0023528703	0.017405365	3168
bin.48	0.0003637259	1.2920748	2057	0.0003423905	1.2825483	1892	0.00016053654	0.002592968	531	0.00021462791	0.0036093832	533	0.0061992113	1.4278154	33200	0.006889779	1.5497875	72034	0.0000322962	0.00051302055	10	0.00040009132	0.007864003	1417	0.0024492152	0.8739908	16312	0.0022347355	0.8171024	12391	0.0001353482	0.15042092	15504	0.00051777874	0.008707849	1765	0.00070330227	1.1478268	35563	0.00013498333	0.0023163296	554	0.00013524214	0.0022450637	352	0.00014813589	0.0024749264	796	0.0001305128	0.5290051	1706	0.00010912745	0.44780406	977	NaN	0	0	0.011440191	2.203547	14672	0.012787406	2.2144396	10894	0.6414257	23.576565	1948016	0.00064514217	0.011688522	2399	0.0081768315	3.054653	20476	0.00978855	3.4791684	19181	0.004241724	0.020130996	3994	0.3071353	12.748985	475190	0.81375974	29.606659	563893	0.0009154879	0.034569647	4829	0.00019717489	0.06801973	1282	0.00052558223	0.07966295	4454	0.0007832562	0.09679957	7056	0.0005983081	0.08021386	7040	0.0007285717	1.8755212	4156	0.0037304473	0.45384106	19623	0.001166142	0.03875849	5802	0.00418247	0.8922897	8822	0.0050664875	0.9991922	6933	0.0005853101	2.3383236	2581	0.0006669618	2.5209022	2908	NaN	0	0	0.0004248301	0.007184034	1284	0.00041166003	0.0070854127	1180	0.030999111	1.4647756	48976	NaN	0	0	0.00014845691	0.0023300818	422	0.000090202266	0.0013665211	605
bin.127	0.0003560857	1.2789237	1323	0.0003192338	1.2080716	1158	0.0009822875	0.013504616	1797	0.001024368	0.01429853	1372	0.008940371	1.6597438	25077	0.009621892	1.7431701	52647	0.00010420743	0.0015790514	20	0.0005864463	0.011231327	1315	0.003424321	1.1372564	13792	0.0031989473	1.0425549	10273	0.00018775459	0.24867985	16655	0.00096110924	0.014638775	1928	0.0011053273	1.5098722	30397	0.00066602294	0.011421429	1775	0.00033901233	0.0057912124	590	0.00033654412	0.005904673	1234	0.00016420844	0.6972083	1461	0.000120460034	0.54808253	777	NaN	0	0	0.016926192	3.1124547	13466	0.01997403	3.3050456	10565	0.064163454	2.9204814	156796	0.00076213	0.013931777	1858	0.005922381	2.139526	9319	0.0068714013	2.3769515	8515	0.0011791383	0.018554525	2392	1.8771921	74.56267	1805850	0.2616798	10.255682	126923	0.0006729789	0.03955156	3590	0.00043893873	0.16877918	2067	0.0009980588	0.12661801	4600	0.0014000575	0.14901431	7058	0.00084853836	0.10096711	5758	0.0008560509	2.1397824	3081	0.0062302896	0.7234009	20324	0.0016398893	0.05375752	5229	0.006242641	1.2472843	8013	0.007173404	1.3472064	6074	0.0005370084	2.2238667	1595	0.0006086481	2.2333074	1674	NaN	0	0	0.0013734717	0.022930102	2663	0.0014224268	0.023527348	2546	0.006021015	0.987018	21444	NaN	0	0	0.00023936496	0.0036879068	434	0.00020392942	0.0031076346	894
bin.108	0.00036926562	1.3130208	2322	0.00030426096	1.1564261	1895	0.0010300004	0.011662616	2653	0.0011832956	0.014228617	2334	0.0070330957	1.3652409	35263	0.007551367	1.4253299	73591	0.00046006084	0.0034176102	74	0.06845817	0.1989841	39828	0.0023888284	0.80859923	16764	0.0022233063	0.7598645	12800	0.00020260869	0.21931444	25110	0.004545396	0.024974128	5623	0.0008724572	1.3816361	47551	0.008603537	0.03162491	8402	0.0033410583	0.019303663	3362	0.003065274	0.019416768	6937	0.00013733571	0.5454582	1954	0.00012948459	0.52278864	1267	NaN	0	0	0.018839974	3.5374732	26164	0.021655664	3.6638699	20022	0.0051463847	0.6997584	64225	0.0027802119	0.025356442	5781	0.0043211905	1.4913905	11105	0.004648782	1.5488079	9485	0.0022676243	0.022446835	4947	0.012350255	1.4829953	61401	0.0057953517	0.8475265	17931	0.0037950885	0.07339073	11388	0.00039104462	0.15198584	3182	0.20998584	4.588771	284993	0.826951	14.387856	1164998	0.00089866476	0.10033685	9782	0.0010191852	2.281954	5617	0.0073064337	0.64402455	30932	0.0022529382	0.049006023	8149	0.009843898	1.9952474	21913	0.011318853	2.1260984	16387	0.0005429186	2.1523457	2639	0.0006015489	2.273307	2913	NaN	0	0	0.0024179858	0.029934026	5943	0.0026131684	0.033487324	6195	0.005210406	0.8979242	33350	NaN	0	0	0.0041548754	0.015975727	3214	0.0023342597	0.010589806	5208
bin.85	0.0005046803	1.5662694	1228	0.00043845238	1.481084	1076	0.0120629845	0.11276972	11373	0.0132035455	0.12741275	9266	0.043257073	4.1630554	47672	0.044831246	4.2954526	98324	0.0011083895	0.012500598	120	0.025256524	0.18133083	16091	0.007974918	2.035689	18711	0.0074435812	1.9228233	14360	0.0008742494	0.5947017	30187	0.010782989	0.111149706	11095	0.0023656925	3.0341444	46296	0.0073428424	0.06437083	7582	0.0059873927	0.055585366	4292	0.0063937334	0.059585962	9438	0.00013720359	0.510642	811	0.00011151938	0.42998198	462	NaN	0	0	0.07008724	10.867981	35637	0.07556994	10.845111	26275	0.012791967	1.9889462	80932	0.015141055	0.13272941	13416	0.006090348	1.477353	4877	0.0066927006	1.5896457	4316	0.01213928	0.11711481	11443	0.034833964	4.6388764	85151	0.024435176	3.3164968	31108	0.014713203	0.35756272	24598	0.0058591045	0.97188836	9021	0.033030313	1.2575442	34626	0.08470499	2.604462	93495	0.53770643	11.044146	477354	0.0049325675	5.598896	6110	0.06135467	3.6043413	76749	0.0062242276	0.14914171	10995	0.052411504	9.032518	43980	0.05995947	9.491973	32435	0.00070602243	2.444873	1329	0.0007322652	2.4766831	1407	NaN	0	0	0.020073438	0.20470326	18018	0.021747962	0.22666125	18590	0.058611605	6.4942126	106936	NaN	0	0	0.006314386	0.04964564	4428	0.0054875663	0.038012415	8288
bin.125	0.0005667065	1.7364109	1150	0.00044766648	1.5349874	942	0.00016596887	0.0025824187	220	0.00022737175	0.0035486536	218	0.016048536	2.7426639	26530	0.0169604	2.9141672	56348	0.00001605724	0.00024664146	2	0.0008743769	0.0130737815	980	0.004962967	1.3468153	10457	0.0045447857	1.2402245	7824	0.00019093984	0.2164748	9282	0.00044778106	0.0074596447	629	0.0009406635	1.4481292	18665	0.00034204838	0.005949954	592	0.00024265915	0.0040475405	264	0.00029496447	0.004783332	640	0.00015312541	0.6417787	861	0.00014413313	0.6081825	552	NaN	0	0	0.01626425	2.5892534	7172	0.01772772	2.5770211	5274	0.07538715	3.5562475	122237	0.0012216048	0.023517674	2008	0.012486098	4.6027136	12835	0.014721893	5.167262	11851	0.0004452428	0.007633066	630	0.024826096	2.01378	31225	0.019343335	1.3495643	10693	1.7427562	20.007967	1162690	0.21900375	12.459944	97694	0.0026938305	0.14850114	3454	0.0063618985	0.26932627	8167	0.0013045118	0.117006324	4272	0.00084812305	2.1739297	2004	0.0051163356	0.5736345	10318	0.0015103434	0.050261416	3130	0.06522374	2.91441	11987	0.06668758	2.873381	8294	0.00085438706	2.977052	1367	0.0009235977	3.0048869	1442	NaN	0	0	0.000682748	0.010692317	795	0.00075473776	0.011373932	788	0.004285564	0.6929087	9638	NaN	0	0	0.00020439671	0.0032119988	242	0.00009927874	0.001514839	279
bin.263	0.00057335384	2.0669322	857	0.0005212807	2.0432162	785	0.00088210864	0.013162303	702	0.0009622711	0.014456817	556	0.004840124	1.1375809	6889	0.0053424104	1.2282288	14868	0.00011592362	0.0015758572	8	0.0028797057	0.023461362	1101	0.0029288165	0.9274183	4508	0.0028094258	0.9277217	3664	0.00023475288	0.27633977	7418	0.0014561112	0.01956855	1033	0.0009646226	1.573888	12700	0.00041444684	0.0070637506	440	0.00118845	0.01905275	778	0.0013682195	0.021918658	1836	0.00017183037	0.7215153	606	0.00017063669	0.721555	410	NaN	0	0	0.015171575	2.8354712	4917	0.017448999	2.9408948	3768	0.0019344272	0.46768203	10064	0.0007819233	0.014535917	777	0.0050490843	1.8593336	3246	0.0058614183	2.0817194	2989	0.0007433391	0.013856778	716	0.003349995	0.8169088	7930	0.0026402818	0.6066064	3009	0.0018728274	0.06407256	2331	0.002461622	0.43576244	2139	0.07986641	1.9918478	29004	0.056657694	1.2079498	22932	0.4279462	8.622855	197098	0.0016811406	2.8036063	1618	0.005697621	0.6184282	6964	0.00135106	0.0456307	1779	0.0067097135	1.5949814	4107	0.008037154	1.7619475	3184	0.0007049062	3.0124965	866	0.00070336065	2.7460446	825	NaN	0	0	0.0012246699	0.018776165	874	0.0012992639	0.02095748	909	0.006969264	1.0979515	9561	NaN	0	0	0.00035272597	0.0047277627	223	0.00023877205	0.0033303073	384
bin.348	0.00072033185	2.4995134	1286	0.00057243573	2.0765815	990	0.0012589671	0.018615494	1232	0.001446224	0.021414988	1022	0.009152402	1.7899865	13451	0.010007078	1.9294084	28982	0.0006346534	0.008889635	56	0.0013280766	0.022650603	1319	0.011723458	2.0765316	12525	0.010882371	1.9521224	9567	0.0002916116	0.3641551	12130	0.0019156297	0.02644084	1732	0.0011045677	1.8068652	18092	0.00087846094	0.015913175	1230	0.00065267907	0.008545452	433	0.000765143	0.009986372	1038	0.00016999192	0.69851124	728	0.00016641586	0.6892724	486	NaN	0	0	0.013974667	2.6294026	5658	0.015603083	2.6247385	4173	0.0024459602	0.5732062	15306	0.00080251135	0.02291575	1520	0.0070419484	2.5878017	5606	0.007884835	2.7765613	4947	0.001141097	0.018528266	1188	0.0034095817	0.85209125	10264	0.00279075	0.64254034	3955	0.00059179065	0.0414672	1872	0.0017401421	0.42554262	2592	0.0010805767	0.13730744	2481	0.0019545055	0.19620313	4622	0.001147641	0.12540701	3557	0.00086862873	2.1979222	1574	1.8074533	32.94565	460361	0.0029510355	0.05936558	2872	0.008067054	1.5958242	5099	0.008915221	1.637539	3672	0.0008117594	3.3023496	1178	0.00087345944	3.2215564	1201	NaN	0	0	0.0022948764	0.03528326	2038	0.0026707079	0.041581903	2238	0.010130537	1.4109281	15246	NaN	0	0	0.0006528352	0.009533537	558	0.00058131333	0.008345002	1194
bin.326	0.0003119612	1.077923	317	0.00026295506	0.987143	269	0.0031999156	0.02762448	1045	0.0043497514	0.034642782	945	0.0048153065	1.1249574	4832	0.005151004	1.1777331	10112	0.000071194634	0.001110887	4	0.19148807	0.5356437	17829	0.0029488024	0.899159	3100	0.0027451313	0.8617525	2414	0.00020730127	0.22458324	4276	0.012067879	0.05969238	2235	0.0012233293	1.9556884	11193	0.0031515507	0.012199851	539	0.03657202	0.09377582	2716	0.036132712	0.093785465	5572	0.00013503351	0.53716284	320	0.0001305901	0.5433914	219	NaN	0	0	0.030364253	5.702613	7014	0.03244318	5.4612985	4963	0.0029427982	0.7201125	10991	0.10489115	0.3026351	11474	0.0022507308	0.7454072	923	0.0028171246	0.8758791	892	0.008216881	0.04452998	1632	0.0045744283	1.1864579	8169	0.0038939107	0.93994427	3307	3.9204047	45.044437	1162327	0.31720233	17.659735	61484	0.3211414	7.184312	74200	0.9784181	17.424957	234629	0.010516287	0.41295478	6695	0.0018673812	2.74592	1124	0.010290243	0.8775455	7009	0.00865654	0.12870407	3559	0.018773548	3.6728828	6708	0.020122906	3.691101	4731	0.00058402825	2.2952902	468	0.000607776	2.2666469	483	NaN	0	0	0.00543687	0.04352465	1437	0.0058521694	0.046873085	1442	0.01410318	1.763804	10894	NaN	0	0	0.012287581	0.032431245	1085	0.0056180893	0.015687827	1283
bin.341	0.00032898114	1.1485144	264	0.00028203567	1.0704507	228	0.0026902566	0.023539165	696	0.0033140397	0.028140783	600	0.004714787	0.9528563	3199	0.005159945	1.0478344	7032	0.0003122892	0.004974414	14	0.2712016	0.7604822	19785	0.0028910239	0.7488589	2018	0.0026820945	0.6951266	1522	0.00027788567	0.28403762	4227	0.004936009	0.030240478	885	0.0010015673	1.6325197	7303	0.013763691	0.06142009	2121	0.008143833	0.022042746	499	0.007344291	0.020802021	966	0.00012339225	0.49395555	230	0.00015190453	0.62854713	198	NaN	0	0	0.025588315	4.5570664	4381	0.027918717	4.443167	3156	0.0027200847	0.67570335	8061	0.004529799	0.050583646	1499	0.004101778	1.4682162	1421	0.0039316886	1.3680791	1089	0.016797174	0.05843752	1674	0.0039498345	1.0524724	5664	0.003477135	0.8341907	2294	0.0019365958	0.075412974	1521	0.00030369256	0.118693955	323	0.6936901	15.105745	121943	0.9834645	17.333755	182431	0.22556897	4.533629	57450	0.033137538	13.305439	4257	0.006196521	0.68686646	4288	0.007815691	0.11835015	2558	0.01401542	2.9435678	4202	0.014959195	2.914673	2920	0.00055483944	2.2149832	353	0.00054721057	2.0473642	341	NaN	0	0	0.0052482258	0.03925473	1013	0.005327658	0.04620365	1111	0.010737836	1.4417043	6960	NaN	0	0	0.014030118	0.031702418	829	0.010725663	0.024513716	1567
bin.340	0.00033228283	1.1508536	471	0.00028787623	1.0389502	394	0.0005229742	0.0075981617	400	0.00071330206	0.010089054	383	0.004694439	1.0315337	6166	0.005143285	1.117949	13358	0	0	0	0.009721927	0.03952829	1831	0.0024268657	0.8015947	3846	0.0022932766	0.7751941	3022	0.00016694008	0.19360997	5130	0.0013399272	0.017694693	922	0.0008612979	1.4090708	11223	0.00303358	0.018492555	1137	0.00054886	0.007095743	286	0.000637774	0.008780752	726	0.00015013016	0.61758494	512	0.00012862643	0.5562807	312	NaN	0	0	0.017091416	3.265808	5590	0.01991275	3.400093	4300	0.0017295808	0.4333217	9204	0.000996207	0.018649634	984	0.003945293	1.4252497	2456	0.004461633	1.5381777	2180	0.0008150443	0.012783525	652	0.0028556287	0.7202217	6901	0.0022951642	0.5357188	2623	0.0005003649	0.03313832	1190	0.0030667705	0.56386286	2732	0.19118556	4.145963	59590	0.06363211	1.2184949	22833	3.1910415	62.04777	1399921	0.0017149214	2.383922	1358	0.005753734	0.61222684	6805	0.0012863443	0.03942036	1517	0.008151349	1.6863079	4286	0.010269525	1.9565867	3490	0.0006267245	2.4599023	698	0.00067007734	2.4751613	734	NaN	0	0	0.0010787616	0.016715156	768	0.0013904403	0.020741586	888	0.00594181	1.015659	8730	NaN	0	0	0.00027398524	0.0037802218	176	0.0002678394	0.0033739456	384
bin.184	0.00041694482	1.1769187	666	0.00039248492	1.2014675	630	0.0024640479	0.02851996	2076	0.0029257883	0.035416372	1859	0.011730895	1.6840731	13919	0.012524095	1.7596587	29072	0.00047912746	0.004041212	28	0.003359144	0.03124207	2001	0.0046003116	1.1965466	7938	0.0044290796	1.1396449	6143	0.00016643092	0.19084676	6992	0.002158791	0.031979196	2304	0.003434869	2.3554118	25940	0.0030858323	0.033053376	2810	0.0016691835	0.01754865	978	0.0016974132	0.017555593	2007	0.00010298277	0.43007743	493	0.00009669383	0.39844728	309	NaN	0	0	0.26578295	11.36971	26909	0.27377465	10.924956	19104	0.0060186763	0.926717	27217	0.0035157793	0.06173715	4504	0.0034805501	0.98880565	2356	0.0033420695	1.0384545	2035	0.003012821	0.033549868	2366	0.00962318	1.7179817	22761	0.008191628	1.2732652	8620	30.682014	348.5998	17308944	3.383173	187.78651	1258052	0.0046163425	0.31247598	6210	0.0053608064	0.35376397	9166	0.006124699	0.3167033	9880	0.0009927197	2.4122312	1900	0.03849848	1.6463771	25303	0.0020118174	0.06107892	3250	0.0344113	4.224421	14846	0.04048563	4.464912	11012	0.0006493277	2.0517826	805	0.00068677595	2.2315238	915	NaN	0	0	0.003808077	0.054179266	3442	0.004353803	0.062486514	3699	0.0214061	2.653212	31533	NaN	0	0	0.0012965137	0.012861982	828	0.0009325827	0.008832724	1390
bin.173	0.00068354193	2.3590724	481	0.0007304358	2.6252892	496	0.00018977547	0.0029739942	78	0.0002960302	0.004652982	88	3.2357392	112.02256	333602	3.2807076	110.60782	658428	0.000050614908	0.0008011386	2	0.00046712277	0.009186553	212	1.24952	63.622658	152079	1.1964595	61.973495	120363	0.0002450844	0.2835484	3743	0.0010885543	0.019106923	496	0.0013929595	2.198299	8723	0.00021144978	0.0035910888	110	0.0004142908	0.0065735923	132	0.0004049111	0.0064090844	264	0.0003465327	1.3849041	572	0.00033992933	1.3241527	370	NaN	0	0	0.023694452	3.2471235	2769	0.026614973	3.4219067	2156	0.004387845	1.0164399	10756	0.00033519385	0.0064672725	170	0.042853247	15.704132	13482	0.048999697	16.9712	11983	0.21150345	0.5661219	14385	0.0035268907	0.90643793	4327	0.004619861	1.0220164	2493	0.0008835483	0.058634885	1049	0.00021859139	0.090312175	218	0.0009900869	0.13490441	966	0.0016209529	0.18670465	1743	0.0035686465	0.2801511	3149	0.002547561	4.696988	1333	0.022319868	1.2962378	7178	0.0032492497	0.08992268	1724	0.0025282274	0.522805	662	0.0037731484	0.7280731	647	0.0013994932	5.595462	791	0.0015632081	6.044438	893	NaN	0	0	0.0006422019	0.010921599	250	0.0007601282	0.012940024	276	0.0047175367	0.8563308	3667	NaN	0	0	0.00059819565	0.009053592	210	0.00022444782	0.0034214137	194
bin.252	0.31519845	158.17575	65416	0.30310062	161.41245	61856	0.08008611	0.18391693	9784	0.08713533	0.20239227	7764	0.012975717	1.3052185	7884	0.013014266	1.3610702	16434	0	0	0	0.0014666166	0.022068698	1033	0.025597498	2.3459322	11374	0.024514241	2.2295418	8783	3.6534972	568.94226	15233551	0.0013019189	0.01823224	960	0.045178033	11.785303	94855	0.00036520508	0.005713754	355	0.00031105473	0.0049104188	200	0.00035751497	0.0056133824	469	0.9901421	556.4604	466177	0.9852737	561.4625	318218	NaN	0	0	0.01904755	3.4422655	5954	0.021379085	3.4546955	4415	0.0020225712	0.46137848	9903	0.002081921	0.032766104	1747	0.07711323	4.5206866	7872	0.07952126	4.5455637	6510	0.010420817	0.04093947	2110	0.0031836238	0.7802707	7555	0.0031078095	0.64494413	3191	0.0003928945	0.027695315	1005	0.0010730295	0.22017512	1078	0.0008195904	0.09666646	1404	0.0014765237	0.14242898	2697	0.0006679868	0.07767797	1771	0.00081754377	2.037732	1173	0.0061568227	0.61912113	6954	0.0014774558	0.04466748	1737	0.008534748	1.9751781	5073	0.010272586	2.1598063	3893	0.20862111	118.26595	33911	0.21036516	113.00623	33864	NaN	0	0	0.0020166943	0.028688654	1332	0.0020742682	0.030973513	1340	0.0156658	1.4561704	12648	NaN	0	0	0.0002717518	0.003188251	150	0.0002594413	0.0029910384	344
bin.103	0.00031885784	1.1176838	799	0.00022147583	0.83029824	550	0.0003719948	0.005698398	524	0.00051344425	0.00802299	532	0.0063199676	1.5273262	15947	0.0068780915	1.6062837	33525	0.000043614884	0.00068549585	6	0.00031063473	0.0060560396	490	0.0025357103	0.8791604	7368	0.0023259677	0.82958424	5649	0.00013243998	0.15658191	7247	0.00027040884	0.004614603	420	0.5187732	116.29135	1617896	0.0001771412	0.0030541	328	0.0002651824	0.004431588	312	0.00028936876	0.004846922	700	0.000146887	0.5994037	868	0.00012466562	0.52159476	511	NaN	0	0	0.053169675	5.0955873	15235	0.05711676	4.9704723	10980	0.00802611	1.0014919	37157	0.0007422859	0.0132809635	1224	0.0069726687	2.6817403	8072	0.0079323	2.894675	7166	0.00067220547	0.011179833	996	0.008219234	1.2321937	20623	0.008604598	1.1317279	9679	0.00042469846	0.029525517	1852	0.00031325765	0.13281037	1124	0.00054763985	0.08500009	2134	0.0008266103	0.10222559	3346	0.00060446956	0.0827205	3260	0.00076368457	1.9627615	1953	0.004204371	0.53365296	10361	0.0012985485	0.042785518	2876	0.0065983194	1.3539556	6011	0.0077444185	1.4841045	4624	0.000595994	2.4332275	1206	0.00066285784	2.5502527	1321	NaN	0	0	0.0006469156	0.011214107	900	0.0006514989	0.011419835	854	0.003221786	0.60570556	9094	NaN	0	0	0.00017967242	0.0028035764	228	0.00014036454	0.0023339835	464
bin.43	0.00055989606	1.966479	1011	0.0004483105	1.666702	794	0.00043102927	0.0046271	306	0.0006342703	0.0076539125	365	0.0133850975	2.5621307	19239	0.014666589	2.702266	40561	0.00006353063	0.000953171	6	0.0006889369	0.009280094	540	0.004439238	1.442627	8695	0.0040339436	1.3493512	6608	0.00023481784	0.22784925	7584	0.0008822489	0.010358116	678	0.00084207783	1.3804458	13812	0.00022432931	0.0029260642	226	0.00026408365	0.004463538	226	0.00028009186	0.0047369534	492	0.00017330301	0.7211168	751	0.00015490437	0.6500456	458	NaN	0	0	0.009495767	1.7723795	3811	0.010609079	1.8335882	2913	0.0025772778	0.5751701	15347	0.0003294911	0.0063065295	418	0.021899492	7.9535136	17217	0.025521046	8.75266	15583	0.0007502086	0.0104572335	670	0.0037478867	0.7065068	8504	0.002844099	0.6226964	3830	0.0010135873	0.046175517	2083	0.00093227345	0.200279	1219	0.0012801898	0.12079435	2181	0.0039945394	0.22927257	5397	0.7008551	13.909316	394225	0.0009440736	2.4147656	1728	0.006982364	0.6093274	8508	0.0013981247	0.046481166	2247	0.0035135	0.737276	2354	0.0043595713	0.8532976	1912	0.0009048094	3.708795	1322	0.0010284393	4.018539	1497	NaN	0	0	0.00056389434	0.00857617	495	0.000680712	0.010040646	540	0.005461422	0.6970991	7527	NaN	0	0	0.0001644595	0.0025646894	150	0.00014363977	0.002154252	308
bin.33	0.00034208948	1.1281979	1077	0.00028162138	0.9733566	861	0.0049393857	0.045498554	5587	0.005568735	0.05262692	4660	0.01332276	1.8945273	26415	0.0141415745	1.993378	55557	0.00028285926	0.0036789125	43	0.06687427	0.22542188	24356	0.0039488943	1.1867157	13281	0.0034730278	1.0851042	9867	0.0004296022	0.32863367	20311	0.005986956	0.05137423	6244	0.0013856133	1.9875348	36925	0.0068342863	0.029920258	4291	0.0023397089	0.027761487	2610	0.002635556	0.030686008	5918	0.000114640934	0.46541417	900	0.00010819094	0.44639835	584	NaN	0	0	0.035977412	6.3290315	25269	0.04008458	6.357504	18754	0.00483864	0.9838824	48746	0.0067458265	0.07923092	9751	0.0031832007	1.0834806	4355	0.0034182917	1.0744678	3552	0.00666008	0.050803993	6044	0.01002929	1.8953557	42361	0.0073847338	1.3824075	15788	0.007029985	0.18196835	15242	0.002736986	0.4589648	5187	0.28558078	6.286494	210759	0.34652287	6.450417	281940	0.020518947	0.7222366	38009	0.0014225296	3.2278898	4289	0.018950434	1.4670267	38035	0.003121734	0.080523655	7228	0.019475253	3.666188	21735	0.022122514	3.8970342	16214	0.00055169745	2.137909	1415	0.0005870591	2.164211	1497	NaN	0	0	0.006513592	0.076251425	8172	0.007346253	0.08452657	8441	0.017769922	2.5204558	50533	NaN	0	0	0.0042264382	0.021510366	2336	0.0027888147	0.014370495	3815
bin.164	0.00035084086	1.2058779	1296	0.00031063112	1.1246455	1120	0.002796362	0.026438393	3655	0.0030528647	0.02873925	2865	0.010515963	1.5031384	23595	0.011103567	1.5562671	48832	0.00019289255	0.002887775	38	0.06419348	0.20567845	25019	0.0034356604	1.0170991	12815	0.0030140409	0.9011177	9225	0.00029651716	0.26679707	18564	0.005567016	0.04232917	5792	0.0013815656	1.704491	35651	0.04379002	0.1133533	18302	0.0027226096	0.017979175	1903	0.0027432756	0.018947788	4114	0.00013503336	0.54981935	1197	0.000120062796	0.49767113	733	NaN	0	0	0.021055304	3.390716	15241	0.024739016	3.55096	11793	0.0028715618	0.6145376	34278	0.01693184	0.08342469	11559	0.003815031	1.3077861	5918	0.0040981923	1.367356	5089	0.0056578503	0.041564576	5567	0.0063605336	1.2077693	30390	0.004584331	0.8587092	11041	0.017942658	0.36044073	33990	0.004477309	0.69131684	8796	0.070304744	1.7162161	64777	0.293539	5.711574	281058	1.3689282	26.825756	1589389	0.0033948596	3.48949	5220	0.014332253	1.031011	30094	0.002875116	0.058264215	5888	0.012616345	2.2016761	14695	0.013679244	2.2913632	10733	0.00062196224	2.445175	1822	0.00071896316	2.6491454	2063	NaN	0	0	0.0038879702	0.045078285	5439	0.0043205726	0.051846825	5829	0.012391443	1.5990713	36094	NaN	0	0	0.0020866625	0.012031406	1471	0.0012195468	0.007765709	2321
bin.235	0.000437855	1.5860769	1446	0.00042821656	1.6311896	1378	0.00050518825	0.007913221	928	0.0005496941	0.008857073	749	0.0058253976	1.3403746	17848	0.0064207558	1.4285113	38023	0.000059395938	0.00089585426	10	0.001033263	0.0119395275	1232	0.0024685345	0.83317494	8905	0.002243163	0.7524054	6534	0.00015490367	0.17989115	10618	0.00080963725	0.013525971	1570	0.0008693539	1.3986043	24815	0.00055292784	0.008571588	1174	0.00027586365	0.004031783	362	0.00033527083	0.00461499	850	0.00011383756	0.4737961	875	0.00009342318	0.39618796	495	NaN	0	0	0.014178912	2.666419	10167	0.016609157	2.7580373	7770	0.0023454216	0.5140106	24321	0.007815711	0.02754068	3237	0.005008755	1.8813814	7222	0.0057267467	2.0417242	6446	0.0007435217	0.012454211	1415	0.0035593538	0.77630675	16570	0.0028847593	0.60227466	6569	0.00047220697	0.029664569	2373	0.00046663778	0.18539439	2001	0.7524732	16.145527	516944	0.042895276	0.84158045	35130	0.000962591	0.1007366	5063	0.0007495113	1.8849951	2392	0.004479593	0.53791374	13319	0.0010483651	0.034622274	2968	0.0065117786	1.3617451	7710	0.007539261	1.459431	5799	0.0006067369	2.4648283	1558	0.00069226016	2.6309583	1738	NaN	0	0	0.00085101184	0.014518601	1486	0.0009986949	0.017196085	1640	0.0036733279	0.67737687	12970	NaN	0	0	0.00061180984	0.003654269	379	0.00035829237	0.0031711708	804
bin.116	0.0003225202	1.1181933	795	0.00026450856	0.9760229	643	0.0066547715	0.043060075	3938	0.0063023185	0.04776533	3150	0.01982976	2.2896504	23776	0.020888371	2.4072602	49968	0.00022503859	0.0032165418	28	0.14062434	0.4323641	34792	0.0042501264	1.2204006	10172	0.004130306	1.1728733	7943	0.00026900333	0.25872368	11909	0.0062048757	0.05216613	4722	0.0023071219	2.0716252	28664	0.0118313525	0.06505929	6949	0.02660982	0.07786428	5452	0.027828695	0.08335129	11972	0.00013098247	0.53742546	774	0.000111285415	0.47211492	460	NaN	0	0	0.037760053	5.600436	16653	0.04111779	5.615423	12337	0.004911689	0.87598383	32323	0.025612503	0.12932743	11854	0.0042483467	1.3131557	3931	0.0047613624	1.4101988	3472	0.0113659315	0.06638633	5882	0.022545034	2.3379977	38917	0.014556494	1.5787033	13428	0.0445685	0.80353695	50127	0.007088758	0.88499594	7449	0.3624959	8.029185	200479	0.5214114	9.876039	321493	0.7468178	14.86514	582634	0.0019592324	3.5347822	3498	0.024616206	1.6137869	31161	0.0031833583	0.07187518	4805	0.019308	3.5564597	15703	0.022235237	3.8048544	11790	0.00059368985	2.3208067	1144	0.00069195754	2.447784	1261	NaN	0	0	0.0070802574	0.07127475	5689	0.0078946985	0.077607885	5772	0.019064207	2.5724747	38412	NaN	0	0	0.010437879	0.035385456	2862	0.0060170945	0.02109082	4170
bin.191	0.0003352492	1.1968766	598	0.0002851743	1.0756645	498	0.0009402874	0.012463214	801	0.0010909475	0.014500064	672	0.0053314515	1.1546499	8426	0.006134943	1.29285	18859	0.000021407011	0.00032693363	2	0.0023203758	0.01824939	1032	0.0024646283	0.8138412	4767	0.0023309933	0.7591594	3613	0.00013398891	0.15540616	5027	0.0013372316	0.016616365	1057	0.00095175055	1.5758564	15323	0.0013531216	0.015174318	1139	0.0006254811	0.007925842	390	0.000781889	0.009411692	950	0.000102216465	0.42189422	427	0.00010712983	0.44689938	306	NaN	0	0	0.016287686	3.0459743	6365	0.018151138	3.0597172	4724	0.0019021393	0.47156146	12228	0.002621549	0.036793623	2370	0.003949178	1.4298465	3008	0.004369453	1.5107918	2614	0.001088229	0.015899638	990	0.0030778002	0.7697304	9004	0.0024732025	0.59474003	3555	0.0005894124	0.03585792	1572	0.003599742	0.7237474	4281	0.010604913	0.34781185	6103	0.006166051	0.2534474	5798	1.2797521	25.134651	692311	0.0017266454	2.2518167	1566	0.0063609285	0.6457822	8763	0.0018620134	0.041549303	1952	0.011560855	2.0442235	6343	0.012057075	2.0315979	4424	0.000674008	2.6962385	934	0.0007854014	2.919654	1057	NaN	0	0	0.0012696523	0.019967157	1120	0.0016529568	0.02481521	1297	0.0053975265	0.87492865	9181	NaN	0	0	0.00019133734	0.0030260913	172	0.00022053732	0.0027780696	386
bin.166	0.0003269007	1.186546	872	0.00031156954	1.1806561	804	0.00031602551	0.0049295053	466	0.00034747226	0.005369102	366	0.011204559	1.9774089	21225	0.011920248	2.1328208	45762	0.00015024908	0.0020004238	18	0.00037922952	0.006840705	569	0.004186285	1.2249871	10554	0.003859152	1.1133847	7794	0.00015441592	0.17604184	8376	0.0003848341	0.006861452	642	0.00097217376	1.4269688	20409	0.0010386093	0.011240281	1241	0.00029579335	0.0046561896	337	0.00033658656	0.0052199424	775	0.00015081839	0.6179928	920	0.00015297833	0.62652385	631	NaN	0	0	0.015825072	2.9066563	8934	0.017642243	2.8816056	6544	1.1991788	42.277935	1612542	0.00050314283	0.009161442	868	0.009433298	3.404923	10536	0.010617259	3.6743202	9351	0.0005069021	0.008800492	806	0.59205985	23.616747	406347	1.5061643	52.27603	459616	0.00052453764	0.03197725	2062	0.0003432668	0.13631585	1186	0.0007261899	0.08826218	2278	0.0010954943	0.11863699	3992	0.0007552963	0.100063406	4054	0.00078430056	2.0001695	2046	0.0049090115	0.56940675	11365	0.0011858442	0.03944843	2726	0.0034751757	0.68886817	3144	0.0040240344	0.74305254	2380	0.00061211456	2.4238083	1235	0.00070652657	2.638473	1405	NaN	0	0	0.00066792493	0.011247762	928	0.00068129844	0.011550767	888	0.0030073964	0.5630181	8690	NaN	0	0	0.00025531344	0.003923262	328	0.00017392212	0.0024318239	497
bin.79	0.0004564445	1.3631365	820	0.00032203714	1.1248441	627	0.008302353	0.053037394	4104	0.008412132	0.054141294	3021	0.009562498	1.688699	14837	0.01025301	1.7383924	30531	0.0004900131	0.0048877546	36	0.21185207	0.5994089	40811	0.005246592	1.3082334	9226	0.0047403798	1.2277399	7035	0.00027460247	0.27057946	10538	0.016718999	0.088264294	6760	0.0012830264	1.9899864	23297	0.051975045	0.1421115	12843	0.01944165	0.057288833	3394	0.020048743	0.059928257	7283	0.00015520374	0.62614876	763	0.00013976471	0.58952457	486	NaN	0	0	0.024479764	4.458429	11217	0.027701654	4.5409064	8441	0.003951157	0.79415774	24794	0.08039139	0.26363912	20446	0.00461415	1.4276353	3616	0.005469758	1.6153303	3365	0.011500237	0.06620237	4963	0.0077631655	1.5639254	22026	0.0063155927	1.2227778	8800	0.0014453173	0.07072417	3733	0.0014497068	0.39513284	2814	0.3564979	7.8110533	165018	1.0979183	19.360231	533241	0.0044239243	0.24958695	8277	0.0014239552	3.2652545	2734	0.017677115	1.4101787	23039	0.006554529	0.08554937	4839	0.031316366	3.4567802	12914	0.03661213	3.872145	10152	0.00068244233	2.6973743	1125	0.0007332094	2.7071712	1180	NaN	0	0	0.009455061	0.08400174	5673	0.010822947	0.09695189	6101	0.018593691	2.3260293	29387	NaN	0	0	0.016241675	0.04487564	3071	0.008257847	0.024986729	4180
bin.251	0.00038353278	1.3359952	1085	0.0003380255	1.2411416	934	0.0014282162	0.018819496	1966	0.001792289	0.023403455	1763	0.012319356	1.7007787	20174	0.013103402	1.7839237	42298	0.00019919798	0.002815883	28	0.0011999568	0.020441953	1879	0.008882146	1.6755748	15953	0.008287197	1.5769436	12199	0.00020173486	0.20570883	10816	0.0015236464	0.021044903	2176	0.04176493	13.217291	208902	0.00086574454	0.012597554	1537	0.0005161927	0.007901779	632	0.0006194516	0.009374052	1538	0.00016992564	0.69782186	1148	0.00015047222	0.618164	688	NaN	0	0	0.1313232	8.2299795	27954	0.14102098	8.143981	20438	2.4777184	90.57573	3817702	0.0022904493	0.0390638	4090	0.0048411633	1.5978987	5464	0.005674396	1.8023878	5069	0.0017165066	0.026440222	2676	0.07692046	4.6715436	88824	2.010322	73.03256	709581	0.00048764495	0.03323083	2368	0.00038402923	0.15798888	1519	0.0011597191	0.14546932	4149	0.0017120985	0.1742118	6478	0.0010738975	0.12054551	5397	0.00093517156	2.3434203	2649	0.018992264	1.4933356	32938	0.0018308957	0.05458064	4168	0.013232858	2.2527628	11362	0.015373015	2.410463	8532	0.00057822105	2.2963438	1293	0.00068990653	2.4589627	1447	NaN	0	0	0.0020560152	0.030918632	2819	0.00220839	0.033511385	2847	0.009330692	1.4977264	25546	NaN	0	0	0.0004094865	0.0054768524	506	0.0003267233	0.0043126256	974
bin.333	0.00032808635	1.1526129	406	0.0003112157	1.151979	376	0.0027790142	0.029574102	1340	0.0028366328	0.030912295	1010	0.0060562273	1.2140598	6246	0.006821096	1.2577814	12935	0.00027533475	0.004173605	18	0.011768086	0.06110197	2436	0.0031075047	0.91536766	3780	0.0030510898	0.8452408	2836	0.00034278663	0.25867054	5899	0.004877787	0.04673708	2096	0.0011923716	1.8892324	12951	0.006350131	0.047110416	2493	0.0031594916	0.022744013	789	0.0035800724	0.024015706	1709	0.0001241726	0.49752313	355	0.00011271766	0.45988637	222	NaN	0	0	0.034855824	6.557136	9660	0.038176898	6.4898	7064	0.0032916055	0.79616725	14555	0.006059478	0.057452306	2609	0.0032119292	0.9897987	1468	0.0039068637	1.1526397	1406	0.0046246815	0.048339996	2122	0.0052181785	1.3391794	11044	0.004745319	1.117206	4708	0.005940141	0.14194152	4387	0.0005426097	0.20862685	870	0.02355988	0.9018177	11156	0.041992616	1.258989	20305	1.5123209	29.48778	572613	0.12537092	45.977245	22542	0.010539057	1.0076727	9640	0.038557507	0.30983123	10262	0.024007017	4.911898	10745	0.028547244	5.3946977	8282	0.0004652546	1.7852833	436	0.000583213	2.0726278	529	NaN	0	0	0.007176506	0.06766959	2676	0.007701808	0.074522555	2746	0.024403542	2.702796	19995	NaN	0	0	0.0005504359	0.0055400766	222	0.00057601836	0.0061863954	606
bin.221	0.0056177075	4.0211205	5972	0.005263787	3.9297345	5408	82.26633	176.30746	33681708	81.762146	176.15169	24266496	0.019861711	2.097077	45489	0.020303685	2.1803627	94541	84.62635	177.44759	3226721	63.99375	170.1076	28594070	0.012382914	1.9912	34669	0.012054094	1.9367025	27398	0.05975456	9.885024	950472	74.8009	175.38773	33163400	0.003039046	2.6737738	77281	75.26742	175.19751	39089790	77.828964	176.05899	25751248	77.62397	175.99013	52803796	0.0022604782	1.8836838	5667	0.0023581425	1.9112477	3890	NaN	0	0	0.04112095	6.4014025	39762	0.04425344	6.32641	29034	0.0050762347	1.0040431	77391	66.5497	173.9598	33307776	2.2009735	110.50612	691028	2.1790047	104.67768	538364	75.401726	175.95299	32566086	0.010262544	2.0333009	70700	0.008600475	1.5544986	27620	0.001997243	0.07576363	9873	1.2526737	70.73233	1243647	0.0029770383	0.29021502	15137	0.010034251	0.4981444	33874	0.0031719555	0.24695079	20219	0.17635778	64.023254	132348	0.1267763	3.8219664	154161	23.736725	105.371284	14714965	2.2289164	67.74535	624837	2.1673656	61.87746	400526	0.0047859126	5.441406	5603	0.004831093	5.598769	6025	NaN	0	0	73.75868	175.27911	29224892	73.17029	175.01398	27190408	0.22997512	10.746083	335188	NaN	0	0	83.43397	176.58128	29834036	84.80394	176.97498	73093190
bin.187	0.0005349965	1.6619072	1035	0.00049292686	1.6046365	926	0.0064720903	0.078480035	6287	0.0073042335	0.08920292	5153	0.018383114	2.512299	22852	0.019120885	2.6235745	47703	0.0006133565	0.007999773	61	0.0048704627	0.065600134	4624	0.01137903	2.4159431	17639	0.010811224	2.2753732	13498	0.0006242168	0.5559747	22417	0.005712636	0.07124442	5649	0.54169565	125.20906	1517556	0.0060907775	0.04800061	4491	0.0023418157	0.025010617	1534	0.0027575712	0.029002547	3649	0.00018971323	0.7118201	898	0.00020333752	0.7346393	627	NaN	0	0	0.16799578	14.678594	38233	0.17805235	14.16808	27266	0.071574025	5.2499757	169690	0.009786317	0.12202126	9797	0.0045355614	1.5128366	3967	0.005108162	1.6122112	3477	0.0057226783	0.07246287	5624	0.03662207	4.7859125	69782	0.0894373	6.867857	51170	0.0015051143	0.082185246	4491	0.002518055	0.5630056	4151	0.003753515	0.36494797	7982	0.0061588036	0.46312606	13206	0.0037263567	0.29484862	10123	0.0015617161	3.6523335	3166	0.033563532	2.801925	47392	0.0050754515	0.13343678	7814	0.041813523	6.724741	26009	0.04682443	7.1509943	19410	0.0008675019	3.084849	1332	0.0009613822	3.293013	1486	NaN	0	0	0.009032549	0.112104155	7838	0.010190651	0.131423	8562	0.040851418	4.9997168	65395	NaN	0	0	0.0024918423	0.027241379	1930	0.0015102142	0.016553953	2867
bin.269	0.00053162174	1.6761189	1558	0.00046153457	1.5464678	1332	0.046911716	0.15561914	18607	0.04840976	0.16903186	14574	0.0192246	2.1619263	29351	0.019602677	2.2427044	60863	0.00042024444	0.0043932786	50	0.9816268	2.6801982	281974	0.004815047	1.446422	15762	0.004493133	1.3643352	12080	0.00072018104	0.5706223	34340	0.34107432	0.86410946	102263	0.0028201505	3.6326745	65715	0.40671262	0.98093027	136982	0.3205935	0.7603773	69608	0.32293183	0.7688529	144381	0.00036216583	1.3569248	2555	0.00031972417	1.2520975	1595	NaN	0	0	0.067650124	12.080678	46965	0.07473938	12.057315	34633	0.007409698	1.6436613	79294	0.65988797	1.869199	223997	0.0033805503	1.0220232	4000	0.003875076	1.1391977	3667	0.10723401	0.3131386	36274	0.039894763	4.7243314	102813	0.011792558	2.300262	25580	0.0013511375	0.06454128	5264	0.003331436	0.40801603	4490	1.1799588	25.801569	842279	3.168663	55.688942	2370119	0.0077040573	0.38808787	19887	0.0022247296	4.0137353	5193	0.023545334	1.8625375	47020	0.015725028	0.16974224	14836	0.18027492	12.91065	74529	0.19305259	13.290493	53843	0.00073888386	2.66888	1720	0.0007999334	2.7096202	1825	NaN	0	0	0.16149461	0.48704976	50826	0.16213304	0.5061741	49219	0.05233604	5.3744016	104920	NaN	0	0	0.113894954	0.25796172	27278	0.055733576	0.12839621	33190
bin.246	0.000471175	1.5874444	1700	0.00042088213	1.535797	1524	0.0061458126	0.078873046	10865	0.0070004426	0.09028126	8968	0.009384829	1.8195549	28460	0.010293125	1.9498001	60962	0.00051928614	0.0067114094	88	0.0033623422	0.05637434	6833	0.006133981	1.7489954	21958	0.005759788	1.650069	16832	0.0006137246	0.5531141	38349	0.0044489773	0.06424169	8759	0.0029529019	3.8516707	80274	0.0049384115	0.055940893	9000	0.0020502673	0.026918301	2839	0.0022970696	0.030658823	6633	0.00018500732	0.7463181	1619	0.00019287523	0.7917642	1162	NaN	0	0	0.09395794	13.782196	61729	0.1026312	13.77812	45595	0.015688132	2.34764	130481	0.0033925062	0.059705026	8243	0.0069999066	1.9363194	8731	0.007562686	2.1553125	7993	0.0053806975	0.07283157	9720	1.0240747	43.964283	1102289	0.07882764	6.433822	82429	0.0010365774	0.068706445	6456	0.0010936714	0.3201564	4059	0.0032086605	0.37511793	14108	0.00418471	0.39004308	19125	0.0025992976	0.24675897	14568	0.0016820247	4.1091194	6125	0.034659784	2.8564453	83079	0.0058008456	0.15315318	15422	0.040658977	7.4311395	49422	0.04560476	7.7578363	36209	0.0008239991	3.1583166	2345	0.0008918152	3.259167	2529	NaN	0	0	0.007958485	0.11493302	13818	0.008847966	0.13153142	14735	0.039059788	5.284115	118847	NaN	0	0	0.0016717445	0.021464791	2615	0.0010821722	0.013898011	4139
bin.225	0.00039345305	1.4027926	1238	0.00035980204	1.3683658	1119	0.0002779675	0.0043516015	494	0.00038895445	0.005961357	488	0.008880813	1.9553432	25204	0.009711226	2.0726595	53404	0.000034489425	0.0005552717	6	0.00054302556	0.009590888	958	0.0041067046	1.2057569	12475	0.0040443875	1.1541198	9702	0.0002480105	0.26448798	15112	0.0005940385	0.008980012	1009	0.00084280403	1.4020194	24080	0.0005559029	0.0073236795	971	0.00038227855	0.0063050142	548	0.0005027848	0.008312219	1482	0.00013967326	0.5878995	1051	0.00013158798	0.5556257	672	NaN	0	0	0.016775442	3.2064228	11835	0.019249443	3.303487	9009	0.0028518	0.5950722	27256	0.0007840894	0.014493375	1649	0.0117953755	4.3252	16072	0.013626779	4.7536755	14528	0.0006880631	0.011765516	1294	0.0033903348	0.74823374	15460	0.002882989	0.64348406	6794	1.2486879	14.368787	1112661	0.012635952	0.8937588	9338	0.0037510246	0.19674926	6098	0.0055086967	0.24136408	9753	0.0009506439	0.110231094	5363	0.0008816295	2.2224326	2730	0.0046592006	0.56148535	13458	0.0011816944	0.038814977	3221	0.00512636	1.0201119	5591	0.005885109	1.1036339	4245	0.0006269744	2.4253252	1484	0.00070037786	2.6396937	1688	NaN	0	0	0.00055542885	0.009608594	952	0.00063685706	0.010940169	1010	0.0037999023	0.6790935	12587	NaN	0	0	0.0003181687	0.0034961123	351	0.0002160476	0.0024202876	594
bin.195	0.31773302	166.99152	129881	0.30781654	171.67302	123724	0.00025765205	0.0039181784	392	0.00029010756	0.0045187552	326	0.6297285	24.455368	277808	0.6334606	24.072542	546628	0.00039577464	0.0014701384	14	0.0005560411	0.010746337	946	3.8750987	191.11545	1742612	3.904422	196.03741	1452357	0.0009241904	0.35798046	18026	0.00068788667	0.0113508385	1124	0.0019351967	1.6926593	25621	0.004724951	0.017270591	2018	0.0003866378	0.007885303	604	0.0004945404	0.009075368	1426	0.008146488	5.314439	8373	0.007789946	5.1881685	5530	NaN	0	0	0.020702777	3.174392	10326	0.022252064	3.1825602	7649	0.005250727	0.7950488	32093	0.00086692895	0.016395573	1644	0.012898434	4.719034	15454	0.01528326	5.3193054	14327	0.0022640447	0.018508663	1794	0.005347992	1.0012397	18232	0.0058816397	0.9669097	8997	0.0015720541	0.06101602	4164	0.00018958563	0.07602219	700	0.00086738606	0.10975725	2998	0.0019671333	0.1716021	6111	0.00090967695	0.11525904	4942	0.0009983102	2.5651796	2777	0.0053137955	0.6578451	13896	0.0013480445	0.04341385	3175	0.0042502643	0.91403955	4415	0.004695685	0.94105273	3190	0.21150891	126.1666	68035	0.21642698	122.2098	68873	NaN	0	0	0.00062771485	0.0115211755	1006	0.0007830279	0.01433102	1166	0.0043821614	0.7811491	12760	NaN	0	0	0.00026508403	0.0033905911	300	0.00017944226	0.002468867	534
bin.321	0.0006213458	1.8436404	801	0.0006196732	1.922578	774	0.010139366	0.11142225	6227	0.011384102	0.12818895	5166	0.008108484	1.7054222	10822	0.00884926	1.7950975	22770	0.00078976864	0.009023321	48	0.34892654	1.0508393	51674	0.0054427143	1.629159	8298	0.00486871	1.4776003	6115	0.00089516724	0.781452	21981	0.011970191	0.10263027	5677	0.0033081202	4.8267655	40812	0.026226737	0.13612516	8885	0.0376388	0.11893476	5089	0.040288765	0.12959582	11375	0.00023106413	0.73401296	646	0.00021392926	0.6684469	398	NaN	0	0	0.0963423	16.656843	30267	0.10864376	16.856627	22631	0.011433522	2.5489268	57475	0.06832281	0.3111125	17426	0.004375189	1.2244897	2240	0.0045491876	1.2967368	1951	0.026198873	0.13772465	7457	0.026623169	5.117735	52057	0.017796485	3.5041962	18214	0.0014676722	0.08013815	3055	0.0010677506	0.37425533	1925	1.5236197	34.196617	521779	0.59932244	11.31734	225133	0.49899384	10.405985	249239	0.0029752534	4.6830635	2832	0.027914898	2.450654	28917	0.010603864	0.19523811	7976	0.09117851	15.390379	41526	0.10316371	16.11135	30508	0.00062682707	2.2773566	686	0.0006610588	2.2966259	723	NaN	0	0	0.014912462	0.17805885	8685	0.018260386	0.21516317	9779	0.0657747	8.107932	73983	NaN	0	0	0.030285135	0.09167337	4531	0.014957984	0.04879877	5896
bin.52	0.0004835598	1.7453747	2168	0.000385649	1.5030547	1730	0.00022609723	0.0034735354	555	0.00030727335	0.0047996216	553	0.08706746	7.223876	131057	0.08961594	7.310245	265107	0.00009037027	0.0013150458	20	0.0005195292	0.009844326	1384	0.008783395	1.9197769	27956	0.008253906	1.7908396	21189	0.00020742686	0.23602587	18981	0.0006684146	0.0118498225	1874	0.0013799383	1.6599336	40127	0.0006494301	0.0111891525	2088	0.0005264814	0.008730384	1068	0.0005582023	0.009340774	2344	0.00018438781	0.7710076	1940	0.00014830648	0.6444307	1097	NaN	0	0	0.015910687	2.465417	12808	0.01849529	2.5440452	9765	0.9519294	34.8227	2244907	0.0008339319	0.01673556	2680	0.017778171	6.5234356	34118	0.020412758	7.1368155	30699	0.0005725424	0.009638336	1492	0.024793204	1.6224103	47182	0.70784485	25.662323	381353	0.0004783715	0.034838095	3797	0.0004964462	0.1697335	2496	0.0007784999	0.098571345	4300	0.0012592607	0.14444366	8215	0.0008449883	0.113979235	7805	0.0010058779	2.5796297	4460	0.0050975243	0.64528704	21769	0.0014934933	0.04928173	5756	0.0037636678	0.7910193	6102	0.004311419	0.8380553	4537	0.0007681556	3.11888	2686	0.0008724697	3.3776236	3040	NaN	0	0	0.00054713956	0.010003538	1395	0.00060324784	0.011089787	1441	0.0035402544	0.6855716	17885	NaN	0	0	0.0002284426	0.0034746916	491	0.00015271417	0.0021017143	726
bin.37	0.0003913021	1.3227677	772	0.00038609086	1.3923889	753	0.0067313677	0.06313846	4740	0.0073421705	0.073390074	3973	0.019600807	2.3064952	19661	0.02046155	2.3954587	40817	0.000424991	0.006297385	45	0.050293557	0.19898225	13144	0.005082719	1.3775074	9425	0.0046514026	1.2942371	7195	0.0005232227	0.41600868	15719	0.0053111543	0.054100994	4020	0.0018197901	2.506914	28474	0.008635669	0.05434586	4765	0.0032210236	0.029228615	1680	0.0036019285	0.033577446	3959	0.0001361424	0.52442753	620	0.00012785723	0.5301177	424	NaN	0	0	0.050112054	7.693811	18780	0.053704623	7.653551	13803	0.009331783	1.418819	42976	0.008074612	0.064259715	4835	0.0038904806	1.040544	2557	0.004436035	1.1592829	2343	0.006610875	0.06231033	4532	0.02093959	2.9515455	40330	0.015875544	2.1256812	14842	0.009356327	0.22763419	11657	0.0042160884	0.77676827	5367	0.22942707	5.229025	107177	0.34553853	6.678679	178469	0.15879966	3.7082605	119311	0.003077286	4.2875867	3483	0.026856465	1.9426894	30793	0.004315481	0.10359351	5685	0.035811383	5.152434	18675	0.041214526	5.458668	13885	0.00054164743	2.1376946	865	0.00061198114	2.2440925	949	NaN	0	0	0.011399095	0.12012855	7871	0.01284016	0.13098548	7997	0.03077193	3.9319024	48195	NaN	0	0	0.00640062	0.031960756	2122	0.005859919	0.02558181	4152
bin.47	0.0005125162	1.7203687	1280	0.00044776147	1.630336	1124	0.00082630664	0.010271041	983	0.0010229934	0.013548015	935	0.0056623407	1.1380376	12367	0.005959553	1.1932403	25920	0.00026970071	0.002963854	27	0.0021983925	0.017681811	1489	0.0023946455	0.7664068	6685	0.002148964	0.70959413	5029	0.0002567354	0.21276698	10249	0.0017303035	0.017882897	1694	0.000848395	1.3712168	19855	0.0005111869	0.007380789	825	0.000566205	0.008161038	598	0.00051255483	0.0076973424	1157	0.00014343341	0.5513662	831	0.00012625771	0.49527127	505	NaN	0	0	0.016115548	3.0583787	9517	0.018303929	3.1216033	7177	0.0017654571	0.42566586	16437	0.0013517557	0.022852207	2192	0.0037794204	1.4000502	4386	0.004253151	1.5024	3871	0.0013152249	0.014440957	1339	0.003302391	0.7503123	13070	0.0022927532	0.52498484	4673	0.0005659986	0.036808636	2403	0.0026109668	0.61850363	5448	0.057207953	1.3400424	35015	0.0042583346	0.24185084	8239	0.898784	17.782534	729388	0.0021766564	2.6206832	2714	0.006520271	0.6297796	12726	0.0016531994	0.041094642	2875	0.0072261444	1.4887521	6879	0.008807714	1.6822125	5455	0.0006228245	2.382466	1229	0.00064740056	2.3204763	1251	NaN	0	0	0.0016192725	0.020831035	1740	0.0016743586	0.02325519	1810	0.006690938	0.95198965	14876	NaN	0	0	0.0010585606	0.007951188	673	0.00095195754	0.006355431	1315
bin.240	0.00044901617	1.5155345	1029	0.00034137705	1.2032214	757	0.00088197686	0.01214829	1061	0.0011939271	0.01668805	1051	0.01030858	2.1093628	20918	0.011048243	2.2184894	43977	0.00014741711	0.0021652314	18	0.0007960662	0.014079856	1082	0.0050034644	1.4288012	11373	0.0046394463	1.3351485	8635	0.00023925558	0.25831446	11355	0.0013690875	0.020209529	1747	0.0012488968	1.9295862	25497	0.0012894453	0.021538613	2197	0.00078418734	0.013025705	871	0.0008580533	0.01385889	1901	0.0001673709	0.698717	961	0.00015464924	0.61043423	568	NaN	0	0	0.022266688	4.1018653	11648	0.025170669	4.191886	8795	0.0041090483	0.7748388	27304	0.0012277106	0.022722768	1989	0.009921025	3.5521703	10155	0.010753422	3.729081	8768	0.0010913787	0.015600129	1320	0.006126758	1.2401669	19714	0.0059253573	1.0353467	8410	0.0005104277	0.038371697	2286	0.00071594334	0.2499332	2009	0.0010011198	0.13793266	3289	0.0016048645	0.17296252	5377	0.0010944138	0.12115774	4535	0.0009452959	2.3882241	2257	1.9699177	36.244873	668361	0.0018103856	0.0526917	3364	0.008970961	1.8948845	7990	0.010138382	1.9701236	5830	0.000722045	2.9039032	1367	0.0008636285	3.199362	1574	NaN	0	0	0.0015892191	0.025188465	1920	0.002077937	0.033142604	2354	0.014229517	1.3836746	19731	NaN	0	0	0.0002557306	0.0040652333	314	0.00023711506	0.0035431064	669
bin.36	0.00042090635	1.5434725	364	0.00038562156	1.4552041	318	0.00045906496	0.0069884793	212	0.0005114439	0.007862822	172	0.00535736	1.2501214	4306	0.005762977	1.3113495	9029	0.00008941177	0.0013852842	4	0.0064376076	0.02862275	764	0.0028119388	0.8112844	2243	0.002485986	0.77234936	1735	0.00013127766	0.15954602	2436	0.0010954457	0.013022283	391	0.0007963539	1.3081659	6004	0.0015971434	0.018967235	672	0.0031845006	0.014725033	342	0.0030627188	0.01322312	630	0.00015094469	0.61960757	296	0.00014208505	0.5971658	193	NaN	0	0	0.012173258	2.5184233	2484	0.014476692	2.641505	1925	0.0017037881	0.4211733	5155	0.00006675928	0.0013156291	40	0.0074261297	2.7694504	2750	0.008572399	3.0281157	2473	0.0009935531	0.013882303	408	0.0021788988	0.5969524	3296	0.0017294921	0.44552508	1257	0.0051105917	0.13487819	2791	0.00035769568	0.14828302	414	0.21175426	4.5788145	37923	0.70629203	12.188249	131608	0.6380535	12.692265	165013	0.008095314	4.4630136	1465	0.0037503527	0.46588787	2984	0.007254628	0.07138619	1583	0.0064618113	1.3484974	1975	0.0079586515	1.5430329	1586	0.0009822509	3.9141793	640	0.0010825061	4.1198215	704	NaN	0	0	0.0010012055	0.0134083675	355	0.0011635186	0.017429935	430	0.0046686754	0.7036144	3485	NaN	0	0	0.0001257834	0.0020127816	54	0.000069324524	0.0010978364	72
bin.352	0.00039822745	1.3736291	1060	0.00038344518	1.4236743	1018	0.00061217946	0.0075153946	746	0.0008349589	0.009947091	712	0.005050757	1.048193	11814	0.0054996563	1.1167489	25160	0.0001066302	0.0016934213	16	0.0008222018	0.012147852	1061	0.0022090306	0.7409334	6703	0.0021595573	0.7172257	5272	0.00022021204	0.20069925	10027	0.0011497041	0.017985107	1767	0.00079843955	1.3013062	19543	0.00056910294	0.009152005	1061	0.00041703586	0.006486989	493	0.0005044037	0.007799973	1216	0.00013505363	0.561036	877	0.0001224915	0.5172388	547	NaN	0	0	0.013498743	2.4381633	7869	0.0148499245	2.4067059	5739	0.0016512178	0.4015488	16082	0.0012038513	0.016866757	1678	0.0046820026	1.6958156	5510	0.005080741	1.7468085	4668	0.0012086998	0.01824923	1755	0.0028316095	0.6880573	12431	0.0020779066	0.4966407	4585	0.00043393634	0.028799342	1950	0.0026133317	0.56459695	5158	0.013321364	0.39574346	10725	0.0040990775	0.22475031	7941	0.9556587	18.785109	799147	0.0017631601	2.3759503	2552	0.005132692	0.54041225	11326	0.0011477803	0.036328275	2636	0.0071574096	1.506977	7222	0.007917526	1.5484926	5208	0.0006876609	2.7755773	1485	0.0007478105	2.8292956	1582	NaN	0	0	0.0014917202	0.021134987	1831	0.0016298481	0.023710206	1914	0.0057836445	0.877832	14227	NaN	0	0	0.0006973509	0.006515759	572	0.00047943814	0.004091342	878
bin.230	0.0003415801	1.2506872	890	0.00033576306	1.3194022	870	0.0034764935	0.03375721	3090	0.0039048984	0.03934442	2597	0.012483023	1.6493045	17142	0.013271901	1.7500079	36358	0.0002050883	0.0029841007	26	0.037387546	0.13583025	10940	0.0032733805	1.033506	8622	0.0031129015	0.9692613	6570	0.00021202992	0.2086984	9615	0.015916811	0.0675386	6119	0.0011130153	1.6686472	23109	0.0037091533	0.01983977	2121	0.0023626531	0.019762466	1385	0.0021936414	0.020979056	3016	0.0001380381	0.563997	813	0.00012744199	0.5383419	525	NaN	0	0	0.027825365	4.9025655	14591	0.029474871	4.7058525	10348	0.0032538518	0.6856866	25324	0.010537997	0.06458372	5925	0.0046370635	1.6754283	5020	0.0053827795	1.8544953	4570	0.006287867	0.03979369	3529	0.007840804	1.4279339	23790	0.0051937466	1.0257974	8733	0.012566953	0.2822268	17622	0.00474367	0.69665277	5869	0.2073287	4.5771565	114389	0.4795521	8.744234	284906	0.015116778	0.59385735	23297	0.0012855346	2.9611735	2933	0.014769439	1.194362	23083	0.0029588586	0.06843292	4579	0.013710626	2.5567262	11299	0.015988862	2.7435427	8509	0.00065133633	2.5335643	1250	0.00062995363	2.3466713	1210	NaN	0	0	0.0058655352	0.06826905	5454	0.00614499	0.07349455	5471	0.013413973	1.8627167	27839	NaN	0	0	0.0152485045	0.040294707	3262	0.006821373	0.020288592	4015
bin.181	0.0008285412	2.4342027	1376	0.00075567304	2.3711507	1242	0.0044512763	0.042234506	3071	0.0047240853	0.04821341	2528	0.0073819705	1.5330268	12657	0.007978773	1.6333342	26956	0.00034064852	0.004479004	31	0.03723298	0.1329956	8509	0.0042743813	1.3352998	8849	0.004173405	1.2948292	6972	0.00040160445	0.3836335	14040	0.008471712	0.054856528	3948	0.0016005659	2.430479	26738	0.01086399	0.051258303	4353	0.004427238	0.025920136	1443	0.004825295	0.029317006	3348	0.00023360965	0.8462323	969	0.00020634932	0.72417134	561	NaN	0	0	0.035422448	6.1340294	14502	0.03975039	6.1473064	10738	0.0040659653	0.90961254	26686	0.04332348	0.16813445	12253	0.0034726881	1.2604424	3000	0.0039634258	1.3690646	2680	0.008433743	0.051926117	3658	0.009199103	1.9179453	25383	0.0065155295	1.3490106	9123	0.000803904	0.056512658	2803	0.000872466	0.3063273	2050	0.923255	19.912592	395309	0.07605423	1.5900927	41155	0.008322779	0.40166312	12517	0.0013864532	2.8825338	2268	0.012157565	1.3422645	20607	0.0026218279	0.07984532	4244	0.020335514	3.4527268	12121	0.022104347	3.5134199	8656	0.0009187116	3.4394693	1348	0.0010811965	3.8843353	1591	NaN	0	0	0.00629016	0.072295584	4588	0.00701976	0.08159534	4825	0.016607834	2.641826	31364	NaN	0	0	0.0013687597	0.008381707	539	0.0015502669	0.009554674	1502
bin.176	0.00045151915	1.5855247	727	0.0003950099	1.4592494	620	0.000377555	0.0056797955	335	0.0005229795	0.007711962	328	0.00675899	1.2568301	8417	0.007670499	1.4105577	18883	0.00028448075	0.0042749518	24	0.008481355	0.031851646	1653	0.0035951003	0.98149854	5276	0.0034005535	0.98978436	4323	0.00017625508	0.20292458	6024	0.0011661958	0.01838024	1073	0.0008984755	1.454581	12980	0.001155355	0.012745895	878	0.00023896	0.0034324394	155	0.00028579345	0.004015849	372	0.00015766986	0.63628775	591	0.00014009867	0.57767737	363	NaN	0	0	0.013252206	2.5254142	4843	0.014626686	2.5125327	3560	0.0017867547	0.4395886	10461	0.0026663218	0.03862073	2283	0.004173335	1.5456132	2984	0.004919787	1.7224505	2735	0.0010100502	0.0150851505	862	0.0026265632	0.66557306	7145	0.002221274	0.5377742	2950	0.0006101902	0.037780397	1520	0.0024066688	0.54970664	2984	0.2790753	5.982835	96342	0.079219036	1.4896474	31274	2.28145	44.704502	1130028	0.003809726	3.1979718	2041	0.0064432956	0.6289213	7832	0.0020665538	0.037875686	1633	0.011004172	2.0013485	5699	0.01150786	2.0130897	4023	0.0007178721	2.7052054	860	0.00071040675	2.6546996	882	NaN	0	0	0.0013150164	0.020319838	1046	0.0013455516	0.021160912	1015	0.0057937973	0.8686383	8365	NaN	0	0	0.0003028928	0.004332638	226	0.00024582745	0.0034192645	436
bin.129	0.0005425336	1.5939373	1278	0.00046771788	1.4832736	1102	0.053565495	0.17208348	17748	0.05473395	0.18223353	13553	0.008473913	1.6193885	18964	0.0090883775	1.7206811	40279	0.0005727736	0.007028634	69	1.7515972	4.776722	433480	0.0047118505	1.496646	14068	0.004327637	1.3820235	10555	0.0006061109	0.4987893	25892	0.2744473	0.7065438	72125	0.0025440643	3.7729514	58873	0.55746096	1.3484033	162421	0.27658746	0.6456772	50985	0.2786636	0.6535278	105859	0.00018888831	0.64709884	1051	0.0001782344	0.63796747	701	NaN	0	0	0.091922894	13.83598	46397	0.099237	13.573859	33631	0.0111831995	2.1632385	90018	0.41442913	1.2181209	125914	0.003597972	1.1282744	3809	0.004052213	1.2529845	3479	0.09173463	0.2718754	27166	0.020391177	3.98647	74833	0.01737711	3.109804	29830	0.0016651868	0.08193109	5764	0.003701919	0.44752625	4248	6.3224344	137.7103	3877691	6.01725	106.54535	3911403	0.0033386024	0.24619123	10882	0.0019445068	3.7230983	4155	0.025634874	2.0974638	45674	0.012284082	0.15766978	11887	0.28876767	16.897732	84140	0.318224	17.500927	61157	0.00056675554	1.9194114	1067	0.00063770433	2.019048	1173	NaN	0	0	0.033047512	0.17396203	15659	0.036351852	0.19764057	16577	0.027736234	4.2011137	70744	NaN	0	0	0.3037781	0.66516125	60671	0.16191849	0.35270664	78644
bin.51	0.00047500458	1.5238115	1004	0.00040783797	1.3906072	849	0.00828689	0.07989134	6771	0.009428515	0.093004525	5684	3.8229918	134.41904	1293548	3.8082075	130.25775	2505675	0.003176431	0.017230337	139	0.0063746953	0.07136625	5322	0.47208408	26.195305	202339	0.45791137	25.833807	162134	0.00047044695	0.43927038	18738	0.009486786	0.08962161	7518	0.0021766988	2.746156	35213	0.011305103	0.078810684	7801	0.0050843023	0.040438406	2624	0.0050146077	0.040575847	5401	0.00017705397	0.7012953	936	0.00016696131	0.648986	586	NaN	0	0	0.066285945	9.847432	27136	0.07351719	9.850162	20055	0.013293733	1.8344567	62730	0.0067146085	0.10549455	8961	0.0052498407	1.3870624	3848	0.0055401283	1.4844432	3387	0.0107305115	0.09902511	8131	0.027622929	3.8727992	59741	0.02384906	3.0024803	23667	0.0023233213	0.096571624	5583	0.006153267	1.2208573	9523	0.0050092544	0.39910504	9235	0.010210955	0.630378	19017	0.008037165	0.4559398	16561	0.0016362754	3.8437023	3525	0.043873757	2.8517284	51030	0.004116729	0.1079033	6685	0.033162422	5.9692206	24425	0.03845664	6.4416456	18498	0.00079347903	2.572164	1175	0.0009398625	2.796321	1335	NaN	0	0	0.014048809	0.14441097	10682	0.015316627	0.15918902	10972	0.08179195	7.2096562	99766	NaN	0	0	0.004237728	0.032619838	2445	0.0032051562	0.024324719	4457
