seq_name	length	topology	coordinates	n_genes	genetic_code	virus_score	fdr	n_hallmarks	marker_enrichment	taxonomy
k141_21811	6947	No terminal repeats	NA	7	11	0.9831	NA	2	11.4844	Viruses;Duplodnaviria;Heunggongvirae;Uroviricota;Caudoviricetes
k141_196940	7985	No terminal repeats	NA	10	11	0.9827	NA	1	15.0549	Viruses;Duplodnaviria;Heunggongvirae;Uroviricota;Caudoviricetes
k141_316181	3888	No terminal repeats	NA	10	11	0.9825	NA	0	13.3705	Viruses;Duplodnaviria;Heunggongvirae;Uroviricota;Caudoviricetes
k141_628513	5508	No terminal repeats	NA	6	11	0.9825	NA	2	8.5914	Viruses;Duplodnaviria;Heunggongvirae;Uroviricota;Caudoviricetes
k141_459558	8074	No terminal repeats	NA	9	11	0.9825	NA	8	13.7463	Viruses;Duplodnaviria;Heunggongvirae;Uroviricota;Caudoviricetes
k141_461321	7528	No terminal repeats	NA	8	11	0.9822	NA	1	12.3128	Viruses;Duplodnaviria;Heunggongvirae;Uroviricota;Caudoviricetes
k141_485074	3689	No terminal repeats	NA	6	11	0.9822	NA	0	6.8320	Viruses;Duplodnaviria;Heunggongvirae;Uroviricota;Caudoviricetes
k141_676312	4160	No terminal repeats	NA	9	11	0.9821	NA	1	8.2070	Viruses;Duplodnaviria;Heunggongvirae;Uroviricota;Caudoviricetes
k141_386143	7604	No terminal repeats	NA	10	11	0.9820	NA	0	12.4222	Viruses;Duplodnaviria;Heunggongvirae;Uroviricota;Caudoviricetes
k141_76126	4982	No terminal repeats	NA	8	11	0.9819	NA	1	9.9010	Viruses;Duplodnaviria;Heunggongvirae;Uroviricota;Caudoviricetes
k141_328084	9279	No terminal repeats	NA	14	11	0.9818	NA	2	19.0433	Viruses;Duplodnaviria;Heunggongvirae;Uroviricota;Caudoviricetes
k141_230827	3798	No terminal repeats	NA	5	11	0.9817	NA	1	8.3746	Viruses;Duplodnaviria;Heunggongvirae;Uroviricota;Caudoviricetes
k141_19953	8502	No terminal repeats	NA	12	11	0.9817	NA	0	15.1166	Viruses;Duplodnaviria;Heunggongvirae;Uroviricota;Caudoviricetes
k141_125134	3749	No terminal repeats	NA	5	11	0.9816	NA	2	8.5646	Viruses;Duplodnaviria;Heunggongvirae;Uroviricota;Caudoviricetes
k141_320130	4573	No terminal repeats	NA	6	11	0.9815	NA	1	6.3847	Viruses;Duplodnaviria;Heunggongvirae;Uroviricota;Caudoviricetes
k141_315302	8179	No terminal repeats	NA	8	11	0.9815	NA	1	11.0800	Viruses;Duplodnaviria;Heunggongvirae;Uroviricota;Caudoviricetes
k141_230974	4686	No terminal repeats	NA	13	11	0.9814	NA	1	8.2846	Viruses;Duplodnaviria;Heunggongvirae;Uroviricota;Caudoviricetes
k141_509310	4440	No terminal repeats	NA	6	11	0.9812	NA	2	8.5865	Viruses;Duplodnaviria;Heunggongvirae;Uroviricota;Caudoviricetes
k141_151688	5741	No terminal repeats	NA	12	11	0.9812	NA	5	9.9256	Viruses;Duplodnaviria;Heunggongvirae;Uroviricota;Caudoviricetes
k141_14062	8035	No terminal repeats	NA	17	11	0.9811	NA	1	12.8431	Viruses;Duplodnaviria;Heunggongvirae;Uroviricota;Caudoviricetes
k141_559345	2712	No terminal repeats	NA	3	11	0.9811	NA	1	4.9366	Viruses;Duplodnaviria;Heunggongvirae;Uroviricota;Caudoviricetes
k141_271858	3897	No terminal repeats	NA	5	11	0.9808	NA	3	7.6605	Viruses;Duplodnaviria;Heunggongvirae;Uroviricota;Caudoviricetes
k141_172729	8161	No terminal repeats	NA	5	11	0.9808	NA	2	8.2274	Viruses;Duplodnaviria;Heunggongvirae;Uroviricota;Caudoviricetes;Crassvirales
k141_246498	5982	No terminal repeats	NA	11	11	0.9806	NA	0	8.8415	Viruses;Duplodnaviria;Heunggongvirae;Uroviricota;Caudoviricetes
k141_133115	3781	No terminal repeats	NA	6	11	0.9804	NA	2	6.2906	Viruses;Duplodnaviria;Heunggongvirae;Uroviricota;Caudoviricetes
k141_303102	5963	No terminal repeats	NA	10	11	0.9804	NA	1	14.4780	Viruses;Duplodnaviria;Heunggongvirae;Uroviricota;Caudoviricetes
k141_438018	7266	No terminal repeats	NA	12	11	0.9804	NA	3	16.8850	Viruses;Duplodnaviria;Heunggongvirae;Uroviricota;Caudoviricetes
k141_648514	5306	No terminal repeats	NA	9	11	0.9802	NA	0	8.0895	Viruses;Duplodnaviria;Heunggongvirae;Uroviricota;Caudoviricetes;Crassvirales
k141_286673	5910	No terminal repeats	NA	9	11	0.9802	NA	4	9.7532	Viruses;Duplodnaviria;Heunggongvirae;Uroviricota;Caudoviricetes
k141_526117	7851	No terminal repeats	NA	6	11	0.9802	NA	0	7.4079	Viruses;Duplodnaviria;Heunggongvirae;Uroviricota;Caudoviricetes
k141_674022	5690	No terminal repeats	NA	7	11	0.9801	NA	2	6.8731	Viruses;Duplodnaviria;Heunggongvirae;Uroviricota;Caudoviricetes
k141_556051	5281	No terminal repeats	NA	7	11	0.9800	NA	2	8.3328	Viruses;Duplodnaviria;Heunggongvirae;Uroviricota;Caudoviricetes
k141_74199	5125	No terminal repeats	NA	12	11	0.9797	NA	1	6.5368	Viruses;Duplodnaviria;Heunggongvirae;Uroviricota;Caudoviricetes
k141_362076	6912	No terminal repeats	NA	12	11	0.9797	NA	2	4.5267	Viruses;Duplodnaviria;Heunggongvirae;Uroviricota;Caudoviricetes
k141_243679	3851	No terminal repeats	NA	5	11	0.9792	NA	2	5.8945	Viruses;Duplodnaviria;Heunggongvirae;Uroviricota;Caudoviricetes
k141_449762	7911	No terminal repeats	NA	11	11	0.9791	NA	2	6.4622	Viruses;Duplodnaviria;Heunggongvirae;Uroviricota;Caudoviricetes
k141_247101	8457	No terminal repeats	NA	7	11	0.9790	NA	1	5.3359	Viruses;Duplodnaviria;Heunggongvirae;Uroviricota;Caudoviricetes
k141_432184	5257	No terminal repeats	NA	8	11	0.9788	NA	2	6.1732	Viruses;Duplodnaviria;Heunggongvirae;Uroviricota;Caudoviricetes
k141_460413	9395	No terminal repeats	NA	19	11	0.9788	NA	3	14.3596	Viruses;Duplodnaviria;Heunggongvirae;Uroviricota;Caudoviricetes
k141_377291	7456	No terminal repeats	NA	8	11	0.9787	NA	2	6.3635	Viruses;Duplodnaviria;Heunggongvirae;Uroviricota;Caudoviricetes
k141_279175	5634	No terminal repeats	NA	8	11	0.9786	NA	2	8.1860	Viruses;Duplodnaviria;Heunggongvirae;Uroviricota;Caudoviricetes
k141_32384	9883	No terminal repeats	NA	17	11	0.9784	NA	6	18.9431	Viruses;Duplodnaviria;Heunggongvirae;Uroviricota;Caudoviricetes
k141_189363	4793	No terminal repeats	NA	11	11	0.9782	NA	0	4.6835	Viruses;Duplodnaviria;Heunggongvirae;Uroviricota;Caudoviricetes
k141_390723	4722	No terminal repeats	NA	10	11	0.9781	NA	4	9.1891	Viruses;Duplodnaviria;Heunggongvirae;Uroviricota;Caudoviricetes
k141_430167	7036	No terminal repeats	NA	13	11	0.9780	NA	0	4.7624	Viruses;Duplodnaviria;Heunggongvirae;Uroviricota;Caudoviricetes
k141_201968	6174	No terminal repeats	NA	7	11	0.9777	NA	1	10.9908	Viruses;Duplodnaviria;Heunggongvirae;Uroviricota;Caudoviricetes;Crassvirales
k141_400733	4313	No terminal repeats	NA	9	11	0.9773	NA	1	4.9383	Viruses;Duplodnaviria;Heunggongvirae;Uroviricota;Caudoviricetes
k141_284641	6647	No terminal repeats	NA	12	11	0.9772	NA	0	6.8731	Viruses;Duplodnaviria;Heunggongvirae;Uroviricota;Caudoviricetes
k141_632252	8758	No terminal repeats	NA	11	11	0.9771	NA	2	9.6380	Viruses;Duplodnaviria;Heunggongvirae;Uroviricota;Caudoviricetes
k141_197175	7747	No terminal repeats	NA	9	11	0.9764	NA	2	5.0897	Viruses;Duplodnaviria;Heunggongvirae;Uroviricota;Caudoviricetes
k141_661102	9220	No terminal repeats	NA	11	11	0.9762	NA	3	17.1828	Viruses;Duplodnaviria;Heunggongvirae;Uroviricota;Caudoviricetes
k141_281568	4062	No terminal repeats	NA	8	11	0.9760	NA	0	5.6627	Viruses;Duplodnaviria;Heunggongvirae;Uroviricota;Caudoviricetes
k141_650433	9112	No terminal repeats	NA	11	11	0.9759	NA	3	17.1828	Viruses;Duplodnaviria;Heunggongvirae;Uroviricota;Caudoviricetes
k141_16526	6821	No terminal repeats	NA	9	11	0.9756	NA	0	13.3110	Viruses;Duplodnaviria;Heunggongvirae;Uroviricota;Caudoviricetes
k141_17129	8064	No terminal repeats	NA	13	11	0.9753	NA	2	6.2069	Viruses;Duplodnaviria;Heunggongvirae;Uroviricota;Caudoviricetes
k141_655938	6942	No terminal repeats	NA	8	11	0.9752	NA	3	5.5948	Viruses;Duplodnaviria;Heunggongvirae;Uroviricota;Caudoviricetes
k141_599355	8603	No terminal repeats	NA	13	11	0.9749	NA	4	12.0280	Viruses;Varidnaviria;Bamfordvirae;Nucleocytoviricota;Megaviricetes;Imitervirales;Mimiviridae
k141_87904	6256	No terminal repeats	NA	10	11	0.9747	NA	1	5.1044	Viruses;Duplodnaviria;Heunggongvirae;Uroviricota;Caudoviricetes
k141_117028	3876	No terminal repeats	NA	8	11	0.9740	NA	0	8.3285	Viruses;Duplodnaviria;Heunggongvirae;Uroviricota;Caudoviricetes
k141_131753	7468	No terminal repeats	NA	12	11	0.9737	NA	1	5.9907	Viruses;Duplodnaviria;Heunggongvirae;Uroviricota;Caudoviricetes
k141_4035	6859	No terminal repeats	NA	8	11	0.9734	NA	3	8.5914	Viruses;Varidnaviria;Bamfordvirae;Nucleocytoviricota;Megaviricetes;Imitervirales;Mimiviridae
k141_620797	6187	No terminal repeats	NA	9	11	0.9733	NA	0	4.7194	Viruses;Duplodnaviria;Heunggongvirae;Uroviricota;Caudoviricetes
k141_155905	7951	No terminal repeats	NA	9	11	0.9730	NA	4	6.5360	Viruses;Duplodnaviria;Heunggongvirae;Uroviricota;Caudoviricetes
k141_262405	9433	No terminal repeats	NA	14	11	0.9728	NA	4	10.0501	Viruses;Duplodnaviria;Heunggongvirae;Uroviricota;Caudoviricetes
k141_148468	8090	No terminal repeats	NA	8	11	0.9728	NA	0	3.1773	Viruses;Duplodnaviria;Heunggongvirae;Uroviricota;Caudoviricetes
k141_207057	52254	No terminal repeats	NA	62	11	0.9728	NA	4	32.4463	Viruses;Duplodnaviria;Heunggongvirae;Uroviricota;Caudoviricetes
k141_664206	3876	No terminal repeats	NA	6	11	0.9723	NA	1	6.8731	Viruses;Duplodnaviria;Heunggongvirae;Uroviricota;Caudoviricetes
k141_534160	4438	No terminal repeats	NA	5	11	0.9722	NA	1	5.6021	Viruses;Duplodnaviria;Heunggongvirae;Uroviricota;Caudoviricetes
k141_265927	6491	No terminal repeats	NA	11	11	0.9721	NA	4	6.4900	Viruses;Duplodnaviria;Heunggongvirae;Uroviricota;Caudoviricetes
k141_136511	6585	No terminal repeats	NA	9	11	0.9718	NA	1	5.1508	Viruses;Duplodnaviria;Heunggongvirae;Uroviricota;Caudoviricetes;Vertoviridae
k141_651700	5417	No terminal repeats	NA	8	11	0.9709	NA	0	5.1548	Viruses;Varidnaviria;Bamfordvirae;Nucleocytoviricota;Megaviricetes;Imitervirales;Mimiviridae
k141_549875	6583	No terminal repeats	NA	9	11	0.9706	NA	2	11.2702	Viruses;Duplodnaviria;Heunggongvirae;Uroviricota;Caudoviricetes
k141_37847	5534	No terminal repeats	NA	20	11	0.9704	NA	0	6.4789	Viruses;Duplodnaviria;Heunggongvirae;Uroviricota;Caudoviricetes
k141_339095	6031	No terminal repeats	NA	11	11	0.9702	NA	1	5.0986	Viruses;Duplodnaviria;Heunggongvirae;Uroviricota;Caudoviricetes
k141_60104	9220	No terminal repeats	NA	12	11	0.9700	NA	2	8.1170	Viruses;Duplodnaviria;Heunggongvirae;Uroviricota;Caudoviricetes
k141_24932	5853	No terminal repeats	NA	6	11	0.9699	NA	0	3.4366	Viruses
k141_71422	5791	No terminal repeats	NA	5	11	0.9693	NA	1	3.0376	Viruses;Duplodnaviria;Heunggongvirae;Uroviricota;Caudoviricetes
k141_42181	5782	No terminal repeats	NA	8	11	0.9687	NA	2	7.9552	Viruses;Duplodnaviria;Heunggongvirae;Uroviricota;Caudoviricetes
k141_249078	7676	No terminal repeats	NA	12	11	0.9682	NA	2	7.8430	Viruses;Duplodnaviria;Heunggongvirae;Uroviricota;Caudoviricetes
k141_379272	5734	No terminal repeats	NA	9	11	0.9681	NA	0	5.9317	Viruses;Duplodnaviria;Heunggongvirae;Uroviricota;Caudoviricetes
k141_279183	3579	No terminal repeats	NA	7	11	0.9673	NA	0	5.1548	Viruses;Duplodnaviria;Heunggongvirae;Uroviricota;Caudoviricetes;Thumleimavirales;Hafunaviridae
k141_378817	4401	No terminal repeats	NA	6	11	0.9673	NA	3	4.3553	Viruses;Duplodnaviria;Heunggongvirae;Uroviricota;Caudoviricetes
k141_279482	3911	No terminal repeats	NA	5	11	0.9672	NA	0	3.3862	Viruses;Duplodnaviria;Heunggongvirae;Uroviricota;Caudoviricetes
k141_252121	4053	No terminal repeats	NA	5	11	0.9671	NA	0	4.5322	Viruses;Duplodnaviria;Heunggongvirae;Uroviricota;Caudoviricetes;Thumleimavirales;Hafunaviridae
k141_49687	4801	No terminal repeats	NA	9	11	0.9671	NA	0	3.5719	Viruses;Duplodnaviria;Heunggongvirae;Uroviricota;Caudoviricetes
k141_316500	4226	No terminal repeats	NA	6	11	0.9669	NA	0	3.4366	Viruses;Duplodnaviria;Heunggongvirae;Uroviricota;Caudoviricetes;Crassvirales
k141_288555	5998	No terminal repeats	NA	7	11	0.9665	NA	0	3.4366	Viruses;Varidnaviria;Bamfordvirae;Preplasmiviricota;Maveriviricetes;Priklausovirales;Lavidaviridae
k141_6842	8343	No terminal repeats	NA	16	11	0.9661	NA	1	7.9739	Viruses;Duplodnaviria;Heunggongvirae;Uroviricota;Caudoviricetes
k141_111513	4565	No terminal repeats	NA	10	11	0.9660	NA	1	7.2719	Viruses;Duplodnaviria;Heunggongvirae;Uroviricota;Caudoviricetes
k141_489168	5520	No terminal repeats	NA	7	11	0.9659	NA	1	4.4350	Viruses;Duplodnaviria;Heunggongvirae;Uroviricota;Caudoviricetes
k141_676180	8868	No terminal repeats	NA	24	11	0.9659	NA	0	6.8731	Viruses;Duplodnaviria;Heunggongvirae;Uroviricota;Caudoviricetes
k141_74892	4904	No terminal repeats	NA	11	11	0.9658	NA	1	2.9817	Viruses;Duplodnaviria;Heunggongvirae;Uroviricota;Caudoviricetes
k141_263003	4290	No terminal repeats	NA	5	11	0.9651	NA	1	5.1548	Unclassified
k141_121412	7625	No terminal repeats	NA	9	11	0.9637	NA	4	9.4250	Viruses;Duplodnaviria;Heunggongvirae;Uroviricota;Caudoviricetes;Vertoviridae
k141_524986	5924	No terminal repeats	NA	10	11	0.9637	NA	0	3.5878	Viruses;Duplodnaviria;Heunggongvirae;Uroviricota;Caudoviricetes
k141_167079	8111	No terminal repeats	NA	15	11	0.9633	NA	1	6.4117	Viruses;Duplodnaviria;Heunggongvirae;Uroviricota;Caudoviricetes
k141_16476	7197	No terminal repeats	NA	7	11	0.9629	NA	0	3.4366	Viruses
k141_465271	4299	No terminal repeats	NA	7	11	0.9629	NA	0	4.2352	Viruses;Duplodnaviria;Heunggongvirae;Uroviricota;Caudoviricetes
k141_638124	793	No terminal repeats	NA	3	11	0.9622	NA	1	3.3055	Viruses;Duplodnaviria;Heunggongvirae;Uroviricota;Caudoviricetes
k141_368047	4454	No terminal repeats	NA	6	11	0.9619	NA	2	3.4209	Viruses;Duplodnaviria;Heunggongvirae;Uroviricota;Caudoviricetes
k141_673995	6973	No terminal repeats	NA	8	11	0.9617	NA	3	7.1672	Viruses;Duplodnaviria;Heunggongvirae;Uroviricota;Caudoviricetes
k141_509158	8988	No terminal repeats	NA	11	11	0.9613	NA	0	4.8504	Viruses;Duplodnaviria;Heunggongvirae;Uroviricota;Caudoviricetes
k141_422605	5322	No terminal repeats	NA	8	11	0.9611	NA	1	5.0751	Viruses;Duplodnaviria;Heunggongvirae;Uroviricota;Caudoviricetes;Thumleimavirales;Hafunaviridae
k141_297059	3520	No terminal repeats	NA	6	11	0.9611	NA	0	3.4366	Viruses;Duplodnaviria;Heunggongvirae;Uroviricota;Caudoviricetes
k141_403143	8747	No terminal repeats	NA	13	11	0.9599	NA	0	13.1489	Viruses;Duplodnaviria;Heunggongvirae;Uroviricota;Caudoviricetes;Thumleimavirales;Hafunaviridae
k141_110769	9423	No terminal repeats	NA	13	11	0.9593	NA	1	3.0817	Viruses;Varidnaviria;Bamfordvirae;Nucleocytoviricota;Megaviricetes;Imitervirales;Mimiviridae
k141_192778	6319	No terminal repeats	NA	16	11	0.9585	NA	0	3.9039	Viruses;Duplodnaviria;Heunggongvirae;Uroviricota;Caudoviricetes
k141_502396	8072	No terminal repeats	NA	7	11	0.9582	NA	0	2.2463	Viruses;Duplodnaviria;Heunggongvirae;Uroviricota;Caudoviricetes
k141_326271	3813	No terminal repeats	NA	8	11	0.9577	NA	0	4.8201	Viruses;Duplodnaviria;Heunggongvirae;Uroviricota;Caudoviricetes
k141_451732	8012	No terminal repeats	NA	9	11	0.9576	NA	2	8.7221	Viruses;Duplodnaviria;Heunggongvirae;Uroviricota;Caudoviricetes
k141_436093	4131	No terminal repeats	NA	9	11	0.9563	NA	1	3.0339	Viruses;Duplodnaviria;Heunggongvirae;Uroviricota;Caudoviricetes;Kyanoviridae
k141_386232	4274	No terminal repeats	NA	8	11	0.9541	NA	0	1.7166	Viruses;Duplodnaviria;Heunggongvirae;Uroviricota;Caudoviricetes
k141_174244	3630	No terminal repeats	NA	6	11	0.9534	NA	0	1.7166	Viruses;Duplodnaviria;Heunggongvirae;Uroviricota;Caudoviricetes
k141_263597	9670	No terminal repeats	NA	10	11	0.9532	NA	2	6.8226	Viruses;Duplodnaviria;Heunggongvirae;Uroviricota;Caudoviricetes
k141_227515	4110	No terminal repeats	NA	7	11	0.9527	NA	2	2.9368	Viruses;Duplodnaviria;Heunggongvirae;Uroviricota;Caudoviricetes
k141_202755	6875	No terminal repeats	NA	10	11	0.9526	NA	1	6.0824	Viruses;Duplodnaviria;Heunggongvirae;Uroviricota;Caudoviricetes
k141_423310	4598	No terminal repeats	NA	5	11	0.9501	NA	0	2.9465	Viruses;Duplodnaviria;Heunggongvirae;Uroviricota;Caudoviricetes
k141_425183	4089	No terminal repeats	NA	5	11	0.9498	NA	2	4.3157	Viruses;Duplodnaviria;Heunggongvirae;Uroviricota;Caudoviricetes
k141_423394	9037	No terminal repeats	NA	11	11	0.9489	NA	0	7.5722	Viruses;Varidnaviria;Bamfordvirae;Nucleocytoviricota;Megaviricetes;Imitervirales;Mimiviridae
k141_440009	3510	No terminal repeats	NA	5	11	0.9471	NA	1	6.8687	Viruses;Duplodnaviria;Heunggongvirae;Uroviricota;Caudoviricetes
k141_227780	4431	No terminal repeats	NA	10	11	0.9470	NA	1	4.6592	Viruses;Duplodnaviria;Heunggongvirae;Uroviricota;Caudoviricetes
k141_333735	6783	No terminal repeats	NA	12	11	0.9467	NA	0	3.1076	Viruses;Duplodnaviria;Heunggongvirae;Uroviricota;Caudoviricetes
k141_444314	3926	No terminal repeats	NA	7	11	0.9464	NA	0	4.7048	Viruses;Duplodnaviria;Heunggongvirae;Uroviricota;Caudoviricetes
k141_407993	4430	No terminal repeats	NA	6	11	0.9462	NA	0	3.1107	Viruses;Duplodnaviria;Heunggongvirae;Uroviricota;Caudoviricetes
k141_153483	3734	No terminal repeats	NA	7	11	0.9450	NA	2	8.3565	Viruses;Duplodnaviria;Heunggongvirae;Uroviricota;Caudoviricetes
k141_620427	5108	No terminal repeats	NA	10	11	0.9427	NA	1	2.7030	Viruses;Duplodnaviria;Heunggongvirae;Uroviricota;Caudoviricetes
k141_132313	8987	No terminal repeats	NA	7	11	0.9423	NA	0	3.4366	Unclassified
k141_207235	4920	No terminal repeats	NA	5	11	0.9414	NA	1	3.1367	Viruses;Duplodnaviria;Heunggongvirae;Uroviricota;Caudoviricetes;Thumleimavirales;Hafunaviridae
k141_11330	3832	No terminal repeats	NA	9	11	0.9411	NA	1	2.5817	Viruses;Duplodnaviria;Heunggongvirae;Uroviricota;Caudoviricetes;Autographiviridae
k141_525458	4727	No terminal repeats	NA	9	11	0.9410	NA	0	2.8528	Viruses;Duplodnaviria;Heunggongvirae;Uroviricota;Caudoviricetes
k141_425556	6313	No terminal repeats	NA	7	11	0.9406	NA	0	3.2211	Viruses;Duplodnaviria;Heunggongvirae;Uroviricota;Caudoviricetes
k141_7013	4462	No terminal repeats	NA	13	11	0.9395	NA	0	3.6017	Viruses;Duplodnaviria;Heunggongvirae;Uroviricota;Caudoviricetes
k141_105284	3874	No terminal repeats	NA	5	11	0.9382	NA	0	4.1801	Viruses;Duplodnaviria;Heunggongvirae;Uroviricota;Caudoviricetes
k141_315900	4653	No terminal repeats	NA	6	11	0.9359	NA	1	2.8158	Viruses;Duplodnaviria;Heunggongvirae;Uroviricota;Caudoviricetes
k141_77868	3706	No terminal repeats	NA	8	11	0.9351	NA	1	1.7139	Viruses;Duplodnaviria;Heunggongvirae;Uroviricota;Caudoviricetes
k141_303885	4815	No terminal repeats	NA	13	11	0.9350	NA	0	6.7545	Viruses;Duplodnaviria;Heunggongvirae;Uroviricota;Caudoviricetes;Thumleimavirales;Hafunaviridae
k141_543515	6268	No terminal repeats	NA	12	11	0.9341	NA	0	1.4849	Viruses;Duplodnaviria;Heunggongvirae;Uroviricota;Caudoviricetes
k141_605585	7862	No terminal repeats	NA	8	11	0.9326	NA	2	3.3804	Viruses;Duplodnaviria;Heunggongvirae;Uroviricota;Caudoviricetes
k141_495111	3857	No terminal repeats	NA	6	11	0.9283	NA	1	4.3023	Viruses;Varidnaviria;Bamfordvirae;Nucleocytoviricota;Megaviricetes;Algavirales;Phycodnaviridae
k141_128892	6798	No terminal repeats	NA	19	11	0.9273	NA	0	6.7422	Viruses;Duplodnaviria;Heunggongvirae;Uroviricota;Caudoviricetes;Straboviridae
k141_434429	3513	No terminal repeats	NA	7	11	0.9256	NA	0	1.6326	Viruses;Duplodnaviria;Heunggongvirae;Uroviricota;Caudoviricetes
k141_113860	5065	No terminal repeats	NA	8	11	0.9235	NA	0	4.9214	Viruses;Duplodnaviria;Heunggongvirae;Uroviricota;Caudoviricetes;Thumleimavirales;Hafunaviridae
k141_274996	5794	No terminal repeats	NA	9	11	0.9230	NA	1	4.8383	Viruses;Duplodnaviria;Heunggongvirae;Uroviricota;Caudoviricetes
k141_572379	5167	No terminal repeats	NA	9	11	0.9223	NA	1	1.4121	Unclassified
k141_564641	6514	No terminal repeats	NA	7	11	0.9220	NA	0	1.7183	Viruses;Duplodnaviria;Heunggongvirae;Uroviricota;Caudoviricetes
k141_271274	4957	No terminal repeats	NA	5	11	0.9216	NA	0	1.7183	Unclassified
k141_146937	5452	No terminal repeats	NA	10	11	0.9196	NA	1	4.9148	Viruses;Duplodnaviria;Heunggongvirae;Uroviricota;Caudoviricetes;Vertoviridae
k141_19019	5939	No terminal repeats	NA	10	11	0.9182	NA	1	1.7183	Viruses;Duplodnaviria;Heunggongvirae;Uroviricota;Caudoviricetes
k141_355171	7686	No terminal repeats	NA	10	11	0.9177	NA	2	5.1044	Viruses;Duplodnaviria;Heunggongvirae;Uroviricota;Caudoviricetes
k141_593661	3805	No terminal repeats	NA	5	11	0.9165	NA	1	1.7183	Unclassified
k141_561159	4218	No terminal repeats	NA	8	11	0.9162	NA	1	8.0618	Viruses;Duplodnaviria;Heunggongvirae;Uroviricota;Caudoviricetes
k141_674578	3886	No terminal repeats	NA	5	11	0.9160	NA	0	3.0206	Viruses;Duplodnaviria;Heunggongvirae;Uroviricota;Caudoviricetes
k141_612716	5855	No terminal repeats	NA	5	11	0.9146	NA	1	3.4366	Viruses;Varidnaviria;Bamfordvirae;Nucleocytoviricota;Megaviricetes;Imitervirales;Mimiviridae
k141_626607	5315	No terminal repeats	NA	6	11	0.9133	NA	3	6.1061	Viruses;Duplodnaviria;Heunggongvirae;Uroviricota;Caudoviricetes
k141_93801	4369	No terminal repeats	NA	8	11	0.9128	NA	1	4.4663	Viruses;Duplodnaviria;Heunggongvirae;Uroviricota;Caudoviricetes
k141_533112	5449	No terminal repeats	NA	7	11	0.9124	NA	0	1.7170	Viruses;Duplodnaviria;Heunggongvirae;Uroviricota;Caudoviricetes
k141_538252	4992	No terminal repeats	NA	5	11	0.9123	NA	0	1.7183	Viruses;Varidnaviria;Bamfordvirae;Nucleocytoviricota;Megaviricetes;Algavirales;Phycodnaviridae
k141_610599	8806	No terminal repeats	NA	9	11	0.9123	NA	2	4.5592	Viruses;Duplodnaviria;Heunggongvirae;Uroviricota;Caudoviricetes
k141_450561	4797	No terminal repeats	NA	11	11	0.9104	NA	1	1.7183	Viruses;Duplodnaviria;Heunggongvirae;Uroviricota;Caudoviricetes
k141_118494	4177	No terminal repeats	NA	5	11	0.9086	NA	2	2.7380	Viruses;Duplodnaviria;Heunggongvirae;Uroviricota;Caudoviricetes
k141_31509	5628	No terminal repeats	NA	14	11	0.9082	NA	0	1.4239	Unclassified
k141_8357	9371	No terminal repeats	NA	10	11	0.9077	NA	0	3.4366	Viruses;Varidnaviria;Bamfordvirae;Nucleocytoviricota;Megaviricetes;Imitervirales;Mimiviridae
k141_350486	9736	No terminal repeats	NA	11	11	0.9073	NA	0	2.8670	Viruses;Duplodnaviria;Heunggongvirae;Uroviricota;Caudoviricetes
k141_372460	3774	No terminal repeats	NA	11	11	0.9070	NA	0	1.0663	Unclassified
k141_492550	2609	No terminal repeats	NA	7	11	0.9050	NA	0	1.4239	Unclassified
k141_298817	9277	No terminal repeats	NA	14	11	0.9045	NA	0	3.3458	Viruses;Duplodnaviria;Heunggongvirae;Uroviricota;Caudoviricetes
k141_396019	3595	No terminal repeats	NA	5	11	0.9009	NA	1	1.7183	Viruses;Duplodnaviria;Heunggongvirae;Uroviricota;Caudoviricetes
k141_262891	3851	No terminal repeats	NA	7	11	0.9005	NA	1	1.2597	Viruses;Duplodnaviria;Heunggongvirae;Uroviricota;Caudoviricetes
k141_453222	5685	No terminal repeats	NA	7	11	0.9004	NA	0	5.1486	Viruses;Varidnaviria;Bamfordvirae;Nucleocytoviricota;Megaviricetes;Imitervirales;Mimiviridae
k141_376854	7797	No terminal repeats	NA	10	11	0.8984	NA	0	5.1548	Viruses;Varidnaviria;Bamfordvirae;Nucleocytoviricota;Megaviricetes;Imitervirales;Mimiviridae
k141_43965	3549	No terminal repeats	NA	5	11	0.8961	NA	0	1.4965	Viruses;Duplodnaviria;Heunggongvirae;Uroviricota;Caudoviricetes
k141_503150	4183	No terminal repeats	NA	5	11	0.8948	NA	0	1.7183	Viruses;Duplodnaviria;Heunggongvirae;Uroviricota;Caudoviricetes
k141_3371	5130	No terminal repeats	NA	6	11	0.8934	NA	2	4.1506	Viruses;Duplodnaviria;Heunggongvirae;Uroviricota;Caudoviricetes
k141_73447	7836	No terminal repeats	NA	15	11	0.8931	NA	0	1.4489	Viruses;Duplodnaviria;Heunggongvirae;Uroviricota;Caudoviricetes
k141_24005	4026	No terminal repeats	NA	6	11	0.8925	NA	0	1.2258	Viruses;Duplodnaviria;Heunggongvirae;Uroviricota;Caudoviricetes
k141_601100	4964	No terminal repeats	NA	15	11	0.8923	NA	0	1.2929	Viruses;Duplodnaviria;Heunggongvirae;Uroviricota;Caudoviricetes
k141_624119	3609	No terminal repeats	NA	9	11	0.8917	NA	0	4.5292	Viruses;Duplodnaviria;Heunggongvirae;Uroviricota;Caudoviricetes
k141_243502	5227	No terminal repeats	NA	9	11	0.8903	NA	0	1.7073	Viruses;Duplodnaviria;Heunggongvirae;Uroviricota;Caudoviricetes;Thumleimavirales;Hafunaviridae
k141_385710	2752	No terminal repeats	NA	6	11	0.8889	NA	0	1.5205	Viruses;Duplodnaviria;Heunggongvirae;Uroviricota;Caudoviricetes
k141_253974	5762	No terminal repeats	NA	9	11	0.8872	NA	0	2.9542	Viruses;Duplodnaviria;Heunggongvirae;Uroviricota;Caudoviricetes
k141_216307	4079	No terminal repeats	NA	11	11	0.8861	NA	0	1.2323	Viruses;Duplodnaviria;Heunggongvirae;Uroviricota;Caudoviricetes
k141_120269	6926	No terminal repeats	NA	10	11	0.8840	NA	1	2.9025	Viruses;Duplodnaviria;Heunggongvirae;Uroviricota;Caudoviricetes
k141_388232	7685	No terminal repeats	NA	9	11	0.8836	NA	0	2.9433	Viruses;Duplodnaviria;Heunggongvirae;Uroviricota;Caudoviricetes
k141_607809	7974	No terminal repeats	NA	12	11	0.8829	NA	0	1.7183	Viruses;Duplodnaviria;Heunggongvirae;Uroviricota;Caudoviricetes
k141_265824	5269	No terminal repeats	NA	6	11	0.8828	NA	1	3.4111	Viruses;Duplodnaviria;Heunggongvirae;Uroviricota;Caudoviricetes
k141_220030	3908	No terminal repeats	NA	5	11	0.8825	NA	0	3.4366	Viruses;Varidnaviria;Bamfordvirae;Nucleocytoviricota;Megaviricetes;Imitervirales;Mimiviridae
k141_479127	3887	No terminal repeats	NA	7	11	0.8808	NA	1	1.4709	Viruses;Duplodnaviria;Heunggongvirae;Uroviricota;Caudoviricetes
k141_65519	3874	No terminal repeats	NA	7	11	0.8788	NA	0	2.6063	Viruses;Duplodnaviria;Heunggongvirae;Uroviricota;Caudoviricetes
k141_437712	9550	No terminal repeats	NA	16	11	0.8731	NA	0	2.0323	Viruses;Duplodnaviria;Heunggongvirae;Uroviricota;Caudoviricetes
k141_276353	7649	No terminal repeats	NA	9	11	0.8727	NA	0	0.0000	Unclassified
k141_259252	4419	No terminal repeats	NA	5	11	0.8697	NA	0	3.1597	Viruses;Duplodnaviria;Heunggongvirae;Uroviricota;Caudoviricetes
k141_354334	3841	No terminal repeats	NA	7	11	0.8681	NA	1	3.1273	Viruses;Duplodnaviria;Heunggongvirae;Uroviricota;Caudoviricetes;Vertoviridae
k141_526512	4144	No terminal repeats	NA	5	11	0.8672	NA	0	1.7183	Viruses;Varidnaviria;Bamfordvirae;Nucleocytoviricota;Megaviricetes;Imitervirales;Mimiviridae
k141_239728	9385	No terminal repeats	NA	13	11	0.8669	NA	0	3.4366	Viruses;Duplodnaviria;Heunggongvirae;Uroviricota;Caudoviricetes
k141_500693	5067	No terminal repeats	NA	6	11	0.8633	NA	1	3.4366	Viruses
k141_509556	6410	No terminal repeats	NA	7	11	0.8625	NA	0	2.8185	Viruses;Duplodnaviria;Heunggongvirae;Uroviricota;Caudoviricetes
k141_136931	5100	No terminal repeats	NA	5	11	0.8623	NA	0	1.4716	Viruses;Varidnaviria;Bamfordvirae;Nucleocytoviricota;Megaviricetes;Algavirales;Phycodnaviridae
k141_146426	5104	No terminal repeats	NA	9	11	0.8568	NA	2	4.1634	Viruses;Duplodnaviria;Heunggongvirae;Uroviricota;Caudoviricetes
k141_39751	4944	No terminal repeats	NA	6	11	0.8537	NA	2	3.4326	Viruses;Duplodnaviria;Heunggongvirae;Uroviricota;Caudoviricetes
k141_605013	6557	No terminal repeats	NA	7	11	0.8463	NA	0	3.4366	Viruses;Varidnaviria;Bamfordvirae;Nucleocytoviricota;Megaviricetes;Imitervirales;Mimiviridae
k141_149322	3940	No terminal repeats	NA	6	11	0.8452	NA	0	0.8125	Viruses;Duplodnaviria;Heunggongvirae;Uroviricota;Caudoviricetes
k141_152343	4559	No terminal repeats	NA	10	11	0.8413	NA	0	1.7183	Viruses;Varidnaviria;Helvetiavirae;Dividoviricota;Laserviricetes;Halopanivirales;Sphaerolipoviridae
k141_447270	4403	No terminal repeats	NA	5	11	0.8400	NA	0	1.6232	Viruses;Duplodnaviria;Heunggongvirae;Uroviricota;Caudoviricetes
k141_58878	9895	No terminal repeats	NA	14	11	0.8381	NA	1	5.1548	Viruses;Varidnaviria;Bamfordvirae;Nucleocytoviricota;Megaviricetes;Algavirales;Phycodnaviridae
k141_312965	4235	No terminal repeats	NA	5	11	0.8367	NA	1	1.6951	Viruses;Duplodnaviria;Heunggongvirae;Uroviricota;Caudoviricetes;Thumleimavirales;Hafunaviridae
k141_479077	3873	No terminal repeats	NA	8	11	0.8367	NA	0	2.4734	Viruses;Duplodnaviria;Heunggongvirae;Uroviricota;Caudoviricetes
k141_13782	8203	No terminal repeats	NA	7	11	0.8363	NA	2	5.0173	Viruses;Duplodnaviria;Heunggongvirae;Uroviricota;Caudoviricetes
k141_569784	7997	No terminal repeats	NA	19	11	0.8298	NA	0	1.4511	Viruses;Duplodnaviria;Heunggongvirae;Uroviricota;Caudoviricetes
k141_173726	3991	No terminal repeats	NA	11	11	0.8292	NA	0	3.0261	Viruses;Duplodnaviria;Heunggongvirae;Uroviricota;Caudoviricetes
k141_414482	5704	No terminal repeats	NA	8	11	0.8178	NA	1	5.1548	Viruses;Varidnaviria;Bamfordvirae;Nucleocytoviricota;Megaviricetes;Algavirales;Phycodnaviridae
k141_683060	4936	No terminal repeats	NA	8	11	0.8163	NA	2	11.4092	Viruses;Duplodnaviria;Heunggongvirae;Uroviricota;Caudoviricetes
k141_451897	5839	No terminal repeats	NA	8	11	0.8143	NA	0	4.6813	Viruses;Varidnaviria;Bamfordvirae;Nucleocytoviricota;Megaviricetes;Imitervirales;Mimiviridae
k141_193913	7620	No terminal repeats	NA	10	11	0.8116	NA	0	1.7183	Viruses;Duplodnaviria;Heunggongvirae;Uroviricota;Caudoviricetes
k141_66224	7282	No terminal repeats	NA	6	11	0.8051	NA	0	1.7156	Viruses;Varidnaviria;Bamfordvirae;Nucleocytoviricota;Megaviricetes;Algavirales;Phycodnaviridae
k141_525176	6160	No terminal repeats	NA	10	11	0.8049	NA	0	0.9518	Viruses;Duplodnaviria;Heunggongvirae;Uroviricota;Caudoviricetes;Thumleimavirales;Hafunaviridae
k141_125313	4814	No terminal repeats	NA	3	11	0.8028	NA	1	1.4272	Viruses;Duplodnaviria;Heunggongvirae;Uroviricota;Caudoviricetes
k141_181110	5775	No terminal repeats	NA	9	11	0.7983	NA	0	0.0000	Unclassified
k141_202597	4227	No terminal repeats	NA	9	11	0.7943	NA	0	0.0000	Unclassified
k141_305595	5487	No terminal repeats	NA	11	11	0.7910	NA	0	10.0849	Viruses;Duplodnaviria;Heunggongvirae;Uroviricota;Caudoviricetes
k141_506660	6590	No terminal repeats	NA	8	11	0.7875	NA	1	1.2634	Unclassified
k141_120626	6106	No terminal repeats	NA	10	11	0.7824	NA	0	1.0539	Unclassified
k141_650260	8014	No terminal repeats	NA	15	11	0.7818	NA	2	1.1205	Viruses;Duplodnaviria;Heunggongvirae;Uroviricota;Caudoviricetes
k141_360085	7568	No terminal repeats	NA	5	11	0.7806	NA	0	1.7183	Viruses;Duplodnaviria;Heunggongvirae;Uroviricota;Caudoviricetes
k141_530295	5502	No terminal repeats	NA	6	11	0.7779	NA	1	1.7183	Viruses;Varidnaviria;Bamfordvirae;Nucleocytoviricota;Megaviricetes
k141_268759	4092	No terminal repeats	NA	7	11	0.7744	NA	1	1.4709	Viruses;Duplodnaviria;Heunggongvirae;Uroviricota;Caudoviricetes
k141_387259	4164	No terminal repeats	NA	6	11	0.7694	NA	2	2.5974	Viruses;Duplodnaviria;Heunggongvirae;Uroviricota;Caudoviricetes
k141_541011	4130	No terminal repeats	NA	8	11	0.7659	NA	0	3.3568	Viruses;Duplodnaviria;Heunggongvirae;Uroviricota;Caudoviricetes
k141_102274	5230	No terminal repeats	NA	7	11	0.7564	NA	0	3.1937	Viruses;Varidnaviria;Bamfordvirae;Nucleocytoviricota;Megaviricetes;Pimascovirales;Marseilleviridae
k141_371614	8339	No terminal repeats	NA	12	11	0.7545	NA	1	3.0169	Viruses;Duplodnaviria;Heunggongvirae;Uroviricota;Caudoviricetes
k141_596680	3533	No terminal repeats	NA	5	11	0.7529	NA	0	0.0000	Unclassified
k141_655288	4257	No terminal repeats	NA	6	11	0.7509	NA	0	1.7138	Unclassified
k141_53866	8253	No terminal repeats	NA	8	11	0.7503	NA	1	1.7183	Viruses;Varidnaviria;Bamfordvirae;Nucleocytoviricota;Megaviricetes;Imitervirales;Mimiviridae
k141_670070	5339	No terminal repeats	NA	6	11	0.7405	NA	0	0.0000	Unclassified
k141_266616	5474	No terminal repeats	NA	5	11	0.7403	NA	0	0.0000	Unclassified
k141_484748	6062	No terminal repeats	NA	6	11	0.7266	NA	2	10.2538	Viruses;Duplodnaviria;Heunggongvirae;Uroviricota;Caudoviricetes
k141_279242	6604	No terminal repeats	NA	5	11	0.7265	NA	0	4.5012	Viruses;Varidnaviria;Bamfordvirae;Nucleocytoviricota;Megaviricetes;Algavirales;Phycodnaviridae
k141_338667	6331	No terminal repeats	NA	5	11	0.7238	NA	1	1.2634	Unclassified
k141_119571	8476	No terminal repeats	NA	7	11	0.7015	NA	0	1.7183	Viruses;Varidnaviria;Bamfordvirae;Nucleocytoviricota;Megaviricetes;Imitervirales;Mimiviridae
