seq_name	length	topology	coordinates	n_genes	genetic_code	virus_score	fdr	n_hallmarks	marker_enrichment	taxonomy
k141_185382	7310	No terminal repeats	NA	13	11	0.9837	NA	4	19.4517	Viruses;Duplodnaviria;Heunggongvirae;Uroviricota;Caudoviricetes
k141_100331	6887	No terminal repeats	NA	9	11	0.9829	NA	2	11.7344	Viruses;Duplodnaviria;Heunggongvirae;Uroviricota;Caudoviricetes
k141_85852	6241	No terminal repeats	NA	11	11	0.9827	NA	1	10.2476	Viruses;Duplodnaviria;Heunggongvirae;Uroviricota;Caudoviricetes
k141_5632	4220	No terminal repeats	NA	6	11	0.9826	NA	1	10.1457	Viruses;Duplodnaviria;Heunggongvirae;Uroviricota;Caudoviricetes
k141_184657	5451	No terminal repeats	NA	6	11	0.9824	NA	2	7.9496	Viruses;Duplodnaviria;Heunggongvirae;Uroviricota;Caudoviricetes
k141_195973	9936	No terminal repeats	NA	14	11	0.9823	NA	4	18.3652	Viruses;Duplodnaviria;Heunggongvirae;Uroviricota;Caudoviricetes
k141_129777	5546	No terminal repeats	NA	10	11	0.9818	NA	2	13.7463	Viruses;Duplodnaviria;Heunggongvirae;Uroviricota;Caudoviricetes
k141_62311	3613	No terminal repeats	NA	7	11	0.9814	NA	0	11.8420	Viruses;Duplodnaviria;Heunggongvirae;Uroviricota;Caudoviricetes
k141_123260	5709	No terminal repeats	NA	15	11	0.9810	NA	0	6.5630	Viruses;Duplodnaviria;Heunggongvirae;Uroviricota;Caudoviricetes
k141_99997	3869	No terminal repeats	NA	6	11	0.9809	NA	1	10.3097	Viruses;Duplodnaviria;Heunggongvirae;Uroviricota;Caudoviricetes;Kyanoviridae
k141_234143	3644	No terminal repeats	NA	6	11	0.9804	NA	2	8.4520	Viruses;Duplodnaviria;Heunggongvirae;Uroviricota;Caudoviricetes
k141_172942	3793	No terminal repeats	NA	5	11	0.9803	NA	0	6.5014	Viruses;Duplodnaviria;Heunggongvirae;Uroviricota;Caudoviricetes
k141_89252	5730	No terminal repeats	NA	7	11	0.9803	NA	0	8.5901	Viruses;Duplodnaviria;Heunggongvirae;Uroviricota;Caudoviricetes;Thumleimavirales;Hafunaviridae
k141_60004	4439	No terminal repeats	NA	7	11	0.9803	NA	1	6.5163	Viruses;Duplodnaviria;Heunggongvirae;Uroviricota;Caudoviricetes
k141_6998	3846	No terminal repeats	NA	5	11	0.9801	NA	2	8.5914	Viruses;Duplodnaviria;Heunggongvirae;Uroviricota;Caudoviricetes
k141_76538	4371	No terminal repeats	NA	9	11	0.9798	NA	3	11.8188	Viruses;Duplodnaviria;Heunggongvirae;Uroviricota;Caudoviricetes
k141_3810	5205	No terminal repeats	NA	8	11	0.9797	NA	1	12.1351	Viruses;Duplodnaviria;Heunggongvirae;Uroviricota;Caudoviricetes
k141_69872	6450	No terminal repeats	NA	6	11	0.9796	NA	0	7.6657	Viruses;Duplodnaviria;Heunggongvirae;Uroviricota;Caudoviricetes
k141_130651	5702	No terminal repeats	NA	16	11	0.9794	NA	0	9.9941	Viruses;Duplodnaviria;Heunggongvirae;Uroviricota;Caudoviricetes
k141_29619	4875	No terminal repeats	NA	6	11	0.9794	NA	2	5.1316	Viruses;Duplodnaviria;Heunggongvirae;Uroviricota;Caudoviricetes;Thumleimavirales;Hafunaviridae
k141_140818	5027	No terminal repeats	NA	8	11	0.9792	NA	0	10.2278	Viruses;Duplodnaviria;Heunggongvirae;Uroviricota;Caudoviricetes
k141_224202	9165	No terminal repeats	NA	14	11	0.9792	NA	0	16.4298	Viruses;Duplodnaviria;Heunggongvirae;Uroviricota;Caudoviricetes
k141_158221	4229	No terminal repeats	NA	7	11	0.9792	NA	0	6.5519	Viruses;Duplodnaviria;Heunggongvirae;Uroviricota;Caudoviricetes
k141_202030	3741	No terminal repeats	NA	7	11	0.9790	NA	1	8.2322	Viruses;Duplodnaviria;Heunggongvirae;Uroviricota;Caudoviricetes;Straboviridae
k141_159646	6279	No terminal repeats	NA	11	11	0.9788	NA	3	10.2837	Viruses;Duplodnaviria;Heunggongvirae;Uroviricota;Caudoviricetes;Thumleimavirales;Hafunaviridae
k141_120560	9329	No terminal repeats	NA	6	11	0.9787	NA	0	6.0050	Viruses;Duplodnaviria;Heunggongvirae;Uroviricota;Caudoviricetes
k141_82405	5296	No terminal repeats	NA	10	11	0.9785	NA	0	6.5404	Viruses;Duplodnaviria;Heunggongvirae;Uroviricota;Caudoviricetes;Crassvirales
k141_190318	3815	No terminal repeats	NA	7	11	0.9782	NA	2	8.1735	Viruses;Duplodnaviria;Heunggongvirae;Uroviricota;Caudoviricetes
k141_188670	7891	No terminal repeats	NA	10	11	0.9781	NA	1	6.0081	Viruses;Duplodnaviria;Heunggongvirae;Uroviricota;Caudoviricetes
k141_99269	3628	No terminal repeats	NA	6	11	0.9779	NA	3	8.7432	Viruses;Duplodnaviria;Heunggongvirae;Uroviricota;Caudoviricetes
k141_187719	4571	No terminal repeats	NA	9	11	0.9778	NA	3	13.7463	Viruses;Duplodnaviria;Heunggongvirae;Uroviricota;Caudoviricetes
k141_215977	6878	No terminal repeats	NA	11	11	0.9775	NA	1	7.5397	Viruses;Duplodnaviria;Heunggongvirae;Uroviricota;Caudoviricetes;Thumleimavirales;Hafunaviridae
k141_96426	4441	No terminal repeats	NA	6	11	0.9774	NA	0	6.8621	Viruses;Duplodnaviria;Heunggongvirae;Uroviricota;Caudoviricetes;Thumleimavirales;Hafunaviridae
k141_219109	6090	No terminal repeats	NA	6	11	0.9772	NA	2	5.0965	Viruses;Duplodnaviria;Heunggongvirae;Uroviricota;Caudoviricetes
k141_158509	3583	No terminal repeats	NA	8	11	0.9770	NA	4	8.8516	Viruses;Duplodnaviria;Heunggongvirae;Uroviricota;Caudoviricetes
k141_23210	5061	No terminal repeats	NA	9	11	0.9769	NA	1	5.5180	Viruses;Duplodnaviria;Heunggongvirae;Uroviricota;Caudoviricetes;Autographiviridae
k141_89102	5320	No terminal repeats	NA	7	11	0.9766	NA	3	6.1472	Viruses;Duplodnaviria;Heunggongvirae;Uroviricota;Caudoviricetes
k141_108972	3845	No terminal repeats	NA	7	11	0.9765	NA	0	11.4120	Viruses;Duplodnaviria;Heunggongvirae;Uroviricota;Caudoviricetes
k141_117840	3600	No terminal repeats	NA	8	11	0.9761	NA	1	4.9553	Viruses;Duplodnaviria;Heunggongvirae;Uroviricota;Caudoviricetes
k141_42003	4919	No terminal repeats	NA	6	11	0.9761	NA	2	4.6746	Viruses;Duplodnaviria;Heunggongvirae;Uroviricota;Caudoviricetes
k141_124038	5267	No terminal repeats	NA	5	11	0.9755	NA	0	4.1833	Viruses;Duplodnaviria;Heunggongvirae;Uroviricota;Caudoviricetes
k141_229735	4625	No terminal repeats	NA	9	11	0.9755	NA	1	3.4353	Viruses;Duplodnaviria;Heunggongvirae;Uroviricota;Caudoviricetes
k141_117785	5756	No terminal repeats	NA	5	11	0.9753	NA	1	4.2928	Viruses;Duplodnaviria;Heunggongvirae;Uroviricota;Caudoviricetes
k141_71595	6497	No terminal repeats	NA	15	11	0.9752	NA	0	9.6671	Viruses;Duplodnaviria;Heunggongvirae;Uroviricota;Caudoviricetes
k141_143649	5941	No terminal repeats	NA	12	11	0.9752	NA	0	5.9242	Viruses;Duplodnaviria;Heunggongvirae;Uroviricota;Caudoviricetes
k141_158746	5975	No terminal repeats	NA	15	11	0.9750	NA	1	8.1980	Viruses;Duplodnaviria;Heunggongvirae;Uroviricota;Caudoviricetes
k141_122778	5265	No terminal repeats	NA	10	11	0.9747	NA	3	4.4420	Viruses;Duplodnaviria;Heunggongvirae;Uroviricota;Caudoviricetes
k141_195570	4806	No terminal repeats	NA	10	11	0.9746	NA	1	13.3704	Viruses;Duplodnaviria;Heunggongvirae;Uroviricota;Caudoviricetes
k141_69017	7139	No terminal repeats	NA	9	11	0.9743	NA	1	5.1044	Viruses;Duplodnaviria;Heunggongvirae;Uroviricota;Caudoviricetes
k141_133984	6412	No terminal repeats	NA	9	11	0.9740	NA	2	7.7983	Viruses;Duplodnaviria;Heunggongvirae;Uroviricota;Caudoviricetes
k141_99245	5812	No terminal repeats	NA	9	11	0.9737	NA	4	10.5121	Viruses;Duplodnaviria;Heunggongvirae;Uroviricota;Caudoviricetes
k141_23376	53165	No terminal repeats	NA	73	11	0.9736	NA	6	34.4348	Viruses;Duplodnaviria;Heunggongvirae;Uroviricota;Caudoviricetes
k141_54648	4349	No terminal repeats	NA	13	11	0.9735	NA	0	6.8731	Viruses;Duplodnaviria;Heunggongvirae;Uroviricota;Caudoviricetes
k141_225597	3608	No terminal repeats	NA	9	11	0.9734	NA	1	6.4797	Viruses;Duplodnaviria;Heunggongvirae;Uroviricota;Caudoviricetes
k141_231362	3724	No terminal repeats	NA	7	11	0.9727	NA	3	4.8601	Viruses;Duplodnaviria;Heunggongvirae;Uroviricota;Caudoviricetes
k141_96762	7979	No terminal repeats	NA	13	11	0.9725	NA	1	6.3458	Viruses;Duplodnaviria;Heunggongvirae;Uroviricota;Caudoviricetes
k141_199691	6262	No terminal repeats	NA	17	11	0.9725	NA	0	5.0427	Viruses;Duplodnaviria;Heunggongvirae;Uroviricota;Caudoviricetes
k141_228035	9228	No terminal repeats	NA	14	11	0.9722	NA	0	11.6802	Viruses;Duplodnaviria;Heunggongvirae;Uroviricota;Caudoviricetes
k141_204831	3740	No terminal repeats	NA	6	11	0.9721	NA	0	10.2828	Viruses;Duplodnaviria;Heunggongvirae;Uroviricota;Caudoviricetes
k141_101798	3798	No terminal repeats	NA	7	11	0.9720	NA	4	8.7799	Viruses;Duplodnaviria;Heunggongvirae;Uroviricota;Caudoviricetes
k141_164648	4204	No terminal repeats	NA	7	11	0.9718	NA	2	3.0339	Unclassified
k141_68759	4142	No terminal repeats	NA	5	11	0.9714	NA	0	6.4738	Viruses;Duplodnaviria;Heunggongvirae;Uroviricota;Caudoviricetes
k141_10407	5389	No terminal repeats	NA	7	11	0.9711	NA	1	5.2468	Viruses;Duplodnaviria;Heunggongvirae;Uroviricota;Caudoviricetes;Thumleimavirales;Hafunaviridae
k141_17894	4768	No terminal repeats	NA	8	11	0.9710	NA	1	3.6863	Viruses;Duplodnaviria;Heunggongvirae;Uroviricota;Caudoviricetes
k141_32579	6475	No terminal repeats	NA	21	11	0.9709	NA	0	3.4349	Viruses;Duplodnaviria;Heunggongvirae;Uroviricota;Caudoviricetes
k141_135555	7606	No terminal repeats	NA	12	11	0.9706	NA	0	6.9013	Viruses;Duplodnaviria;Heunggongvirae;Uroviricota;Caudoviricetes
k141_229357	7573	No terminal repeats	NA	13	11	0.9702	NA	0	4.7011	Viruses;Duplodnaviria;Heunggongvirae;Uroviricota;Caudoviricetes
k141_30449	6061	No terminal repeats	NA	10	11	0.9702	NA	2	3.1736	Viruses;Duplodnaviria;Heunggongvirae;Uroviricota;Caudoviricetes
k141_81431	4267	No terminal repeats	NA	9	11	0.9701	NA	1	6.1312	Viruses;Duplodnaviria;Heunggongvirae;Uroviricota;Caudoviricetes
k141_198922	6469	No terminal repeats	NA	11	11	0.9700	NA	0	3.2232	Unclassified
k141_66348	3908	No terminal repeats	NA	6	11	0.9690	NA	2	2.9536	Viruses;Duplodnaviria;Heunggongvirae;Uroviricota;Caudoviricetes;Thumleimavirales;Hafunaviridae
k141_188787	8751	No terminal repeats	NA	10	11	0.9688	NA	0	4.5865	Viruses;Duplodnaviria;Heunggongvirae;Uroviricota;Caudoviricetes
k141_152896	4103	No terminal repeats	NA	7	11	0.9682	NA	2	6.8702	Viruses;Duplodnaviria;Heunggongvirae;Uroviricota;Caudoviricetes
k141_52149	5032	No terminal repeats	NA	6	11	0.9680	NA	0	3.1507	Viruses;Duplodnaviria;Heunggongvirae;Uroviricota;Caudoviricetes;Thumleimavirales;Hafunaviridae
k141_54850	3917	No terminal repeats	NA	5	11	0.9676	NA	0	5.6611	Viruses;Duplodnaviria;Heunggongvirae;Uroviricota;Caudoviricetes
k141_112214	8305	No terminal repeats	NA	12	11	0.9674	NA	2	4.7102	Viruses;Duplodnaviria;Heunggongvirae;Uroviricota;Caudoviricetes
k141_184291	6713	No terminal repeats	NA	10	11	0.9673	NA	3	6.5924	Viruses;Duplodnaviria;Heunggongvirae;Uroviricota;Caudoviricetes
k141_129933	4413	No terminal repeats	NA	6	11	0.9669	NA	0	4.2655	Viruses;Duplodnaviria;Heunggongvirae;Uroviricota;Caudoviricetes;Thumleimavirales;Hafunaviridae
k141_92904	8224	No terminal repeats	NA	12	11	0.9669	NA	0	3.2096	Viruses;Duplodnaviria;Heunggongvirae;Uroviricota;Caudoviricetes
k141_87215	4805	No terminal repeats	NA	7	11	0.9665	NA	1	2.9674	Viruses;Duplodnaviria;Heunggongvirae;Uroviricota;Caudoviricetes
k141_182551	3802	No terminal repeats	NA	8	11	0.9661	NA	1	3.4366	Viruses;Duplodnaviria;Heunggongvirae;Uroviricota;Caudoviricetes
k141_211289	6152	No terminal repeats	NA	11	11	0.9661	NA	1	5.4960	Viruses;Duplodnaviria;Heunggongvirae;Uroviricota;Caudoviricetes
k141_59552	3942	No terminal repeats	NA	7	11	0.9649	NA	1	8.5210	Viruses;Duplodnaviria;Heunggongvirae;Uroviricota;Caudoviricetes
k141_60108	3110	No terminal repeats	NA	5	11	0.9645	NA	0	2.7291	Viruses;Duplodnaviria;Heunggongvirae;Uroviricota;Caudoviricetes
k141_66103	3721	No terminal repeats	NA	7	11	0.9644	NA	1	3.1539	Viruses;Duplodnaviria;Heunggongvirae;Uroviricota;Caudoviricetes;Vertoviridae
k141_100741	53700	No terminal repeats	NA	94	11	0.9644	NA	0	11.5925	Viruses;Duplodnaviria;Heunggongvirae;Uroviricota;Caudoviricetes
k141_152601	8111	No terminal repeats	NA	8	11	0.9642	NA	1	3.4366	Viruses;Duplodnaviria;Heunggongvirae;Uroviricota;Caudoviricetes
k141_134237	5683	No terminal repeats	NA	5	11	0.9633	NA	0	4.9086	Viruses;Duplodnaviria;Heunggongvirae;Uroviricota;Caudoviricetes
k141_169708	7782	DTR	NA	9	11	0.9629	NA	2	2.6505	Viruses;Duplodnaviria;Heunggongvirae;Uroviricota;Caudoviricetes
k141_110140	3916	No terminal repeats	NA	5	11	0.9628	NA	0	4.9176	Viruses;Duplodnaviria;Heunggongvirae;Uroviricota;Caudoviricetes
k141_173504	5097	No terminal repeats	NA	7	11	0.9628	NA	2	6.8704	Viruses;Duplodnaviria;Heunggongvirae;Uroviricota;Caudoviricetes
k141_96467	5277	No terminal repeats	NA	11	11	0.9621	NA	0	8.1925	Viruses;Duplodnaviria;Heunggongvirae;Uroviricota;Caudoviricetes
k141_117443	4321	No terminal repeats	NA	7	11	0.9609	NA	1	3.5900	Viruses;Duplodnaviria;Heunggongvirae;Uroviricota;Caudoviricetes
k141_144061	5270	No terminal repeats	NA	13	11	0.9603	NA	2	3.2376	Viruses;Duplodnaviria;Heunggongvirae;Uroviricota;Caudoviricetes
k141_78744	6101	No terminal repeats	NA	7	11	0.9592	NA	2	4.5750	Viruses;Duplodnaviria;Heunggongvirae;Uroviricota;Caudoviricetes;Thumleimavirales;Hafunaviridae
k141_126248	4633	No terminal repeats	NA	11	11	0.9559	NA	0	3.8447	Viruses;Duplodnaviria;Heunggongvirae;Uroviricota;Caudoviricetes
k141_230265	6148	No terminal repeats	NA	13	11	0.9557	NA	1	3.0048	Viruses;Duplodnaviria;Heunggongvirae;Uroviricota;Caudoviricetes
k141_228537	4102	No terminal repeats	NA	6	11	0.9555	NA	0	1.7183	Unclassified
k141_173200	4437	No terminal repeats	NA	9	11	0.9554	NA	1	11.6522	Viruses;Duplodnaviria;Heunggongvirae;Uroviricota;Caudoviricetes
k141_226700	4039	No terminal repeats	NA	9	11	0.9549	NA	1	4.1014	Viruses;Duplodnaviria;Heunggongvirae;Uroviricota;Caudoviricetes
k141_81945	4991	No terminal repeats	NA	10	11	0.9549	NA	0	2.8528	Viruses;Duplodnaviria;Heunggongvirae;Uroviricota;Caudoviricetes
k141_110682	4253	No terminal repeats	NA	9	11	0.9546	NA	0	2.8691	Viruses;Duplodnaviria;Heunggongvirae;Uroviricota;Caudoviricetes
k141_94213	3993	No terminal repeats	NA	13	11	0.9546	NA	0	3.4366	Viruses;Duplodnaviria;Heunggongvirae;Uroviricota;Caudoviricetes
k141_84522	5310	No terminal repeats	NA	6	11	0.9545	NA	0	8.6642	Viruses;Duplodnaviria;Heunggongvirae;Uroviricota;Caudoviricetes
k141_234750	6506	No terminal repeats	NA	6	11	0.9537	NA	1	8.1580	Viruses;Duplodnaviria;Heunggongvirae;Uroviricota;Caudoviricetes
k141_168634	4466	No terminal repeats	NA	8	11	0.9536	NA	1	1.5260	Viruses;Duplodnaviria;Heunggongvirae;Uroviricota;Caudoviricetes
k141_184649	4640	No terminal repeats	NA	7	11	0.9532	NA	0	2.8499	Viruses;Duplodnaviria;Heunggongvirae;Uroviricota;Caudoviricetes
k141_217519	7002	No terminal repeats	NA	14	11	0.9529	NA	0	5.5088	Viruses;Duplodnaviria;Heunggongvirae;Uroviricota;Caudoviricetes;Thumleimavirales;Hafunaviridae
k141_57268	6019	No terminal repeats	NA	8	11	0.9527	NA	1	10.2538	Viruses;Duplodnaviria;Heunggongvirae;Uroviricota;Caudoviricetes
k141_233182	9813	No terminal repeats	NA	13	11	0.9524	NA	0	5.5238	Viruses;Duplodnaviria;Heunggongvirae;Uroviricota;Caudoviricetes
k141_123140	6910	No terminal repeats	NA	10	11	0.9523	NA	3	4.6211	Viruses;Duplodnaviria;Heunggongvirae;Uroviricota;Caudoviricetes
k141_4644	4705	No terminal repeats	NA	9	11	0.9511	NA	1	1.7183	Unclassified
k141_73239	6326	No terminal repeats	NA	9	11	0.9502	NA	1	4.3619	Viruses;Duplodnaviria;Heunggongvirae;Uroviricota;Caudoviricetes;Thumleimavirales;Hafunaviridae
k141_144714	3873	No terminal repeats	NA	8	11	0.9499	NA	0	2.5947	Unclassified
k141_28156	7568	No terminal repeats	NA	7	11	0.9496	NA	1	4.4958	Viruses;Duplodnaviria;Heunggongvirae;Uroviricota;Caudoviricetes
k141_98464	7422	No terminal repeats	NA	7	11	0.9493	NA	3	5.4489	Viruses;Duplodnaviria;Heunggongvirae;Uroviricota;Caudoviricetes
k141_182421	5415	No terminal repeats	NA	8	11	0.9482	NA	0	3.4337	Viruses;Duplodnaviria;Heunggongvirae;Uroviricota;Caudoviricetes
k141_152385	9941	No terminal repeats	NA	11	11	0.9475	NA	2	8.0465	Viruses;Duplodnaviria;Heunggongvirae;Uroviricota;Caudoviricetes
k141_822	4413	No terminal repeats	NA	12	11	0.9471	NA	1	5.0424	Viruses;Duplodnaviria;Heunggongvirae;Uroviricota;Caudoviricetes
k141_12444	6178	No terminal repeats	NA	9	11	0.9466	NA	3	9.6373	Viruses;Duplodnaviria;Heunggongvirae;Uroviricota;Caudoviricetes
k141_58941	8314	No terminal repeats	NA	12	11	0.9454	NA	2	4.2225	Viruses;Duplodnaviria;Heunggongvirae;Uroviricota;Caudoviricetes
k141_226530	3873	No terminal repeats	NA	5	11	0.9447	NA	1	2.7829	Viruses;Duplodnaviria;Heunggongvirae;Uroviricota;Caudoviricetes;Thumleimavirales;Hafunaviridae
k141_59871	5375	No terminal repeats	NA	15	11	0.9446	NA	0	3.4366	Viruses;Duplodnaviria;Heunggongvirae;Uroviricota;Caudoviricetes
k141_111213	6674	No terminal repeats	NA	7	11	0.9443	NA	4	12.0122	Viruses;Duplodnaviria;Heunggongvirae;Uroviricota;Caudoviricetes
k141_70280	3946	No terminal repeats	NA	9	11	0.9432	NA	0	9.1047	Viruses;Duplodnaviria;Heunggongvirae;Uroviricota;Caudoviricetes
k141_152165	4164	No terminal repeats	NA	8	11	0.9414	NA	0	1.4353	Viruses;Duplodnaviria;Heunggongvirae;Uroviricota;Caudoviricetes
k141_46956	3501	No terminal repeats	NA	10	11	0.9392	NA	0	2.3617	Viruses;Duplodnaviria;Heunggongvirae;Uroviricota;Caudoviricetes
k141_132690	4085	No terminal repeats	NA	11	11	0.9390	NA	0	1.7183	Unclassified
k141_51929	4395	No terminal repeats	NA	7	11	0.9388	NA	0	1.2660	Viruses;Duplodnaviria;Heunggongvirae;Uroviricota;Caudoviricetes
k141_7764	8281	No terminal repeats	NA	11	11	0.9378	NA	2	5.6738	Viruses;Duplodnaviria;Heunggongvirae;Uroviricota;Caudoviricetes
k141_20559	6435	No terminal repeats	NA	12	11	0.9372	NA	0	6.6902	Viruses;Duplodnaviria;Heunggongvirae;Uroviricota;Caudoviricetes
k141_150252	6976	No terminal repeats	NA	9	11	0.9371	NA	0	1.4243	Viruses;Duplodnaviria;Heunggongvirae;Uroviricota;Caudoviricetes
k141_210852	4118	No terminal repeats	NA	5	11	0.9354	NA	0	5.5095	Viruses;Duplodnaviria;Heunggongvirae;Uroviricota;Caudoviricetes
k141_45762	5012	No terminal repeats	NA	9	11	0.9351	NA	0	1.5135	Viruses;Duplodnaviria;Heunggongvirae;Uroviricota;Caudoviricetes
k141_83721	4359	No terminal repeats	NA	13	11	0.9347	NA	0	3.7602	Viruses;Duplodnaviria;Heunggongvirae;Uroviricota;Caudoviricetes
k141_41589	4365	No terminal repeats	NA	9	11	0.9347	NA	1	13.2819	Viruses;Duplodnaviria;Heunggongvirae;Uroviricota;Caudoviricetes
k141_140330	3647	No terminal repeats	NA	7	11	0.9333	NA	0	4.0079	Viruses;Duplodnaviria;Heunggongvirae;Uroviricota;Caudoviricetes
k141_34035	4469	No terminal repeats	NA	9	11	0.9330	NA	0	1.3409	Viruses;Duplodnaviria;Heunggongvirae;Uroviricota;Caudoviricetes;Thumleimavirales;Hafunaviridae
k141_133883	5131	No terminal repeats	NA	6	11	0.9329	NA	2	6.1990	Viruses;Duplodnaviria;Heunggongvirae;Uroviricota;Caudoviricetes
k141_88261	4743	No terminal repeats	NA	9	11	0.9324	NA	0	5.1449	Viruses;Duplodnaviria;Heunggongvirae;Uroviricota;Caudoviricetes
k141_140364	9668	No terminal repeats	NA	18	11	0.9323	NA	0	4.3893	Viruses;Duplodnaviria;Heunggongvirae;Uroviricota;Caudoviricetes
k141_67434	3923	No terminal repeats	NA	8	11	0.9323	NA	0	3.3568	Viruses;Duplodnaviria;Heunggongvirae;Uroviricota;Caudoviricetes
k141_85809	3889	No terminal repeats	NA	9	11	0.9319	NA	0	3.5419	Viruses;Duplodnaviria;Heunggongvirae;Uroviricota;Caudoviricetes
k141_221656	3617	No terminal repeats	NA	8	11	0.9316	NA	0	1.6359	Viruses;Duplodnaviria;Heunggongvirae;Uroviricota;Caudoviricetes
k141_103856	4192	No terminal repeats	NA	7	11	0.9315	NA	1	1.7183	Unclassified
k141_5593	8538	No terminal repeats	NA	9	11	0.9309	NA	0	1.3074	Viruses;Duplodnaviria;Heunggongvirae;Uroviricota;Caudoviricetes
k141_216236	5066	No terminal repeats	NA	11	11	0.9301	NA	0	3.7801	Viruses;Duplodnaviria;Heunggongvirae;Uroviricota;Caudoviricetes
k141_154638	4103	No terminal repeats	NA	13	11	0.9290	NA	1	6.4582	Viruses;Duplodnaviria;Heunggongvirae;Uroviricota;Caudoviricetes
k141_119736	7921	No terminal repeats	NA	16	11	0.9275	NA	0	6.3996	Viruses;Duplodnaviria;Heunggongvirae;Uroviricota;Caudoviricetes
k141_168701	4114	No terminal repeats	NA	6	11	0.9267	NA	0	1.2498	Viruses;Duplodnaviria;Heunggongvirae;Uroviricota;Caudoviricetes;Ackermannviridae
k141_175717	4825	No terminal repeats	NA	10	11	0.9259	NA	1	3.7779	Viruses;Duplodnaviria;Heunggongvirae;Uroviricota;Caudoviricetes;Herelleviridae
k141_4022	9469	No terminal repeats	NA	11	11	0.9227	NA	0	2.8670	Viruses;Duplodnaviria;Heunggongvirae;Uroviricota;Caudoviricetes
k141_97735	3730	No terminal repeats	NA	6	11	0.9226	NA	0	1.7183	Viruses;Duplodnaviria;Heunggongvirae;Uroviricota;Caudoviricetes
k141_213471	3549	No terminal repeats	NA	4	11	0.9220	NA	1	2.9291	Viruses;Duplodnaviria;Heunggongvirae;Uroviricota;Caudoviricetes
k141_142161	4821	No terminal repeats	NA	6	11	0.9215	NA	2	4.4686	Viruses;Duplodnaviria;Heunggongvirae;Uroviricota;Caudoviricetes;Thumleimavirales;Hafunaviridae
k141_187612	3720	No terminal repeats	NA	5	11	0.9185	NA	0	1.7183	Viruses;Duplodnaviria;Heunggongvirae;Uroviricota;Caudoviricetes
k141_131956	8501	No terminal repeats	NA	10	11	0.9142	NA	0	2.8670	Viruses;Duplodnaviria;Heunggongvirae;Uroviricota;Caudoviricetes
k141_121978	7025	No terminal repeats	NA	7	11	0.9128	NA	3	7.6854	Viruses;Duplodnaviria;Heunggongvirae;Uroviricota;Caudoviricetes
k141_21800	4084	No terminal repeats	NA	9	11	0.9125	NA	0	4.3275	Viruses;Duplodnaviria;Heunggongvirae;Uroviricota;Caudoviricetes;Thumleimavirales;Hafunaviridae
k141_90824	4414	No terminal repeats	NA	6	11	0.9099	NA	0	3.0706	Viruses;Duplodnaviria;Heunggongvirae;Uroviricota;Caudoviricetes
k141_1576	3986	No terminal repeats	NA	7	11	0.9075	NA	0	1.0898	Unclassified
k141_225036	3589	No terminal repeats	NA	7	11	0.9058	NA	0	3.3911	Viruses;Duplodnaviria;Heunggongvirae;Uroviricota;Caudoviricetes;Thumleimavirales;Hafunaviridae
k141_47193	6955	No terminal repeats	NA	8	11	0.9049	NA	1	3.4328	Viruses;Duplodnaviria;Heunggongvirae;Uroviricota;Caudoviricetes;Vertoviridae
k141_51615	4094	No terminal repeats	NA	10	11	0.9048	NA	0	2.5210	Viruses;Duplodnaviria;Heunggongvirae;Uroviricota;Caudoviricetes
k141_179348	4950	No terminal repeats	NA	9	11	0.9034	NA	0	3.2438	Viruses;Duplodnaviria;Heunggongvirae;Uroviricota;Caudoviricetes;Thumleimavirales;Hafunaviridae
k141_89602	6669	No terminal repeats	NA	17	11	0.9025	NA	0	3.4366	Viruses;Duplodnaviria;Heunggongvirae;Uroviricota;Caudoviricetes;Herelleviridae
k141_147822	6027	No terminal repeats	NA	8	11	0.9016	NA	1	3.1918	Viruses;Duplodnaviria;Heunggongvirae;Uroviricota;Caudoviricetes
k141_52126	5084	No terminal repeats	NA	11	11	0.9014	NA	0	3.3568	Viruses;Duplodnaviria;Heunggongvirae;Uroviricota;Caudoviricetes
k141_104680	4052	No terminal repeats	NA	5	11	0.9007	NA	0	2.7950	Viruses;Duplodnaviria;Heunggongvirae;Uroviricota;Caudoviricetes
k141_127046	3695	No terminal repeats	NA	6	11	0.8985	NA	1	3.1570	Viruses;Duplodnaviria;Heunggongvirae;Uroviricota;Caudoviricetes
k141_133022	6684	No terminal repeats	NA	8	11	0.8969	NA	0	2.5163	Viruses;Duplodnaviria;Heunggongvirae;Uroviricota;Caudoviricetes
k141_33442	5484	No terminal repeats	NA	5	11	0.8967	NA	0	4.8699	Viruses;Duplodnaviria;Heunggongvirae;Uroviricota;Caudoviricetes
k141_20589	3552	No terminal repeats	NA	9	11	0.8954	NA	1	6.5690	Viruses;Duplodnaviria;Heunggongvirae;Uroviricota;Caudoviricetes;Straboviridae
k141_230782	4003	No terminal repeats	NA	7	11	0.8939	NA	0	1.4729	Viruses;Duplodnaviria;Heunggongvirae;Uroviricota;Caudoviricetes
k141_58844	3585	No terminal repeats	NA	9	11	0.8922	NA	1	1.7145	Viruses;Duplodnaviria;Heunggongvirae;Uroviricota;Caudoviricetes
k141_224651	3615	No terminal repeats	NA	9	11	0.8921	NA	1	1.4121	Unclassified
k141_61902	5230	No terminal repeats	NA	11	11	0.8914	NA	0	1.3848	Viruses;Duplodnaviria;Heunggongvirae;Uroviricota;Caudoviricetes
k141_30189	9588	No terminal repeats	NA	24	11	0.8886	NA	0	17.5387	Viruses;Duplodnaviria;Heunggongvirae;Uroviricota;Caudoviricetes
k141_83860	4820	No terminal repeats	NA	7	11	0.8877	NA	2	2.5974	Viruses;Duplodnaviria;Heunggongvirae;Uroviricota;Caudoviricetes
k141_157529	6808	DTR	NA	12	11	0.8872	NA	1	1.4709	Viruses;Duplodnaviria;Heunggongvirae;Uroviricota;Caudoviricetes
k141_35545	5455	No terminal repeats	NA	5	11	0.8859	NA	1	4.0713	Viruses;Duplodnaviria;Heunggongvirae;Uroviricota;Caudoviricetes
k141_204340	3541	No terminal repeats	NA	7	11	0.8849	NA	1	3.4366	Viruses;Duplodnaviria;Heunggongvirae;Uroviricota;Caudoviricetes;Vertoviridae
k141_128204	6243	No terminal repeats	NA	8	11	0.8849	NA	2	6.2920	Viruses;Duplodnaviria;Heunggongvirae;Uroviricota;Caudoviricetes
k141_236324	7101	DTR	NA	10	11	0.8844	NA	0	2.7830	Viruses;Duplodnaviria;Heunggongvirae;Uroviricota;Caudoviricetes;Vertoviridae
k141_48356	4342	No terminal repeats	NA	5	11	0.8788	NA	1	3.4322	Viruses;Duplodnaviria;Heunggongvirae;Uroviricota;Caudoviricetes
k141_207741	61467	No terminal repeats	NA	99	11	0.8748	NA	2	9.6367	Viruses;Duplodnaviria;Heunggongvirae;Uroviricota;Caudoviricetes
k141_231180	9967	No terminal repeats	NA	12	11	0.8735	NA	1	2.7583	Viruses;Duplodnaviria;Heunggongvirae;Uroviricota;Caudoviricetes
k141_8645	4788	No terminal repeats	NA	7	11	0.8726	NA	0	0.0000	Unclassified
k141_126024	3716	No terminal repeats	NA	9	11	0.8705	NA	0	1.2610	Viruses;Duplodnaviria;Heunggongvirae;Uroviricota;Caudoviricetes
k141_25540	7884	No terminal repeats	NA	10	11	0.8644	NA	1	2.9025	Viruses;Duplodnaviria;Heunggongvirae;Uroviricota;Caudoviricetes
k141_189943	4058	No terminal repeats	NA	6	11	0.8609	NA	2	3.2958	Viruses;Duplodnaviria;Heunggongvirae;Uroviricota;Caudoviricetes
k141_161847	5881	No terminal repeats	NA	9	11	0.8566	NA	0	4.1999	Viruses;Duplodnaviria;Heunggongvirae;Uroviricota;Caudoviricetes;Herelleviridae
k141_164049	8625	No terminal repeats	NA	13	11	0.8566	NA	0	3.7560	Viruses;Duplodnaviria;Heunggongvirae;Uroviricota;Caudoviricetes
k141_98018	6375	No terminal repeats	NA	5	11	0.8554	NA	0	1.6078	Viruses;Duplodnaviria;Heunggongvirae;Uroviricota;Caudoviricetes;Thumleimavirales;Hafunaviridae
k141_173993	8300	No terminal repeats	NA	11	11	0.8534	NA	4	6.8755	Viruses;Duplodnaviria;Heunggongvirae;Uroviricota;Caudoviricetes
k141_112239	8479	No terminal repeats	NA	11	11	0.8520	NA	4	7.6961	Viruses;Duplodnaviria;Heunggongvirae;Uroviricota;Caudoviricetes
k141_114094	6938	No terminal repeats	NA	11	11	0.8468	NA	2	1.8342	Viruses;Duplodnaviria;Heunggongvirae;Uroviricota;Caudoviricetes;Thumleimavirales;Hafunaviridae
k141_84870	4628	No terminal repeats	NA	12	11	0.8446	NA	0	6.3907	Viruses;Duplodnaviria;Heunggongvirae;Uroviricota;Caudoviricetes;Thumleimavirales;Hafunaviridae
k141_204881	4197	No terminal repeats	NA	6	11	0.8426	NA	0	3.4366	Viruses;Duplodnaviria;Heunggongvirae;Uroviricota;Caudoviricetes;Vertoviridae
k141_27786	3736	No terminal repeats	NA	6	11	0.8261	NA	0	2.3673	Viruses;Duplodnaviria;Heunggongvirae;Uroviricota;Caudoviricetes
k141_170001	4177	No terminal repeats	NA	8	11	0.8254	NA	1	1.2634	Unclassified
k141_43285	3631	No terminal repeats	NA	8	11	0.8237	NA	0	1.1806	Viruses;Varidnaviria;Helvetiavirae;Dividoviricota;Laserviricetes;Halopanivirales;Sphaerolipoviridae
k141_229036	5243	No terminal repeats	NA	11	11	0.8193	NA	0	3.1352	Viruses;Duplodnaviria;Heunggongvirae;Uroviricota;Caudoviricetes
k141_123351	3376	No terminal repeats	NA	8	11	0.8190	NA	0	1.0549	Viruses;Duplodnaviria;Heunggongvirae;Uroviricota;Caudoviricetes
k141_53687	5193	No terminal repeats	NA	8	11	0.8167	NA	0	0.0000	Unclassified
k141_229574	6157	No terminal repeats	NA	5	11	0.8162	NA	0	1.1533	Viruses;Duplodnaviria;Heunggongvirae;Uroviricota;Caudoviricetes
k141_72854	7294	No terminal repeats	NA	6	11	0.8059	NA	1	3.0101	Viruses;Duplodnaviria;Heunggongvirae;Uroviricota;Caudoviricetes
k141_70759	3943	No terminal repeats	NA	9	11	0.8053	NA	0	10.8230	Viruses;Duplodnaviria;Heunggongvirae;Uroviricota;Caudoviricetes
k141_126841	4474	No terminal repeats	NA	6	11	0.7978	NA	1	3.0566	Viruses;Duplodnaviria;Heunggongvirae;Uroviricota;Caudoviricetes
k141_93488	7553	No terminal repeats	NA	10	11	0.7971	NA	0	0.0000	Unclassified
k141_197275	3515	No terminal repeats	NA	5	11	0.7896	NA	1	1.4709	Viruses;Duplodnaviria;Heunggongvirae;Uroviricota;Caudoviricetes
k141_135223	4818	No terminal repeats	NA	6	11	0.7761	NA	0	1.7183	Viruses;Duplodnaviria;Heunggongvirae;Uroviricota;Caudoviricetes
k141_54575	3749	No terminal repeats	NA	5	11	0.7631	NA	0	1.7073	Viruses;Duplodnaviria;Heunggongvirae;Uroviricota;Caudoviricetes;Thumleimavirales;Hafunaviridae
k141_99347	7470	No terminal repeats	NA	7	11	0.7624	NA	2	6.3527	Viruses;Duplodnaviria;Heunggongvirae;Uroviricota;Caudoviricetes
k141_234972	3801	No terminal repeats	NA	7	11	0.7580	NA	0	0.0000	Unclassified
k141_56940	3576	No terminal repeats	NA	5	11	0.7558	NA	1	1.3789	Viruses;Duplodnaviria;Heunggongvirae;Uroviricota;Caudoviricetes
k141_103620	5272	No terminal repeats	NA	8	11	0.7556	NA	0	1.6609	Viruses;Duplodnaviria;Heunggongvirae;Uroviricota;Caudoviricetes
k141_217220	7209	No terminal repeats	NA	10	11	0.7472	NA	0	5.0717	Viruses;Duplodnaviria;Heunggongvirae;Uroviricota;Caudoviricetes
k141_93859	3941	No terminal repeats	NA	9	11	0.7414	NA	1	2.8875	Viruses;Duplodnaviria;Heunggongvirae;Uroviricota;Caudoviricetes
k141_135564	4379	No terminal repeats	NA	6	11	0.7322	NA	0	1.7183	Viruses;Duplodnaviria;Heunggongvirae;Uroviricota;Caudoviricetes
k141_98433	4927	No terminal repeats	NA	12	11	0.7300	NA	0	3.1109	Viruses;Duplodnaviria;Heunggongvirae;Uroviricota;Caudoviricetes;Thumleimavirales;Hafunaviridae
k141_164023	3532	No terminal repeats	NA	6	11	0.7246	NA	0	1.7073	Viruses;Duplodnaviria;Heunggongvirae;Uroviricota;Caudoviricetes;Thumleimavirales;Hafunaviridae
k141_144707	4332	No terminal repeats	NA	8	11	0.7128	NA	0	1.1384	Unclassified
