seq_name	length	topology	coordinates	n_genes	genetic_code	virus_score	fdr	n_hallmarks	marker_enrichment	taxonomy
k141_363394	4620	No terminal repeats	NA	7	11	0.9835	NA	1	12.0280	Viruses;Duplodnaviria;Heunggongvirae;Uroviricota;Caudoviricetes;Zobellviridae
k141_241969	6323	No terminal repeats	NA	11	11	0.9833	NA	6	18.3263	Viruses;Duplodnaviria;Heunggongvirae;Uroviricota;Caudoviricetes
k141_190918	8385	No terminal repeats	NA	14	11	0.9833	NA	9	19.8911	Viruses;Duplodnaviria;Heunggongvirae;Uroviricota;Caudoviricetes
k141_295175	5892	No terminal repeats	NA	6	11	0.9832	NA	4	10.3070	Viruses;Duplodnaviria;Heunggongvirae;Uroviricota;Caudoviricetes
k141_122698	5525	No terminal repeats	NA	7	11	0.9832	NA	1	12.0246	Viruses;Duplodnaviria;Heunggongvirae;Uroviricota;Caudoviricetes
k141_192284	8472	No terminal repeats	NA	11	11	0.9831	NA	6	13.7890	Viruses;Duplodnaviria;Heunggongvirae;Uroviricota;Caudoviricetes
k141_381173	6014	No terminal repeats	NA	8	11	0.9831	NA	3	13.2665	Viruses;Duplodnaviria;Heunggongvirae;Uroviricota;Caudoviricetes
k141_170885	8945	No terminal repeats	NA	13	11	0.9830	NA	5	21.8224	Viruses;Duplodnaviria;Heunggongvirae;Uroviricota;Caudoviricetes
k141_51453	8017	No terminal repeats	NA	13	11	0.9829	NA	4	19.4517	Viruses;Duplodnaviria;Heunggongvirae;Uroviricota;Caudoviricetes
k141_185959	6922	No terminal repeats	NA	11	11	0.9828	NA	2	15.4645	Viruses;Duplodnaviria;Heunggongvirae;Uroviricota;Caudoviricetes
k141_91283	7238	No terminal repeats	NA	5	11	0.9827	NA	0	6.8638	Viruses;Duplodnaviria;Heunggongvirae;Uroviricota;Caudoviricetes
k141_101764	4084	No terminal repeats	NA	6	11	0.9827	NA	5	10.1192	Viruses;Duplodnaviria;Heunggongvirae;Uroviricota;Caudoviricetes
k141_190021	7038	No terminal repeats	NA	7	11	0.9827	NA	4	8.7820	Viruses;Duplodnaviria;Heunggongvirae;Uroviricota;Caudoviricetes
k141_274372	9791	No terminal repeats	NA	13	11	0.9826	NA	5	22.0934	Viruses;Duplodnaviria;Heunggongvirae;Uroviricota;Caudoviricetes
k141_341796	6250	No terminal repeats	NA	10	11	0.9826	NA	3	12.7747	Viruses;Duplodnaviria;Heunggongvirae;Uroviricota;Caudoviricetes
k141_216702	5736	No terminal repeats	NA	8	11	0.9826	NA	1	11.8119	Viruses;Duplodnaviria;Heunggongvirae;Uroviricota;Caudoviricetes
k141_250646	4079	No terminal repeats	NA	5	11	0.9826	NA	0	8.5743	Viruses;Duplodnaviria;Heunggongvirae;Uroviricota;Caudoviricetes
k141_47680	4099	No terminal repeats	NA	8	11	0.9825	NA	2	9.9036	Viruses;Duplodnaviria;Heunggongvirae;Uroviricota;Caudoviricetes
k141_303021	4871	No terminal repeats	NA	9	11	0.9825	NA	3	13.7463	Viruses;Duplodnaviria;Heunggongvirae;Uroviricota;Caudoviricetes
k141_211119	5167	No terminal repeats	NA	5	11	0.9825	NA	3	6.1989	Viruses;Duplodnaviria;Heunggongvirae;Uroviricota;Caudoviricetes
k141_73536	6833	No terminal repeats	NA	10	11	0.9825	NA	4	12.6888	Viruses;Duplodnaviria;Heunggongvirae;Uroviricota;Caudoviricetes
k141_219682	3791	No terminal repeats	NA	6	11	0.9825	NA	0	8.5914	Viruses;Duplodnaviria;Heunggongvirae;Uroviricota;Caudoviricetes;Zobellviridae
k141_65492	5797	No terminal repeats	NA	10	11	0.9824	NA	1	14.9588	Viruses;Duplodnaviria;Heunggongvirae;Uroviricota;Caudoviricetes
k141_144658	4026	No terminal repeats	NA	9	11	0.9823	NA	0	9.6614	Viruses;Duplodnaviria;Heunggongvirae;Uroviricota;Caudoviricetes
k141_55889	4578	No terminal repeats	NA	8	11	0.9823	NA	2	11.5620	Viruses;Duplodnaviria;Heunggongvirae;Uroviricota;Caudoviricetes
k141_200624	3945	No terminal repeats	NA	5	11	0.9823	NA	3	8.1917	Viruses;Duplodnaviria;Heunggongvirae;Uroviricota;Caudoviricetes
k141_57338	5994	No terminal repeats	NA	8	11	0.9822	NA	3	10.1155	Viruses;Duplodnaviria;Heunggongvirae;Uroviricota;Caudoviricetes
k141_114616	6357	No terminal repeats	NA	10	11	0.9822	NA	2	12.9742	Viruses;Duplodnaviria;Heunggongvirae;Uroviricota;Caudoviricetes
k141_20903	4415	No terminal repeats	NA	7	11	0.9821	NA	6	9.6658	Viruses;Duplodnaviria;Heunggongvirae;Uroviricota;Caudoviricetes
k141_324830	6137	No terminal repeats	NA	17	11	0.9821	NA	0	9.9740	Viruses;Duplodnaviria;Heunggongvirae;Uroviricota;Caudoviricetes
k141_245327	8121	No terminal repeats	NA	14	11	0.9821	NA	1	11.9489	Viruses;Duplodnaviria;Heunggongvirae;Uroviricota;Caudoviricetes
k141_327922	5336	No terminal repeats	NA	11	11	0.9821	NA	3	13.4411	Viruses;Duplodnaviria;Heunggongvirae;Uroviricota;Caudoviricetes
k141_285580	6708	No terminal repeats	NA	5	11	0.9821	NA	5	8.2664	Viruses;Duplodnaviria;Heunggongvirae;Uroviricota;Caudoviricetes
k141_197139	4267	No terminal repeats	NA	7	11	0.9819	NA	2	8.1611	Viruses;Duplodnaviria;Heunggongvirae;Uroviricota;Caudoviricetes
k141_384343	7213	No terminal repeats	NA	12	11	0.9819	NA	0	9.4992	Viruses;Duplodnaviria;Heunggongvirae;Uroviricota;Caudoviricetes
k141_170572	6171	No terminal repeats	NA	10	11	0.9819	NA	0	11.1994	Viruses;Duplodnaviria;Heunggongvirae;Uroviricota;Caudoviricetes
k141_86051	3919	No terminal repeats	NA	5	11	0.9819	NA	1	6.8731	Viruses;Duplodnaviria;Heunggongvirae;Uroviricota;Caudoviricetes
k141_363681	3565	No terminal repeats	NA	8	11	0.9819	NA	0	9.6527	Viruses;Duplodnaviria;Heunggongvirae;Uroviricota;Caudoviricetes
k141_371743	5625	No terminal repeats	NA	10	11	0.9819	NA	2	8.1212	Viruses;Duplodnaviria;Heunggongvirae;Uroviricota;Caudoviricetes
k141_229077	6446	No terminal repeats	NA	6	11	0.9819	NA	1	6.8643	Viruses;Duplodnaviria;Heunggongvirae;Uroviricota;Caudoviricetes;Autographiviridae
k141_250155	4237	No terminal repeats	NA	5	11	0.9819	NA	1	6.8731	Viruses;Monodnaviria;Sangervirae;Phixviricota;Malgrandaviricetes;Petitvirales;Microviridae
k141_256982	4675	No terminal repeats	NA	6	11	0.9818	NA	3	7.3508	Viruses;Duplodnaviria;Heunggongvirae;Uroviricota;Caudoviricetes
k141_99245	4041	No terminal repeats	NA	8	11	0.9818	NA	1	6.3318	Viruses;Duplodnaviria;Heunggongvirae;Uroviricota;Caudoviricetes
k141_219668	5306	No terminal repeats	NA	9	11	0.9818	NA	1	11.4073	Viruses;Duplodnaviria;Heunggongvirae;Uroviricota;Caudoviricetes
k141_9505	6053	No terminal repeats	NA	11	11	0.9818	NA	1	16.1408	Viruses;Duplodnaviria;Heunggongvirae;Uroviricota;Caudoviricetes
k141_360858	4132	No terminal repeats	NA	6	11	0.9817	NA	3	8.1286	Viruses;Duplodnaviria;Heunggongvirae;Uroviricota;Caudoviricetes
k141_219724	7209	No terminal repeats	NA	12	11	0.9817	NA	1	12.4995	Viruses;Duplodnaviria;Heunggongvirae;Uroviricota;Caudoviricetes
k141_192365	7373	No terminal repeats	NA	7	11	0.9817	NA	4	11.5433	Viruses;Duplodnaviria;Heunggongvirae;Uroviricota;Caudoviricetes
k141_317275	7518	No terminal repeats	NA	13	11	0.9817	NA	0	20.2989	Viruses;Duplodnaviria;Heunggongvirae;Uroviricota;Caudoviricetes
k141_226081	6187	No terminal repeats	NA	12	11	0.9817	NA	3	15.0136	Viruses;Duplodnaviria;Heunggongvirae;Uroviricota;Caudoviricetes
k141_170518	3662	No terminal repeats	NA	5	11	0.9816	NA	3	6.2751	Viruses;Duplodnaviria;Heunggongvirae;Uroviricota;Caudoviricetes
k141_47014	4169	No terminal repeats	NA	5	11	0.9816	NA	3	6.7632	Viruses;Duplodnaviria;Heunggongvirae;Uroviricota;Caudoviricetes
k141_371103	4902	No terminal repeats	NA	8	11	0.9816	NA	0	11.5074	Viruses;Duplodnaviria;Heunggongvirae;Uroviricota;Caudoviricetes
k141_48921	6237	No terminal repeats	NA	10	11	0.9815	NA	2	13.9261	Viruses;Duplodnaviria;Heunggongvirae;Uroviricota;Caudoviricetes
k141_127399	9078	No terminal repeats	NA	14	11	0.9815	NA	0	18.2654	Viruses;Duplodnaviria;Heunggongvirae;Uroviricota;Caudoviricetes
k141_139727	4171	No terminal repeats	NA	8	11	0.9815	NA	5	12.9052	Viruses;Duplodnaviria;Heunggongvirae;Uroviricota;Caudoviricetes
k141_128649	6854	No terminal repeats	NA	9	11	0.9814	NA	1	10.7700	Viruses;Duplodnaviria;Heunggongvirae;Uroviricota;Caudoviricetes
k141_335473	9573	No terminal repeats	NA	16	11	0.9814	NA	2	23.1345	Viruses;Duplodnaviria;Heunggongvirae;Uroviricota;Caudoviricetes
k141_66494	7334	No terminal repeats	NA	6	11	0.9814	NA	3	6.8589	Viruses;Duplodnaviria;Heunggongvirae;Uroviricota;Caudoviricetes;Straboviridae
k141_375475	9906	No terminal repeats	NA	13	11	0.9814	NA	3	17.1177	Viruses;Duplodnaviria;Heunggongvirae;Uroviricota;Caudoviricetes
k141_10051	7155	No terminal repeats	NA	12	11	0.9814	NA	1	11.1482	Viruses;Duplodnaviria;Heunggongvirae;Uroviricota;Caudoviricetes;Crassvirales
k141_362254	3891	No terminal repeats	NA	6	11	0.9813	NA	3	7.8039	Viruses;Duplodnaviria;Heunggongvirae;Uroviricota;Caudoviricetes
k141_238518	9269	No terminal repeats	NA	14	11	0.9813	NA	7	19.0977	Viruses;Duplodnaviria;Heunggongvirae;Uroviricota;Caudoviricetes
k141_211485	6523	No terminal repeats	NA	11	11	0.9813	NA	1	11.6474	Viruses;Duplodnaviria;Heunggongvirae;Uroviricota;Caudoviricetes
k141_258232	8018	No terminal repeats	NA	6	11	0.9813	NA	1	8.5832	Viruses;Duplodnaviria;Heunggongvirae;Uroviricota;Caudoviricetes
k141_79209	6764	No terminal repeats	NA	9	11	0.9813	NA	0	7.9637	Viruses;Duplodnaviria;Heunggongvirae;Uroviricota;Caudoviricetes
k141_21234	6299	No terminal repeats	NA	7	11	0.9812	NA	0	10.0734	Viruses;Varidnaviria;Bamfordvirae;Nucleocytoviricota;Megaviricetes
k141_45169	5178	No terminal repeats	NA	9	11	0.9812	NA	1	12.2491	Viruses;Duplodnaviria;Heunggongvirae;Uroviricota;Caudoviricetes
k141_123081	4974	No terminal repeats	NA	12	11	0.9812	NA	2	10.0823	Viruses;Duplodnaviria;Heunggongvirae;Uroviricota;Caudoviricetes
k141_354719	9129	No terminal repeats	NA	14	11	0.9812	NA	3	17.3642	Viruses;Duplodnaviria;Heunggongvirae;Uroviricota;Caudoviricetes
k141_360583	4468	No terminal repeats	NA	8	11	0.9812	NA	2	9.9544	Viruses;Duplodnaviria;Heunggongvirae;Uroviricota;Caudoviricetes
k141_353621	7623	No terminal repeats	NA	16	11	0.9812	NA	2	14.3204	Viruses;Duplodnaviria;Heunggongvirae;Uroviricota;Caudoviricetes
k141_373357	7292	No terminal repeats	NA	13	11	0.9811	NA	3	13.4581	Viruses;Duplodnaviria;Heunggongvirae;Uroviricota;Caudoviricetes
k141_233574	3541	No terminal repeats	NA	5	11	0.9810	NA	1	6.5682	Viruses;Duplodnaviria;Heunggongvirae;Uroviricota;Caudoviricetes
k141_150666	4570	No terminal repeats	NA	9	11	0.9810	NA	4	13.7287	Viruses;Duplodnaviria;Heunggongvirae;Uroviricota;Caudoviricetes
k141_245581	6849	No terminal repeats	NA	12	11	0.9809	NA	0	9.9491	Viruses;Duplodnaviria;Heunggongvirae;Uroviricota;Caudoviricetes
k141_139641	3905	No terminal repeats	NA	9	11	0.9809	NA	0	10.3227	Viruses;Duplodnaviria;Heunggongvirae;Uroviricota;Caudoviricetes
k141_159666	3739	No terminal repeats	NA	9	11	0.9809	NA	3	11.1044	Viruses;Duplodnaviria;Heunggongvirae;Uroviricota;Caudoviricetes
k141_200563	7712	No terminal repeats	NA	14	11	0.9808	NA	1	6.3749	Viruses;Duplodnaviria;Heunggongvirae;Uroviricota;Caudoviricetes
k141_360874	3523	No terminal repeats	NA	6	11	0.9808	NA	1	9.6243	Viruses;Duplodnaviria;Heunggongvirae;Uroviricota;Caudoviricetes
k141_308951	3624	No terminal repeats	NA	5	11	0.9808	NA	0	6.3539	Viruses;Duplodnaviria;Heunggongvirae;Uroviricota;Caudoviricetes
k141_223147	4858	No terminal repeats	NA	7	11	0.9808	NA	4	10.7360	Viruses;Duplodnaviria;Heunggongvirae;Uroviricota;Caudoviricetes
k141_30919	9071	No terminal repeats	NA	18	11	0.9808	NA	0	14.5421	Viruses;Duplodnaviria;Heunggongvirae;Uroviricota;Caudoviricetes
k141_353142	3665	No terminal repeats	NA	7	11	0.9808	NA	0	11.4496	Viruses;Duplodnaviria;Heunggongvirae;Uroviricota;Caudoviricetes
k141_73084	4030	No terminal repeats	NA	8	11	0.9807	NA	3	9.2843	Viruses;Duplodnaviria;Heunggongvirae;Uroviricota;Caudoviricetes
k141_253594	5948	No terminal repeats	NA	11	11	0.9807	NA	0	11.4598	Viruses;Duplodnaviria;Heunggongvirae;Uroviricota;Caudoviricetes
k141_346775	5197	No terminal repeats	NA	12	11	0.9807	NA	0	7.7926	Viruses;Duplodnaviria;Heunggongvirae;Uroviricota;Caudoviricetes
k141_224423	9135	No terminal repeats	NA	11	11	0.9806	NA	4	15.1709	Viruses;Duplodnaviria;Heunggongvirae;Uroviricota;Caudoviricetes
k141_125416	6471	No terminal repeats	NA	9	11	0.9806	NA	1	11.6927	Viruses;Duplodnaviria;Heunggongvirae;Uroviricota;Caudoviricetes
k141_186787	4381	No terminal repeats	NA	5	11	0.9805	NA	1	6.7809	Viruses;Duplodnaviria;Heunggongvirae;Uroviricota;Caudoviricetes
k141_92494	4634	No terminal repeats	NA	6	11	0.9804	NA	1	6.1219	Viruses;Duplodnaviria;Heunggongvirae;Uroviricota;Caudoviricetes
k141_294277	5428	No terminal repeats	NA	10	11	0.9804	NA	1	8.2470	Viruses;Duplodnaviria;Heunggongvirae;Uroviricota;Caudoviricetes
k141_330097	4037	No terminal repeats	NA	10	11	0.9804	NA	1	9.2067	Viruses;Duplodnaviria;Heunggongvirae;Uroviricota;Caudoviricetes
k141_110565	6902	No terminal repeats	NA	12	11	0.9803	NA	0	8.3326	Viruses;Duplodnaviria;Heunggongvirae;Uroviricota;Caudoviricetes
k141_373607	4590	No terminal repeats	NA	6	11	0.9803	NA	1	9.9899	Viruses;Duplodnaviria;Heunggongvirae;Uroviricota;Caudoviricetes
k141_186510	7149	No terminal repeats	NA	14	11	0.9803	NA	1	7.5613	Viruses;Duplodnaviria;Heunggongvirae;Uroviricota;Caudoviricetes
k141_21470	4361	No terminal repeats	NA	6	11	0.9803	NA	2	6.6423	Viruses;Duplodnaviria;Heunggongvirae;Uroviricota;Caudoviricetes
k141_46727	3844	No terminal repeats	NA	7	11	0.9803	NA	3	6.4891	Viruses;Duplodnaviria;Heunggongvirae;Uroviricota;Caudoviricetes
k141_178733	5787	No terminal repeats	NA	18	11	0.9803	NA	1	13.3791	Viruses;Duplodnaviria;Heunggongvirae;Uroviricota;Caudoviricetes
k141_28306	7698	No terminal repeats	NA	21	11	0.9802	NA	0	10.1280	Viruses;Duplodnaviria;Heunggongvirae;Uroviricota;Caudoviricetes
k141_141660	6027	No terminal repeats	NA	12	11	0.9802	NA	2	10.9381	Viruses;Duplodnaviria;Heunggongvirae;Uroviricota;Caudoviricetes;Autographiviridae
k141_264153	4835	No terminal repeats	NA	6	11	0.9801	NA	2	6.2574	Viruses;Duplodnaviria;Heunggongvirae;Uroviricota;Caudoviricetes
k141_176843	3582	No terminal repeats	NA	8	11	0.9801	NA	1	13.4212	Viruses;Duplodnaviria;Heunggongvirae;Uroviricota;Caudoviricetes
k141_75369	4971	No terminal repeats	NA	9	11	0.9800	NA	1	8.5914	Viruses;Duplodnaviria;Heunggongvirae;Uroviricota;Caudoviricetes
k141_274836	8050	No terminal repeats	NA	19	11	0.9800	NA	1	19.3331	Viruses;Duplodnaviria;Heunggongvirae;Uroviricota;Caudoviricetes
k141_12774	4257	No terminal repeats	NA	6	11	0.9799	NA	1	7.3264	Viruses;Duplodnaviria;Heunggongvirae;Uroviricota;Caudoviricetes
k141_62493	5663	No terminal repeats	NA	9	11	0.9799	NA	0	8.3163	Viruses;Duplodnaviria;Heunggongvirae;Uroviricota;Caudoviricetes
k141_265008	8422	No terminal repeats	NA	5	11	0.9799	NA	1	8.1497	Viruses;Duplodnaviria;Heunggongvirae;Uroviricota;Caudoviricetes
k141_241328	4989	No terminal repeats	NA	7	11	0.9799	NA	2	11.6456	Viruses;Duplodnaviria;Heunggongvirae;Uroviricota;Caudoviricetes
k141_94660	4347	No terminal repeats	NA	7	11	0.9799	NA	1	4.7568	Viruses;Varidnaviria;Bamfordvirae;Nucleocytoviricota;Megaviricetes;Imitervirales;Mimiviridae
k141_272389	3554	No terminal repeats	NA	9	11	0.9799	NA	2	8.5897	Viruses;Duplodnaviria;Heunggongvirae;Uroviricota;Caudoviricetes
k141_6548	3967	No terminal repeats	NA	6	11	0.9798	NA	2	7.2855	Viruses;Duplodnaviria;Heunggongvirae;Uroviricota;Caudoviricetes
k141_263712	4112	No terminal repeats	NA	5	11	0.9798	NA	1	6.7809	Viruses;Duplodnaviria;Heunggongvirae;Uroviricota;Caudoviricetes
k141_378825	6141	No terminal repeats	NA	20	11	0.9798	NA	0	14.1844	Viruses;Duplodnaviria;Heunggongvirae;Uroviricota;Caudoviricetes
k141_340211	4240	No terminal repeats	NA	8	11	0.9797	NA	7	11.4600	Viruses;Duplodnaviria;Heunggongvirae;Uroviricota;Caudoviricetes
k141_6142	4739	No terminal repeats	NA	10	11	0.9797	NA	3	12.8610	Viruses;Duplodnaviria;Heunggongvirae;Uroviricota;Caudoviricetes
k141_324170	6930	No terminal repeats	NA	11	11	0.9797	NA	0	14.0745	Viruses;Duplodnaviria;Heunggongvirae;Uroviricota;Caudoviricetes
k141_184073	6307	No terminal repeats	NA	10	11	0.9796	NA	2	9.7322	Viruses;Duplodnaviria;Heunggongvirae;Uroviricota;Caudoviricetes
k141_95388	4534	No terminal repeats	NA	6	11	0.9795	NA	2	6.6724	Viruses;Duplodnaviria;Heunggongvirae;Uroviricota;Caudoviricetes
k141_147327	5655	No terminal repeats	NA	11	11	0.9795	NA	1	9.5353	Viruses;Duplodnaviria;Heunggongvirae;Uroviricota;Caudoviricetes
k141_29669	3759	No terminal repeats	NA	5	11	0.9794	NA	1	5.1536	Viruses;Duplodnaviria;Heunggongvirae;Uroviricota;Caudoviricetes
k141_164865	3720	No terminal repeats	NA	7	11	0.9794	NA	4	8.5914	Viruses;Duplodnaviria;Heunggongvirae;Uroviricota;Caudoviricetes;Autographiviridae
k141_88922	4077	No terminal repeats	NA	6	11	0.9794	NA	0	8.4940	Viruses;Duplodnaviria;Heunggongvirae;Uroviricota;Caudoviricetes
k141_125796	5199	No terminal repeats	NA	13	11	0.9793	NA	2	11.6087	Viruses;Duplodnaviria;Heunggongvirae;Uroviricota;Caudoviricetes
k141_76585	4032	No terminal repeats	NA	5	11	0.9793	NA	0	6.2931	Viruses;Duplodnaviria;Heunggongvirae;Uroviricota;Caudoviricetes
k141_267195	4739	No terminal repeats	NA	8	11	0.9793	NA	0	9.8789	Viruses;Duplodnaviria;Heunggongvirae;Uroviricota;Caudoviricetes
k141_319434	4671	No terminal repeats	NA	8	11	0.9793	NA	0	6.8803	Viruses;Duplodnaviria;Heunggongvirae;Uroviricota;Caudoviricetes;Demerecviridae
k141_280617	7029	No terminal repeats	NA	11	11	0.9793	NA	4	18.6285	Viruses;Duplodnaviria;Heunggongvirae;Uroviricota;Caudoviricetes
k141_31331	4475	No terminal repeats	NA	8	11	0.9793	NA	0	4.7624	Viruses;Duplodnaviria;Heunggongvirae;Uroviricota;Caudoviricetes
k141_77795	3762	No terminal repeats	NA	7	11	0.9792	NA	3	9.0493	Viruses;Duplodnaviria;Heunggongvirae;Uroviricota;Caudoviricetes;Autographiviridae
k141_254684	5794	No terminal repeats	NA	20	11	0.9792	NA	0	9.1373	Viruses;Duplodnaviria;Heunggongvirae;Uroviricota;Caudoviricetes
k141_116694	3961	No terminal repeats	NA	6	11	0.9791	NA	0	6.5675	Viruses;Duplodnaviria;Heunggongvirae;Uroviricota;Caudoviricetes
k141_235181	4718	No terminal repeats	NA	5	11	0.9791	NA	2	5.1548	Viruses;Duplodnaviria;Heunggongvirae;Uroviricota;Caudoviricetes;Autographiviridae
k141_273190	9437	No terminal repeats	NA	11	11	0.9791	NA	4	11.7507	Viruses;Duplodnaviria;Heunggongvirae;Uroviricota;Caudoviricetes
k141_194414	6632	No terminal repeats	NA	12	11	0.9791	NA	3	6.6706	Viruses;Duplodnaviria;Heunggongvirae;Uroviricota;Caudoviricetes
k141_325667	6486	No terminal repeats	NA	18	11	0.9791	NA	0	8.3513	Viruses;Duplodnaviria;Heunggongvirae;Uroviricota;Caudoviricetes
k141_262905	4320	No terminal repeats	NA	10	11	0.9791	NA	1	4.9383	Viruses;Duplodnaviria;Heunggongvirae;Uroviricota;Caudoviricetes
k141_205944	6141	No terminal repeats	NA	13	11	0.9790	NA	7	15.3902	Viruses;Duplodnaviria;Heunggongvirae;Uroviricota;Caudoviricetes
k141_243001	5167	No terminal repeats	NA	6	11	0.9790	NA	3	8.5142	Viruses;Duplodnaviria;Heunggongvirae;Uroviricota;Caudoviricetes
k141_79592	5156	No terminal repeats	NA	12	11	0.9789	NA	2	5.9849	Viruses;Duplodnaviria;Heunggongvirae;Uroviricota;Caudoviricetes
k141_177921	9608	No terminal repeats	NA	16	11	0.9789	NA	8	15.4097	Viruses;Duplodnaviria;Heunggongvirae;Uroviricota;Caudoviricetes
k141_38897	5740	No terminal repeats	NA	14	11	0.9789	NA	0	9.5852	Viruses;Duplodnaviria;Heunggongvirae;Uroviricota;Caudoviricetes
k141_361193	3514	No terminal repeats	NA	6	11	0.9789	NA	0	9.4057	Viruses;Duplodnaviria;Heunggongvirae;Uroviricota;Caudoviricetes
k141_346498	5106	No terminal repeats	NA	10	11	0.9788	NA	4	13.4894	Viruses;Duplodnaviria;Heunggongvirae;Uroviricota;Caudoviricetes
k141_279189	6133	No terminal repeats	NA	14	11	0.9788	NA	0	6.8731	Viruses;Duplodnaviria;Heunggongvirae;Uroviricota;Caudoviricetes
k141_96208	4393	No terminal repeats	NA	7	11	0.9788	NA	2	7.9503	Viruses;Duplodnaviria;Heunggongvirae;Uroviricota;Caudoviricetes
k141_305554	3533	No terminal repeats	NA	4	11	0.9787	NA	1	6.8360	Viruses;Duplodnaviria;Heunggongvirae;Uroviricota;Caudoviricetes
k141_279169	4419	No terminal repeats	NA	5	11	0.9786	NA	0	3.0817	Viruses;Varidnaviria;Bamfordvirae;Nucleocytoviricota;Megaviricetes;Imitervirales;Mimiviridae
k141_144442	5238	No terminal repeats	NA	7	11	0.9786	NA	1	8.5635	Viruses;Duplodnaviria;Heunggongvirae;Uroviricota;Caudoviricetes
k141_169504	4136	No terminal repeats	NA	6	11	0.9786	NA	0	5.8066	Viruses;Duplodnaviria;Heunggongvirae;Uroviricota;Caudoviricetes
k141_188153	6947	No terminal repeats	NA	14	11	0.9786	NA	1	6.8731	Viruses;Duplodnaviria;Heunggongvirae;Uroviricota;Caudoviricetes
k141_236337	4097	No terminal repeats	NA	8	11	0.9786	NA	0	4.9115	Viruses;Duplodnaviria;Heunggongvirae;Uroviricota;Caudoviricetes
k141_40780	4238	No terminal repeats	NA	5	11	0.9785	NA	0	5.1548	Viruses;Duplodnaviria;Heunggongvirae;Uroviricota;Caudoviricetes
k141_196041	8764	No terminal repeats	NA	8	11	0.9785	NA	1	13.6904	Viruses;Duplodnaviria;Heunggongvirae;Uroviricota;Caudoviricetes
k141_89005	3690	No terminal repeats	NA	7	11	0.9785	NA	2	4.9299	Viruses;Duplodnaviria;Heunggongvirae;Uroviricota;Caudoviricetes
k141_300926	3923	No terminal repeats	NA	5	11	0.9785	NA	0	6.8731	Viruses;Varidnaviria;Bamfordvirae;Nucleocytoviricota;Megaviricetes;Imitervirales;Mimiviridae
k141_21278	6181	No terminal repeats	NA	18	11	0.9785	NA	0	5.1548	Viruses;Duplodnaviria;Heunggongvirae;Uroviricota;Caudoviricetes
k141_261878	3773	No terminal repeats	NA	8	11	0.9784	NA	0	5.8235	Viruses;Duplodnaviria;Heunggongvirae;Uroviricota;Caudoviricetes
k141_154815	4355	No terminal repeats	NA	5	11	0.9784	NA	3	5.9371	Viruses;Duplodnaviria;Heunggongvirae;Uroviricota;Caudoviricetes
k141_337408	4730	No terminal repeats	NA	7	11	0.9783	NA	3	7.6039	Viruses;Duplodnaviria;Heunggongvirae;Uroviricota;Caudoviricetes
k141_160334	3591	No terminal repeats	NA	5	11	0.9783	NA	1	5.7928	Viruses;Duplodnaviria;Heunggongvirae;Uroviricota;Caudoviricetes
k141_227319	7494	No terminal repeats	NA	11	11	0.9782	NA	0	8.1426	Viruses;Duplodnaviria;Heunggongvirae;Uroviricota;Caudoviricetes
k141_127982	6167	No terminal repeats	NA	11	11	0.9782	NA	3	12.0662	Viruses;Duplodnaviria;Heunggongvirae;Uroviricota;Caudoviricetes
k141_225099	3635	No terminal repeats	NA	6	11	0.9781	NA	2	7.4612	Viruses;Duplodnaviria;Heunggongvirae;Uroviricota;Caudoviricetes
k141_33962	4246	No terminal repeats	NA	12	11	0.9781	NA	0	7.0076	Viruses;Duplodnaviria;Heunggongvirae;Uroviricota;Caudoviricetes
k141_360841	3716	No terminal repeats	NA	6	11	0.9781	NA	2	7.6866	Viruses;Duplodnaviria;Heunggongvirae;Uroviricota;Caudoviricetes
k141_336119	9782	No terminal repeats	NA	8	11	0.9780	NA	0	7.6816	Viruses
k141_231007	3825	No terminal repeats	NA	7	11	0.9779	NA	0	11.6188	Viruses;Duplodnaviria;Heunggongvirae;Uroviricota;Caudoviricetes
k141_160662	5304	No terminal repeats	NA	11	11	0.9779	NA	3	6.5364	Viruses;Duplodnaviria;Heunggongvirae;Uroviricota;Caudoviricetes
k141_9992	5569	No terminal repeats	NA	11	11	0.9779	NA	0	5.9012	Viruses;Duplodnaviria;Heunggongvirae;Uroviricota;Caudoviricetes
k141_254340	7454	No terminal repeats	NA	11	11	0.9779	NA	4	8.6578	Viruses;Duplodnaviria;Heunggongvirae;Uroviricota;Caudoviricetes
k141_345905	4887	No terminal repeats	NA	5	11	0.9779	NA	1	4.6545	Viruses;Duplodnaviria;Heunggongvirae;Uroviricota;Caudoviricetes
k141_279973	3800	No terminal repeats	NA	6	11	0.9778	NA	0	5.8972	Viruses;Duplodnaviria;Heunggongvirae;Uroviricota;Caudoviricetes
k141_265999	9564	No terminal repeats	NA	18	11	0.9778	NA	0	6.1583	Viruses;Duplodnaviria;Heunggongvirae;Uroviricota;Caudoviricetes
k141_256701	5269	No terminal repeats	NA	6	11	0.9776	NA	1	9.5016	Viruses;Duplodnaviria;Heunggongvirae;Uroviricota;Caudoviricetes
k141_283279	5512	No terminal repeats	NA	11	11	0.9776	NA	1	10.2050	Viruses;Duplodnaviria;Heunggongvirae;Uroviricota;Caudoviricetes
k141_83141	4405	No terminal repeats	NA	5	11	0.9775	NA	0	5.1337	Viruses;Duplodnaviria;Heunggongvirae;Uroviricota;Caudoviricetes
k141_206819	4098	No terminal repeats	NA	5	11	0.9774	NA	3	5.9910	Viruses;Duplodnaviria;Heunggongvirae;Uroviricota;Caudoviricetes
k141_98601	4329	No terminal repeats	NA	6	11	0.9773	NA	1	6.6461	Viruses;Duplodnaviria;Heunggongvirae;Uroviricota;Caudoviricetes
k141_343108	7760	No terminal repeats	NA	10	11	0.9773	NA	0	13.0483	Viruses;Duplodnaviria;Heunggongvirae;Uroviricota;Caudoviricetes
k141_324694	4343	No terminal repeats	NA	5	11	0.9772	NA	3	5.4788	Viruses;Duplodnaviria;Heunggongvirae;Uroviricota;Caudoviricetes
k141_54650	8128	No terminal repeats	NA	9	11	0.9772	NA	1	13.0552	Viruses;Duplodnaviria;Heunggongvirae;Uroviricota;Caudoviricetes;Schitoviridae
k141_109079	3653	No terminal repeats	NA	6	11	0.9772	NA	2	4.5019	Viruses;Duplodnaviria;Heunggongvirae;Uroviricota;Caudoviricetes
k141_68565	8172	No terminal repeats	NA	9	11	0.9772	NA	1	14.9648	Viruses;Duplodnaviria;Heunggongvirae;Uroviricota;Caudoviricetes
k141_115175	7078	No terminal repeats	NA	22	11	0.9772	NA	0	6.5662	Viruses;Duplodnaviria;Heunggongvirae;Uroviricota;Caudoviricetes
k141_357615	5212	No terminal repeats	NA	11	11	0.9771	NA	0	8.2260	Viruses;Duplodnaviria;Heunggongvirae;Uroviricota;Caudoviricetes
k141_370231	4084	No terminal repeats	NA	7	11	0.9771	NA	0	5.9471	Viruses;Duplodnaviria;Heunggongvirae;Uroviricota;Caudoviricetes
k141_230462	4216	No terminal repeats	NA	13	11	0.9770	NA	0	9.5890	Viruses;Duplodnaviria;Heunggongvirae;Uroviricota;Caudoviricetes
k141_327798	5209	No terminal repeats	NA	9	11	0.9770	NA	1	10.0778	Viruses;Duplodnaviria;Heunggongvirae;Uroviricota;Caudoviricetes
k141_261411	3718	No terminal repeats	NA	6	11	0.9770	NA	3	6.3568	Viruses;Duplodnaviria;Heunggongvirae;Uroviricota;Caudoviricetes
k141_338509	9894	No terminal repeats	NA	15	11	0.9769	NA	4	13.0121	Viruses;Duplodnaviria;Heunggongvirae;Uroviricota;Caudoviricetes
k141_56494	6592	No terminal repeats	NA	10	11	0.9768	NA	3	12.4211	Viruses;Duplodnaviria;Heunggongvirae;Uroviricota;Caudoviricetes
k141_106293	3896	No terminal repeats	NA	11	11	0.9767	NA	0	8.5263	Viruses;Duplodnaviria;Heunggongvirae;Uroviricota;Caudoviricetes
k141_167686	4902	No terminal repeats	NA	14	11	0.9767	NA	1	8.1205	Viruses;Duplodnaviria;Heunggongvirae;Uroviricota;Caudoviricetes
k141_27026	5315	No terminal repeats	NA	18	11	0.9766	NA	0	7.5297	Viruses;Duplodnaviria;Heunggongvirae;Uroviricota;Caudoviricetes
k141_115781	4659	No terminal repeats	NA	6	11	0.9766	NA	0	8.3120	Viruses;Duplodnaviria;Heunggongvirae;Uroviricota;Caudoviricetes
k141_91437	6867	No terminal repeats	NA	13	11	0.9765	NA	2	18.0603	Viruses;Duplodnaviria;Heunggongvirae;Uroviricota;Caudoviricetes
k141_104710	3634	No terminal repeats	NA	5	11	0.9764	NA	0	6.4635	Viruses;Duplodnaviria;Heunggongvirae;Uroviricota;Caudoviricetes
k141_28049	3599	No terminal repeats	NA	9	11	0.9764	NA	0	5.2111	Viruses;Duplodnaviria;Heunggongvirae;Uroviricota;Caudoviricetes
k141_338471	4901	No terminal repeats	NA	10	11	0.9764	NA	1	15.1239	Viruses;Duplodnaviria;Heunggongvirae;Uroviricota;Caudoviricetes
k141_280024	3857	No terminal repeats	NA	8	11	0.9763	NA	1	9.8561	Viruses;Duplodnaviria;Heunggongvirae;Uroviricota;Caudoviricetes
k141_205642	5543	No terminal repeats	NA	11	11	0.9763	NA	0	7.2285	Viruses;Duplodnaviria;Heunggongvirae;Uroviricota;Caudoviricetes
k141_27159	6554	No terminal repeats	NA	11	11	0.9763	NA	1	13.2047	Viruses;Duplodnaviria;Heunggongvirae;Uroviricota;Caudoviricetes
k141_175708	3935	No terminal repeats	NA	8	11	0.9763	NA	0	6.8568	Viruses;Duplodnaviria;Heunggongvirae;Uroviricota;Caudoviricetes
k141_209704	4918	No terminal repeats	NA	6	11	0.9763	NA	0	5.8250	Viruses;Duplodnaviria;Heunggongvirae;Uroviricota;Caudoviricetes
k141_11794	9214	No terminal repeats	NA	11	11	0.9762	NA	3	17.1828	Viruses;Duplodnaviria;Heunggongvirae;Uroviricota;Caudoviricetes
k141_267188	8812	No terminal repeats	NA	7	11	0.9762	NA	1	6.8455	Viruses;Duplodnaviria;Heunggongvirae;Uroviricota;Caudoviricetes
k141_328815	6137	No terminal repeats	NA	9	11	0.9762	NA	3	11.8762	Viruses;Duplodnaviria;Heunggongvirae;Uroviricota;Caudoviricetes
k141_284636	4473	No terminal repeats	NA	5	11	0.9761	NA	2	6.8731	Viruses;Duplodnaviria;Heunggongvirae;Uroviricota;Caudoviricetes
k141_88932	5813	No terminal repeats	NA	9	11	0.9760	NA	0	6.3888	Viruses;Duplodnaviria;Heunggongvirae;Uroviricota;Caudoviricetes
k141_274859	4631	No terminal repeats	NA	8	11	0.9760	NA	0	7.9208	Viruses;Duplodnaviria;Heunggongvirae;Uroviricota;Caudoviricetes
k141_121375	5259	No terminal repeats	NA	13	11	0.9759	NA	2	10.6432	Viruses;Duplodnaviria;Heunggongvirae;Uroviricota;Caudoviricetes
k141_78950	6132	No terminal repeats	NA	12	11	0.9759	NA	0	9.7288	Viruses;Duplodnaviria;Heunggongvirae;Uroviricota;Caudoviricetes
k141_303640	3788	No terminal repeats	NA	5	11	0.9759	NA	1	6.0200	Viruses;Duplodnaviria;Heunggongvirae;Uroviricota;Caudoviricetes
k141_25233	4306	No terminal repeats	NA	12	11	0.9759	NA	2	8.9715	Viruses;Duplodnaviria;Heunggongvirae;Uroviricota;Caudoviricetes
k141_365875	6175	No terminal repeats	NA	5	11	0.9758	NA	3	6.8731	Viruses;Duplodnaviria;Heunggongvirae;Uroviricota;Caudoviricetes
k141_340524	9156	No terminal repeats	NA	26	11	0.9758	NA	0	6.8731	Viruses;Duplodnaviria;Heunggongvirae;Uroviricota;Caudoviricetes
k141_12684	7951	No terminal repeats	NA	11	11	0.9757	NA	1	12.8652	Viruses;Duplodnaviria;Heunggongvirae;Uroviricota;Caudoviricetes
k141_134927	5434	No terminal repeats	NA	19	11	0.9756	NA	0	11.2454	Viruses;Duplodnaviria;Heunggongvirae;Uroviricota;Caudoviricetes
k141_267609	4141	No terminal repeats	NA	6	11	0.9755	NA	0	4.6803	Viruses;Duplodnaviria;Heunggongvirae;Uroviricota;Caudoviricetes
k141_94679	3796	No terminal repeats	NA	9	11	0.9753	NA	0	6.2012	Viruses;Duplodnaviria;Heunggongvirae;Uroviricota;Caudoviricetes
k141_378302	6942	No terminal repeats	NA	8	11	0.9753	NA	3	5.5948	Viruses;Duplodnaviria;Heunggongvirae;Uroviricota;Caudoviricetes
k141_74998	4710	No terminal repeats	NA	7	11	0.9752	NA	2	4.6925	Viruses;Duplodnaviria;Heunggongvirae;Uroviricota;Caudoviricetes;Autographiviridae
k141_115784	4190	No terminal repeats	NA	8	11	0.9752	NA	1	6.0855	Viruses;Duplodnaviria;Heunggongvirae;Uroviricota;Caudoviricetes
k141_114167	3972	No terminal repeats	NA	6	11	0.9751	NA	1	7.3089	Viruses;Duplodnaviria;Heunggongvirae;Uroviricota;Caudoviricetes
k141_214551	4262	No terminal repeats	NA	7	11	0.9751	NA	0	6.6044	Viruses;Duplodnaviria;Heunggongvirae;Uroviricota;Caudoviricetes
k141_62527	3790	No terminal repeats	NA	5	11	0.9751	NA	1	5.1548	Viruses;Duplodnaviria;Heunggongvirae;Uroviricota;Caudoviricetes
k141_6378	6474	No terminal repeats	NA	11	11	0.9751	NA	3	11.1427	Viruses;Duplodnaviria;Heunggongvirae;Uroviricota;Caudoviricetes
k141_362700	4743	No terminal repeats	NA	10	11	0.9750	NA	0	4.4981	Viruses;Duplodnaviria;Heunggongvirae;Uroviricota;Caudoviricetes
k141_341129	4997	No terminal repeats	NA	6	11	0.9750	NA	0	6.8355	Viruses;Duplodnaviria;Heunggongvirae;Uroviricota;Caudoviricetes
k141_169678	4726	No terminal repeats	NA	11	11	0.9749	NA	0	10.4981	Viruses;Duplodnaviria;Heunggongvirae;Uroviricota;Caudoviricetes
k141_274354	7342	No terminal repeats	NA	18	11	0.9748	NA	0	9.2940	Viruses;Duplodnaviria;Heunggongvirae;Uroviricota;Caudoviricetes
k141_319115	9259	No terminal repeats	NA	11	11	0.9747	NA	1	9.6605	Viruses;Duplodnaviria;Heunggongvirae;Uroviricota;Caudoviricetes
k141_312423	8397	No terminal repeats	NA	14	11	0.9746	NA	4	9.3761	Viruses;Duplodnaviria;Heunggongvirae;Uroviricota;Caudoviricetes
k141_317765	3801	No terminal repeats	NA	7	11	0.9746	NA	1	6.2982	Viruses;Duplodnaviria;Heunggongvirae;Uroviricota;Caudoviricetes
k141_200846	5110	No terminal repeats	NA	14	11	0.9744	NA	0	7.2079	Viruses;Duplodnaviria;Heunggongvirae;Uroviricota;Caudoviricetes
k141_377318	8832	No terminal repeats	NA	11	11	0.9743	NA	1	11.4762	Viruses;Duplodnaviria;Heunggongvirae;Uroviricota;Caudoviricetes
k141_58388	3618	No terminal repeats	NA	5	11	0.9741	NA	1	4.7232	Viruses;Duplodnaviria;Heunggongvirae;Uroviricota;Caudoviricetes;Autographiviridae
k141_154490	3612	No terminal repeats	NA	8	11	0.9741	NA	1	11.3043	Viruses;Duplodnaviria;Heunggongvirae;Uroviricota;Caudoviricetes
k141_240875	6531	No terminal repeats	NA	11	11	0.9740	NA	2	10.5131	Viruses;Duplodnaviria;Heunggongvirae;Uroviricota;Caudoviricetes
k141_218805	5842	No terminal repeats	NA	7	11	0.9740	NA	1	6.9457	Viruses;Duplodnaviria;Heunggongvirae;Uroviricota;Caudoviricetes
k141_275290	4632	No terminal repeats	NA	7	11	0.9740	NA	3	7.9971	Viruses;Duplodnaviria;Heunggongvirae;Uroviricota;Caudoviricetes
k141_133664	4298	No terminal repeats	NA	5	11	0.9739	NA	1	4.5252	Viruses;Duplodnaviria;Heunggongvirae;Uroviricota;Caudoviricetes
k141_137276	3933	No terminal repeats	NA	6	11	0.9739	NA	3	6.5364	Viruses;Duplodnaviria;Heunggongvirae;Uroviricota;Caudoviricetes
k141_231023	5315	No terminal repeats	NA	10	11	0.9738	NA	0	13.3080	Viruses;Duplodnaviria;Heunggongvirae;Uroviricota;Caudoviricetes
k141_55142	4527	No terminal repeats	NA	6	11	0.9737	NA	0	6.4014	Viruses;Duplodnaviria;Heunggongvirae;Uroviricota;Caudoviricetes
k141_125736	5646	No terminal repeats	NA	10	11	0.9737	NA	2	12.5013	Viruses;Duplodnaviria;Heunggongvirae;Uroviricota;Caudoviricetes
k141_106206	4419	No terminal repeats	NA	5	11	0.9737	NA	0	4.6141	Viruses;Duplodnaviria;Heunggongvirae;Uroviricota;Caudoviricetes
k141_70468	3626	No terminal repeats	NA	7	11	0.9736	NA	1	10.3097	Viruses;Duplodnaviria;Heunggongvirae;Uroviricota;Caudoviricetes
k141_80864	3830	No terminal repeats	NA	8	11	0.9736	NA	0	5.1343	Viruses;Duplodnaviria;Heunggongvirae;Uroviricota;Caudoviricetes;Autographiviridae
k141_73619	6541	No terminal repeats	NA	12	11	0.9735	NA	1	6.7359	Viruses;Duplodnaviria;Heunggongvirae;Uroviricota;Caudoviricetes
k141_198637	4332	No terminal repeats	NA	8	11	0.9735	NA	4	9.0778	Viruses;Duplodnaviria;Heunggongvirae;Uroviricota;Caudoviricetes
k141_4819	9752	No terminal repeats	NA	5	11	0.9734	NA	0	2.9529	Unclassified
k141_10428	8534	No terminal repeats	NA	8	11	0.9734	NA	0	10.6727	Viruses;Duplodnaviria;Heunggongvirae;Uroviricota;Caudoviricetes
k141_165558	5286	No terminal repeats	NA	10	11	0.9733	NA	1	9.4244	Viruses;Duplodnaviria;Heunggongvirae;Uroviricota;Caudoviricetes
k141_138544	8351	No terminal repeats	NA	22	11	0.9731	NA	0	8.2042	Viruses;Duplodnaviria;Heunggongvirae;Uroviricota;Caudoviricetes
k141_74094	3518	No terminal repeats	NA	10	11	0.9731	NA	0	5.1139	Viruses;Duplodnaviria;Heunggongvirae;Uroviricota;Caudoviricetes;Straboviridae
k141_298199	3560	No terminal repeats	NA	8	11	0.9731	NA	0	4.9637	Viruses;Duplodnaviria;Heunggongvirae;Uroviricota;Caudoviricetes
k141_268274	5802	No terminal repeats	NA	12	11	0.9731	NA	0	14.8578	Viruses;Duplodnaviria;Heunggongvirae;Uroviricota;Caudoviricetes
k141_30498	6730	No terminal repeats	NA	12	11	0.9730	NA	5	15.4645	Viruses;Duplodnaviria;Heunggongvirae;Uroviricota;Caudoviricetes
k141_34298	9058	No terminal repeats	NA	13	11	0.9729	NA	2	14.7068	Viruses;Duplodnaviria;Heunggongvirae;Uroviricota;Caudoviricetes
k141_144500	4611	No terminal repeats	NA	12	11	0.9729	NA	0	9.5083	Viruses;Duplodnaviria;Heunggongvirae;Uroviricota;Caudoviricetes;Straboviridae
k141_199130	7316	No terminal repeats	NA	6	11	0.9727	NA	2	7.1053	Viruses;Duplodnaviria;Heunggongvirae;Uroviricota;Caudoviricetes
k141_222	4823	No terminal repeats	NA	5	11	0.9726	NA	0	4.1890	Viruses;Duplodnaviria;Heunggongvirae;Uroviricota;Caudoviricetes
k141_383416	5979	No terminal repeats	NA	9	11	0.9726	NA	0	10.5056	Viruses;Duplodnaviria;Heunggongvirae;Uroviricota;Caudoviricetes
k141_324939	4171	No terminal repeats	NA	6	11	0.9725	NA	2	8.3903	Viruses;Duplodnaviria;Heunggongvirae;Uroviricota;Caudoviricetes;Autographiviridae
k141_48429	4998	No terminal repeats	NA	12	11	0.9725	NA	0	8.9893	Viruses;Duplodnaviria;Heunggongvirae;Uroviricota;Caudoviricetes
k141_32112	5554	No terminal repeats	NA	9	11	0.9725	NA	4	9.1120	Viruses;Duplodnaviria;Heunggongvirae;Uroviricota;Caudoviricetes
k141_230406	6237	No terminal repeats	NA	15	11	0.9725	NA	0	13.1302	Viruses;Duplodnaviria;Heunggongvirae;Uroviricota;Caudoviricetes
k141_179694	4917	No terminal repeats	NA	6	11	0.9724	NA	0	4.5564	Viruses;Duplodnaviria;Heunggongvirae;Uroviricota;Caudoviricetes
k141_40853	3858	No terminal repeats	NA	7	11	0.9723	NA	4	6.8520	Viruses;Duplodnaviria;Heunggongvirae;Uroviricota;Caudoviricetes
k141_341385	7226	No terminal repeats	NA	12	11	0.9723	NA	0	8.5914	Viruses;Duplodnaviria;Heunggongvirae;Uroviricota;Caudoviricetes
k141_236485	7873	No terminal repeats	NA	14	11	0.9723	NA	0	16.6947	Viruses;Duplodnaviria;Heunggongvirae;Uroviricota;Caudoviricetes
k141_161491	4185	No terminal repeats	NA	12	11	0.9723	NA	0	6.8731	Viruses;Duplodnaviria;Heunggongvirae;Uroviricota;Caudoviricetes
k141_5145	5923	No terminal repeats	NA	10	11	0.9721	NA	0	7.5272	Viruses;Duplodnaviria;Heunggongvirae;Uroviricota;Caudoviricetes
k141_157228	48514	No terminal repeats	NA	61	11	0.9721	NA	19	76.9682	Viruses;Duplodnaviria;Heunggongvirae;Uroviricota;Caudoviricetes
k141_25515	6884	No terminal repeats	NA	15	11	0.9720	NA	1	8.5571	Viruses;Duplodnaviria;Heunggongvirae;Uroviricota;Caudoviricetes
k141_144388	5290	No terminal repeats	NA	12	11	0.9720	NA	0	5.1514	Viruses;Duplodnaviria;Heunggongvirae;Uroviricota;Caudoviricetes
k141_91211	4841	No terminal repeats	NA	8	11	0.9720	NA	1	7.5076	Viruses;Duplodnaviria;Heunggongvirae;Uroviricota;Caudoviricetes
k141_191644	7401	No terminal repeats	NA	9	11	0.9719	NA	0	4.0180	Viruses;Duplodnaviria;Heunggongvirae;Uroviricota;Caudoviricetes
k141_244744	5836	No terminal repeats	NA	15	11	0.9719	NA	0	6.8577	Viruses;Duplodnaviria;Heunggongvirae;Uroviricota;Caudoviricetes
k141_274565	3742	No terminal repeats	NA	5	11	0.9719	NA	0	2.9498	Viruses;Duplodnaviria;Heunggongvirae;Uroviricota;Caudoviricetes
k141_82615	7023	No terminal repeats	NA	10	11	0.9718	NA	0	4.3026	Viruses;Duplodnaviria;Heunggongvirae;Uroviricota;Caudoviricetes
k141_138001	5218	No terminal repeats	NA	5	11	0.9718	NA	1	3.3116	Viruses;Duplodnaviria;Heunggongvirae;Uroviricota;Caudoviricetes
k141_277631	3564	No terminal repeats	NA	6	11	0.9718	NA	1	4.9186	Viruses;Duplodnaviria;Heunggongvirae;Uroviricota;Caudoviricetes
k141_46024	5682	No terminal repeats	NA	8	11	0.9710	NA	1	8.1234	Viruses;Duplodnaviria;Heunggongvirae;Uroviricota;Caudoviricetes
k141_338426	5410	No terminal repeats	NA	9	11	0.9710	NA	0	3.2096	Viruses;Duplodnaviria;Heunggongvirae;Uroviricota;Caudoviricetes
k141_378361	32753	No terminal repeats	NA	57	11	0.9708	NA	8	38.1738	Viruses;Duplodnaviria;Heunggongvirae;Uroviricota;Caudoviricetes
k141_101416	4194	No terminal repeats	NA	9	11	0.9707	NA	1	4.6617	Viruses;Duplodnaviria;Heunggongvirae;Uroviricota;Caudoviricetes
k141_274098	3930	No terminal repeats	NA	8	11	0.9707	NA	0	4.4379	Viruses;Duplodnaviria;Heunggongvirae;Uroviricota;Caudoviricetes
k141_109246	3509	No terminal repeats	NA	7	11	0.9706	NA	1	4.9553	Viruses;Duplodnaviria;Heunggongvirae;Uroviricota;Caudoviricetes
k141_292076	4956	No terminal repeats	NA	10	11	0.9706	NA	0	3.0593	Viruses;Duplodnaviria;Heunggongvirae;Uroviricota;Caudoviricetes
k141_236845	4901	No terminal repeats	NA	8	11	0.9705	NA	1	9.9764	Viruses;Duplodnaviria;Heunggongvirae;Uroviricota;Caudoviricetes
k141_210432	3699	No terminal repeats	NA	9	11	0.9705	NA	1	6.9909	Viruses;Duplodnaviria;Heunggongvirae;Uroviricota;Caudoviricetes
k141_162172	6397	No terminal repeats	NA	10	11	0.9705	NA	0	3.9968	Viruses;Duplodnaviria;Heunggongvirae;Uroviricota;Caudoviricetes
k141_273229	3632	No terminal repeats	NA	6	11	0.9705	NA	1	6.8027	Viruses;Duplodnaviria;Heunggongvirae;Uroviricota;Caudoviricetes
k141_283110	3639	No terminal repeats	NA	6	11	0.9701	NA	0	5.7924	Viruses;Duplodnaviria;Heunggongvirae;Uroviricota;Caudoviricetes
k141_230397	4150	No terminal repeats	NA	5	11	0.9701	NA	0	4.4417	Viruses;Duplodnaviria;Heunggongvirae;Uroviricota;Caudoviricetes
k141_230888	8140	No terminal repeats	NA	9	11	0.9701	NA	0	12.9576	Viruses;Duplodnaviria;Heunggongvirae;Uroviricota;Caudoviricetes
k141_336111	3916	No terminal repeats	NA	8	11	0.9701	NA	1	6.8731	Viruses;Duplodnaviria;Heunggongvirae;Uroviricota;Caudoviricetes
k141_83041	5794	No terminal repeats	NA	6	11	0.9699	NA	1	6.8731	Viruses;Duplodnaviria;Heunggongvirae;Uroviricota;Caudoviricetes
k141_229644	3802	No terminal repeats	NA	8	11	0.9698	NA	1	7.9857	Viruses;Duplodnaviria;Heunggongvirae;Uroviricota;Caudoviricetes
k141_243587	3526	No terminal repeats	NA	5	11	0.9697	NA	1	4.5722	Viruses;Duplodnaviria;Heunggongvirae;Uroviricota;Caudoviricetes
k141_111514	8013	No terminal repeats	NA	13	11	0.9697	NA	0	3.6618	Viruses;Duplodnaviria;Heunggongvirae;Uroviricota;Caudoviricetes
k141_122007	3991	No terminal repeats	NA	6	11	0.9696	NA	1	7.7323	Viruses;Duplodnaviria;Heunggongvirae;Uroviricota;Caudoviricetes
k141_359974	5271	No terminal repeats	NA	10	11	0.9696	NA	2	9.8623	Viruses;Duplodnaviria;Heunggongvirae;Uroviricota;Caudoviricetes
k141_194556	48890	No terminal repeats	NA	60	11	0.9695	NA	5	56.5291	Viruses;Duplodnaviria;Heunggongvirae;Uroviricota;Caudoviricetes
k141_275977	3516	No terminal repeats	NA	6	11	0.9694	NA	0	6.8731	Viruses;Duplodnaviria;Heunggongvirae;Uroviricota;Caudoviricetes
k141_166153	4455	No terminal repeats	NA	9	11	0.9694	NA	1	6.3476	Viruses;Duplodnaviria;Heunggongvirae;Uroviricota;Caudoviricetes
k141_173442	8109	No terminal repeats	NA	20	11	0.9694	NA	0	4.7190	Viruses;Duplodnaviria;Heunggongvirae;Uroviricota;Caudoviricetes
k141_316834	4443	No terminal repeats	NA	6	11	0.9693	NA	2	9.1334	Viruses;Duplodnaviria;Heunggongvirae;Uroviricota;Caudoviricetes
k141_229585	7980	No terminal repeats	NA	10	11	0.9693	NA	0	14.5960	Viruses;Duplodnaviria;Heunggongvirae;Uroviricota;Caudoviricetes
k141_238297	5087	No terminal repeats	NA	9	11	0.9692	NA	0	5.9401	Viruses;Duplodnaviria;Heunggongvirae;Uroviricota;Caudoviricetes
k141_206473	3923	No terminal repeats	NA	5	11	0.9692	NA	2	6.2419	Viruses;Duplodnaviria;Heunggongvirae;Uroviricota;Caudoviricetes
k141_219607	4869	No terminal repeats	NA	5	11	0.9692	NA	0	6.8364	Viruses;Duplodnaviria;Heunggongvirae;Uroviricota;Caudoviricetes
k141_151544	3987	No terminal repeats	NA	6	11	0.9689	NA	2	4.0101	Viruses;Duplodnaviria;Heunggongvirae;Uroviricota;Caudoviricetes
k141_229429	4833	No terminal repeats	NA	9	11	0.9688	NA	2	6.1232	Viruses;Duplodnaviria;Heunggongvirae;Uroviricota;Caudoviricetes
k141_62604	3524	No terminal repeats	NA	11	11	0.9687	NA	1	4.8233	Viruses;Duplodnaviria;Heunggongvirae;Uroviricota;Caudoviricetes
k141_159821	4080	No terminal repeats	NA	5	11	0.9686	NA	3	5.6616	Viruses;Duplodnaviria;Heunggongvirae;Uroviricota;Caudoviricetes
k141_176270	4527	No terminal repeats	NA	4	11	0.9686	NA	0	3.4366	Viruses
k141_195341	6978	No terminal repeats	NA	8	11	0.9679	NA	2	9.7889	Viruses;Duplodnaviria;Heunggongvirae;Uroviricota;Caudoviricetes
k141_198054	4369	No terminal repeats	NA	8	11	0.9678	NA	1	5.2912	Viruses;Duplodnaviria;Heunggongvirae;Uroviricota;Caudoviricetes
k141_243324	6835	No terminal repeats	NA	18	11	0.9677	NA	0	3.9039	Viruses;Duplodnaviria;Heunggongvirae;Uroviricota;Caudoviricetes
k141_128292	4808	No terminal repeats	NA	12	11	0.9676	NA	2	6.3669	Viruses;Duplodnaviria;Heunggongvirae;Uroviricota;Caudoviricetes
k141_377669	3837	No terminal repeats	NA	9	11	0.9676	NA	0	10.3097	Viruses;Duplodnaviria;Heunggongvirae;Uroviricota;Caudoviricetes
k141_249473	3796	No terminal repeats	NA	5	11	0.9675	NA	2	3.1052	Viruses;Duplodnaviria;Heunggongvirae;Uroviricota;Caudoviricetes
k141_142663	5407	No terminal repeats	NA	8	11	0.9675	NA	1	5.3322	Viruses;Duplodnaviria;Heunggongvirae;Uroviricota;Caudoviricetes
k141_175654	3574	No terminal repeats	NA	5	11	0.9674	NA	1	7.9755	Viruses;Duplodnaviria;Heunggongvirae;Uroviricota;Caudoviricetes
k141_274983	5262	No terminal repeats	NA	9	11	0.9673	NA	1	7.9044	Viruses;Duplodnaviria;Heunggongvirae;Uroviricota;Caudoviricetes
k141_274169	4009	No terminal repeats	NA	6	11	0.9672	NA	3	5.6096	Viruses;Duplodnaviria;Heunggongvirae;Uroviricota;Caudoviricetes
k141_226090	3386	No terminal repeats	NA	2	11	0.9672	NA	1	2.5576	Viruses;Duplodnaviria;Heunggongvirae;Uroviricota;Caudoviricetes
k141_159304	9393	No terminal repeats	NA	24	11	0.9672	NA	2	15.8141	Viruses;Duplodnaviria;Heunggongvirae;Uroviricota;Caudoviricetes
k141_8744	3511	No terminal repeats	NA	5	11	0.9671	NA	0	3.7337	Viruses;Duplodnaviria;Heunggongvirae;Uroviricota;Caudoviricetes
k141_276796	3685	No terminal repeats	NA	8	11	0.9671	NA	0	4.4731	Viruses;Duplodnaviria;Heunggongvirae;Uroviricota;Caudoviricetes
k141_46210	6388	No terminal repeats	NA	9	11	0.9667	NA	0	11.1051	Viruses;Duplodnaviria;Heunggongvirae;Uroviricota;Caudoviricetes
k141_352156	3730	No terminal repeats	NA	11	11	0.9665	NA	0	3.4366	Viruses;Duplodnaviria;Heunggongvirae;Uroviricota;Caudoviricetes
k141_298907	5848	No terminal repeats	NA	8	11	0.9664	NA	1	9.2697	Viruses;Duplodnaviria;Heunggongvirae;Uroviricota;Caudoviricetes
k141_145584	9750	No terminal repeats	NA	20	11	0.9663	NA	0	11.3048	Viruses;Duplodnaviria;Heunggongvirae;Uroviricota;Caudoviricetes
k141_312103	5146	No terminal repeats	NA	6	11	0.9661	NA	2	6.2801	Viruses;Duplodnaviria;Heunggongvirae;Uroviricota;Caudoviricetes
k141_261394	4990	No terminal repeats	NA	4	11	0.9660	NA	1	4.2295	Viruses;Duplodnaviria;Heunggongvirae;Uroviricota;Caudoviricetes
k141_146682	9928	No terminal repeats	NA	10	11	0.9657	NA	0	12.9632	Viruses;Duplodnaviria;Heunggongvirae;Uroviricota;Caudoviricetes
k141_145475	5927	No terminal repeats	NA	10	11	0.9657	NA	0	6.0059	Viruses;Duplodnaviria;Heunggongvirae;Uroviricota;Caudoviricetes
k141_235865	4172	No terminal repeats	NA	6	11	0.9654	NA	2	4.6371	Viruses;Duplodnaviria;Heunggongvirae;Uroviricota;Caudoviricetes
k141_347709	5517	No terminal repeats	NA	10	11	0.9652	NA	0	6.4111	Viruses;Duplodnaviria;Heunggongvirae;Uroviricota;Caudoviricetes
k141_12817	8080	No terminal repeats	NA	7	11	0.9652	NA	1	5.1527	Viruses;Varidnaviria;Bamfordvirae;Nucleocytoviricota;Megaviricetes;Imitervirales;Mimiviridae
k141_323781	4678	No terminal repeats	NA	7	11	0.9651	NA	1	4.5322	Viruses;Duplodnaviria;Heunggongvirae;Uroviricota;Caudoviricetes
k141_258978	6424	No terminal repeats	NA	7	11	0.9651	NA	1	4.1088	Viruses;Duplodnaviria;Heunggongvirae;Uroviricota;Caudoviricetes
k141_315909	4421	No terminal repeats	NA	5	11	0.9651	NA	1	5.1548	Viruses;Duplodnaviria;Heunggongvirae;Uroviricota;Caudoviricetes
k141_164350	5089	No terminal repeats	NA	9	11	0.9649	NA	1	6.3815	Viruses;Duplodnaviria;Heunggongvirae;Uroviricota;Caudoviricetes
k141_292296	3885	No terminal repeats	NA	6	11	0.9649	NA	0	7.4141	Viruses;Duplodnaviria;Heunggongvirae;Uroviricota;Caudoviricetes
k141_381405	3770	No terminal repeats	NA	7	11	0.9649	NA	0	5.8512	Viruses;Duplodnaviria;Heunggongvirae;Uroviricota;Caudoviricetes
k141_249464	3539	No terminal repeats	NA	7	11	0.9646	NA	0	3.0437	Viruses;Duplodnaviria;Heunggongvirae;Uroviricota;Caudoviricetes;Straboviridae
k141_51630	3762	No terminal repeats	NA	9	11	0.9646	NA	0	3.1983	Viruses;Duplodnaviria;Heunggongvirae;Uroviricota;Caudoviricetes;Straboviridae
k141_2518	4199	No terminal repeats	NA	7	11	0.9644	NA	0	6.8731	Viruses;Duplodnaviria;Heunggongvirae;Uroviricota;Caudoviricetes
k141_116650	9335	No terminal repeats	NA	9	11	0.9640	NA	0	3.4366	Viruses;Duplodnaviria;Heunggongvirae;Uroviricota;Caudoviricetes
k141_241869	6818	No terminal repeats	NA	9	11	0.9634	NA	1	8.7845	Viruses;Duplodnaviria;Heunggongvirae;Uroviricota;Caudoviricetes
k141_101440	5180	No terminal repeats	NA	7	11	0.9632	NA	0	3.0043	Viruses;Duplodnaviria;Heunggongvirae;Uroviricota;Caudoviricetes
k141_48563	3852	No terminal repeats	NA	5	11	0.9629	NA	0	3.9104	Viruses;Duplodnaviria;Heunggongvirae;Uroviricota;Caudoviricetes
k141_184082	4132	No terminal repeats	NA	8	11	0.9629	NA	2	9.6179	Viruses;Duplodnaviria;Heunggongvirae;Uroviricota;Caudoviricetes
k141_246631	4718	No terminal repeats	NA	10	11	0.9629	NA	1	9.0598	Viruses;Duplodnaviria;Heunggongvirae;Uroviricota;Caudoviricetes
k141_168916	7396	No terminal repeats	NA	19	11	0.9627	NA	0	2.9745	Viruses;Duplodnaviria;Heunggongvirae;Uroviricota;Caudoviricetes
k141_354473	4170	No terminal repeats	NA	11	11	0.9624	NA	0	2.9880	Viruses;Duplodnaviria;Heunggongvirae;Uroviricota;Caudoviricetes
k141_244293	4626	No terminal repeats	NA	10	11	0.9623	NA	1	8.5116	Viruses;Duplodnaviria;Heunggongvirae;Uroviricota;Caudoviricetes
k141_213174	5606	No terminal repeats	NA	15	11	0.9622	NA	1	7.3390	Viruses;Duplodnaviria;Heunggongvirae;Uroviricota;Caudoviricetes
k141_158975	3595	No terminal repeats	NA	9	11	0.9621	NA	0	3.1379	Viruses;Duplodnaviria;Heunggongvirae;Uroviricota;Caudoviricetes
k141_42923	5598	No terminal repeats	NA	9	11	0.9618	NA	0	14.2514	Viruses;Duplodnaviria;Heunggongvirae;Uroviricota;Caudoviricetes
k141_276005	8133	No terminal repeats	NA	7	11	0.9618	NA	1	1.7183	Viruses;Varidnaviria;Bamfordvirae;Nucleocytoviricota;Megaviricetes;Algavirales;Phycodnaviridae
k141_258917	6062	No terminal repeats	NA	8	11	0.9618	NA	2	5.1536	Viruses;Duplodnaviria;Heunggongvirae;Uroviricota;Caudoviricetes
k141_67784	6644	No terminal repeats	NA	6	11	0.9617	NA	1	8.5756	Viruses;Duplodnaviria;Heunggongvirae;Uroviricota;Caudoviricetes
k141_306740	4358	No terminal repeats	NA	6	11	0.9611	NA	0	5.1548	Viruses;Varidnaviria;Bamfordvirae;Nucleocytoviricota;Megaviricetes;Algavirales;Phycodnaviridae
k141_49220	5185	No terminal repeats	NA	8	11	0.9608	NA	0	3.1593	Viruses;Duplodnaviria;Heunggongvirae;Uroviricota;Caudoviricetes
k141_371427	5061	No terminal repeats	NA	12	11	0.9607	NA	0	3.1199	Viruses;Duplodnaviria;Heunggongvirae;Uroviricota;Caudoviricetes
k141_320050	4581	No terminal repeats	NA	7	11	0.9607	NA	0	4.8652	Viruses;Duplodnaviria;Heunggongvirae;Uroviricota;Caudoviricetes
k141_211075	3924	No terminal repeats	NA	5	11	0.9603	NA	0	4.8101	Viruses;Duplodnaviria;Heunggongvirae;Uroviricota;Caudoviricetes
k141_234477	8384	No terminal repeats	NA	10	11	0.9603	NA	3	5.1058	Viruses;Duplodnaviria;Heunggongvirae;Uroviricota;Caudoviricetes
k141_228003	4430	No terminal repeats	NA	6	11	0.9601	NA	3	5.1126	Viruses;Duplodnaviria;Heunggongvirae;Uroviricota;Caudoviricetes
k141_335471	4504	No terminal repeats	NA	10	11	0.9596	NA	0	3.4336	Viruses;Duplodnaviria;Heunggongvirae;Uroviricota;Caudoviricetes
k141_195355	3767	No terminal repeats	NA	5	11	0.9588	NA	2	6.8372	Viruses;Duplodnaviria;Heunggongvirae;Uroviricota;Caudoviricetes
k141_192807	6996	No terminal repeats	NA	9	11	0.9584	NA	4	10.7935	Viruses;Duplodnaviria;Heunggongvirae;Uroviricota;Caudoviricetes
k141_50080	4369	No terminal repeats	NA	10	11	0.9580	NA	0	6.8466	Viruses;Duplodnaviria;Heunggongvirae;Uroviricota;Caudoviricetes
k141_338418	5294	No terminal repeats	NA	8	11	0.9579	NA	0	7.2815	Viruses;Duplodnaviria;Heunggongvirae;Uroviricota;Caudoviricetes
k141_374810	3665	No terminal repeats	NA	8	11	0.9573	NA	0	2.5402	Viruses;Duplodnaviria;Heunggongvirae;Uroviricota;Caudoviricetes
k141_54783	8451	No terminal repeats	NA	12	11	0.9567	NA	2	5.6013	Viruses;Duplodnaviria;Heunggongvirae;Uroviricota;Caudoviricetes
k141_81122	3693	No terminal repeats	NA	5	11	0.9565	NA	3	3.8983	Viruses;Duplodnaviria;Heunggongvirae;Uroviricota;Caudoviricetes
k141_235714	6312	No terminal repeats	NA	8	11	0.9559	NA	0	5.4240	Viruses;Duplodnaviria;Heunggongvirae;Uroviricota;Caudoviricetes
k141_337842	4709	No terminal repeats	NA	10	11	0.9558	NA	0	3.4210	Viruses;Duplodnaviria;Heunggongvirae;Uroviricota;Caudoviricetes
k141_12077	6755	No terminal repeats	NA	14	11	0.9554	NA	2	12.7038	Viruses;Duplodnaviria;Heunggongvirae;Uroviricota;Caudoviricetes
k141_162339	5311	No terminal repeats	NA	6	11	0.9553	NA	0	3.0918	Viruses;Duplodnaviria;Heunggongvirae;Uroviricota;Caudoviricetes
k141_311179	9467	No terminal repeats	NA	13	11	0.9550	NA	8	16.2039	Viruses;Duplodnaviria;Heunggongvirae;Uroviricota;Caudoviricetes
k141_311011	4069	No terminal repeats	NA	9	11	0.9549	NA	0	3.1862	Viruses;Duplodnaviria;Heunggongvirae;Uroviricota;Caudoviricetes
k141_212536	5621	No terminal repeats	NA	15	11	0.9546	NA	1	4.3506	Viruses;Duplodnaviria;Heunggongvirae;Uroviricota;Caudoviricetes
k141_58623	5817	No terminal repeats	NA	10	11	0.9545	NA	0	4.5180	Viruses;Duplodnaviria;Heunggongvirae;Uroviricota;Caudoviricetes;Straboviridae
k141_380597	8936	No terminal repeats	NA	14	11	0.9540	NA	0	8.6220	Viruses;Duplodnaviria;Heunggongvirae;Uroviricota;Caudoviricetes
k141_314664	4259	No terminal repeats	NA	6	11	0.9539	NA	0	4.7977	Viruses;Duplodnaviria;Heunggongvirae;Uroviricota;Caudoviricetes
k141_52089	5052	No terminal repeats	NA	9	11	0.9535	NA	0	3.9323	Viruses;Duplodnaviria;Heunggongvirae;Uroviricota;Caudoviricetes;Crassvirales
k141_220778	8175	No terminal repeats	NA	11	11	0.9535	NA	0	8.0726	Viruses;Duplodnaviria;Heunggongvirae;Uroviricota;Caudoviricetes
k141_94336	7506	No terminal repeats	NA	10	11	0.9531	NA	0	4.2143	Viruses;Duplodnaviria;Heunggongvirae;Uroviricota;Caudoviricetes;Drexlerviridae
k141_135376	3627	No terminal repeats	NA	5	11	0.9528	NA	3	7.8039	Viruses;Duplodnaviria;Heunggongvirae;Uroviricota;Caudoviricetes
k141_93926	4155	No terminal repeats	NA	5	11	0.9525	NA	1	6.8441	Viruses;Duplodnaviria;Heunggongvirae;Uroviricota;Caudoviricetes;Ackermannviridae
k141_350099	3572	No terminal repeats	NA	9	11	0.9523	NA	0	4.7506	Viruses;Duplodnaviria;Heunggongvirae;Uroviricota;Caudoviricetes
k141_357616	5348	No terminal repeats	NA	8	11	0.9523	NA	1	7.2607	Viruses;Duplodnaviria;Heunggongvirae;Uroviricota;Caudoviricetes
k141_324763	6188	No terminal repeats	NA	7	11	0.9521	NA	0	3.0248	Viruses;Duplodnaviria;Heunggongvirae;Uroviricota;Caudoviricetes;Straboviridae
k141_108259	3504	No terminal repeats	NA	11	11	0.9519	NA	0	4.6954	Viruses;Duplodnaviria;Heunggongvirae;Uroviricota;Caudoviricetes
k141_113886	1884	No terminal repeats	NA	5	11	0.9517	NA	2	4.2528	Viruses;Duplodnaviria;Heunggongvirae;Uroviricota;Caudoviricetes
k141_83938	6151	No terminal repeats	NA	10	11	0.9515	NA	0	1.4830	Viruses;Duplodnaviria;Heunggongvirae;Uroviricota;Caudoviricetes
k141_318709	5219	No terminal repeats	NA	7	11	0.9514	NA	1	11.4170	Viruses;Duplodnaviria;Heunggongvirae;Uroviricota;Caudoviricetes
k141_343788	5127	No terminal repeats	NA	6	11	0.9514	NA	2	7.9647	Viruses;Duplodnaviria;Heunggongvirae;Uroviricota;Caudoviricetes
k141_306563	5652	No terminal repeats	NA	10	11	0.9512	NA	5	12.0439	Viruses;Duplodnaviria;Heunggongvirae;Uroviricota;Caudoviricetes
k141_221500	8762	No terminal repeats	NA	12	11	0.9508	NA	1	11.3493	Viruses;Duplodnaviria;Heunggongvirae;Uroviricota;Caudoviricetes
k141_253142	5116	No terminal repeats	NA	7	11	0.9506	NA	2	5.9416	Viruses;Duplodnaviria;Heunggongvirae;Uroviricota;Caudoviricetes
k141_328992	4793	No terminal repeats	NA	11	11	0.9502	NA	0	2.7117	Unclassified
k141_254520	5944	No terminal repeats	NA	8	11	0.9501	NA	1	5.0447	Viruses;Duplodnaviria;Heunggongvirae;Uroviricota;Caudoviricetes
k141_230183	4690	No terminal repeats	NA	5	11	0.9494	NA	0	1.2588	Viruses;Duplodnaviria;Heunggongvirae;Uroviricota;Caudoviricetes
k141_379598	3918	No terminal repeats	NA	10	11	0.9488	NA	0	4.9458	Viruses;Duplodnaviria;Heunggongvirae;Uroviricota;Caudoviricetes
k141_19067	7975	No terminal repeats	NA	11	11	0.9488	NA	0	5.9707	Viruses;Duplodnaviria;Heunggongvirae;Uroviricota;Caudoviricetes
k141_267102	4208	No terminal repeats	NA	7	11	0.9487	NA	0	3.4366	Viruses;Varidnaviria;Bamfordvirae;Nucleocytoviricota;Megaviricetes;Imitervirales;Mimiviridae
k141_139568	6994	No terminal repeats	NA	9	11	0.9481	NA	1	9.7394	Viruses;Duplodnaviria;Heunggongvirae;Uroviricota;Caudoviricetes
k141_307627	3772	No terminal repeats	NA	6	11	0.9470	NA	2	8.4452	Viruses;Duplodnaviria;Heunggongvirae;Uroviricota;Caudoviricetes
k141_213095	4119	No terminal repeats	NA	7	11	0.9466	NA	1	4.5691	Viruses;Duplodnaviria;Heunggongvirae;Uroviricota;Caudoviricetes
k141_254693	3593	No terminal repeats	NA	7	11	0.9459	NA	6	8.7549	Viruses;Duplodnaviria;Heunggongvirae;Uroviricota;Caudoviricetes
k141_304414	4971	No terminal repeats	NA	6	11	0.9458	NA	0	4.7247	Viruses;Duplodnaviria;Heunggongvirae;Uroviricota;Caudoviricetes;Crassvirales
k141_216434	4846	No terminal repeats	NA	8	11	0.9450	NA	2	2.9368	Viruses;Duplodnaviria;Heunggongvirae;Uroviricota;Caudoviricetes
k141_25764	4963	No terminal repeats	NA	14	11	0.9437	NA	0	3.2214	Viruses;Duplodnaviria;Heunggongvirae;Uroviricota;Caudoviricetes
k141_68985	4363	No terminal repeats	NA	9	11	0.9436	NA	2	5.9418	Viruses;Duplodnaviria;Heunggongvirae;Uroviricota;Caudoviricetes
k141_257202	5015	No terminal repeats	NA	7	11	0.9433	NA	0	1.7183	Viruses;Duplodnaviria;Heunggongvirae;Uroviricota;Caudoviricetes
k141_313037	6758	No terminal repeats	NA	8	11	0.9430	NA	0	1.7183	Viruses;Varidnaviria;Bamfordvirae;Nucleocytoviricota;Megaviricetes;Algavirales;Phycodnaviridae
k141_352491	5527	No terminal repeats	NA	5	11	0.9429	NA	0	1.7183	Viruses;Duplodnaviria;Heunggongvirae;Uroviricota;Caudoviricetes
k141_148530	6809	No terminal repeats	NA	8	11	0.9427	NA	0	2.7268	Viruses;Varidnaviria;Bamfordvirae;Nucleocytoviricota;Megaviricetes;Imitervirales;Mimiviridae
k141_361360	4181	No terminal repeats	NA	7	11	0.9419	NA	0	5.0754	Viruses;Duplodnaviria;Heunggongvirae;Uroviricota;Caudoviricetes
k141_307150	8529	No terminal repeats	NA	21	11	0.9416	NA	1	6.5918	Viruses;Duplodnaviria;Heunggongvirae;Uroviricota;Caudoviricetes
k141_203834	4976	No terminal repeats	NA	6	11	0.9415	NA	1	6.8182	Viruses;Duplodnaviria;Heunggongvirae;Uroviricota;Caudoviricetes
k141_31966	7180	No terminal repeats	NA	15	11	0.9399	NA	0	11.2889	Viruses;Duplodnaviria;Heunggongvirae;Uroviricota;Caudoviricetes
k141_79122	5947	No terminal repeats	NA	11	11	0.9396	NA	1	4.7935	Viruses;Duplodnaviria;Heunggongvirae;Uroviricota;Caudoviricetes
k141_51871	4038	No terminal repeats	NA	11	11	0.9395	NA	0	2.6900	Viruses;Duplodnaviria;Heunggongvirae;Uroviricota;Caudoviricetes
k141_347111	3858	No terminal repeats	NA	8	11	0.9395	NA	1	3.4366	Viruses;Duplodnaviria;Heunggongvirae;Uroviricota;Caudoviricetes
k141_194567	4827	No terminal repeats	NA	5	11	0.9395	NA	0	2.9838	Viruses;Duplodnaviria;Heunggongvirae;Uroviricota;Caudoviricetes
k141_213427	994	No terminal repeats	NA	4	11	0.9389	NA	1	4.3641	Viruses;Duplodnaviria;Heunggongvirae;Uroviricota;Caudoviricetes
k141_140107	4062	No terminal repeats	NA	11	11	0.9387	NA	0	4.3127	Viruses;Duplodnaviria;Heunggongvirae;Uroviricota;Caudoviricetes
k141_34822	7980	No terminal repeats	NA	9	11	0.9382	NA	0	1.3634	Viruses;Varidnaviria;Bamfordvirae;Nucleocytoviricota;Megaviricetes;Imitervirales;Mimiviridae
k141_363996	5012	No terminal repeats	NA	13	11	0.9370	NA	0	2.5978	Viruses;Duplodnaviria;Heunggongvirae;Uroviricota;Caudoviricetes
k141_68283	3701	No terminal repeats	NA	6	11	0.9366	NA	1	2.6385	Viruses;Varidnaviria;Bamfordvirae;Nucleocytoviricota;Megaviricetes;Imitervirales;Mimiviridae
k141_44877	5357	No terminal repeats	NA	9	11	0.9356	NA	1	7.6732	Viruses;Duplodnaviria;Heunggongvirae;Uroviricota;Caudoviricetes
k141_146719	4107	No terminal repeats	NA	6	11	0.9350	NA	0	8.5914	Viruses;Duplodnaviria;Heunggongvirae;Uroviricota;Caudoviricetes
k141_91588	4331	No terminal repeats	NA	8	11	0.9344	NA	0	1.7183	Viruses;Duplodnaviria;Heunggongvirae;Uroviricota;Caudoviricetes
k141_278257	3552	No terminal repeats	NA	4	11	0.9341	NA	0	1.4903	Viruses;Duplodnaviria;Heunggongvirae;Uroviricota;Caudoviricetes
k141_240507	6411	No terminal repeats	NA	9	11	0.9339	NA	1	5.7757	Viruses;Duplodnaviria;Heunggongvirae;Uroviricota;Caudoviricetes
k141_161210	5467	No terminal repeats	NA	8	11	0.9335	NA	0	2.9700	Viruses;Duplodnaviria;Heunggongvirae;Uroviricota;Caudoviricetes
k141_347528	3876	No terminal repeats	NA	10	11	0.9326	NA	0	1.2929	Viruses;Duplodnaviria;Heunggongvirae;Uroviricota;Caudoviricetes
k141_92043	9651	No terminal repeats	NA	13	11	0.9318	NA	0	6.8669	Viruses;Varidnaviria;Bamfordvirae;Nucleocytoviricota;Megaviricetes;Algavirales;Phycodnaviridae
k141_343320	3878	No terminal repeats	NA	9	11	0.9313	NA	0	5.6794	Viruses;Duplodnaviria;Heunggongvirae;Uroviricota;Caudoviricetes
k141_330501	3879	No terminal repeats	NA	7	11	0.9309	NA	0	5.1548	Viruses;Duplodnaviria;Heunggongvirae;Uroviricota;Caudoviricetes;Straboviridae
k141_243438	5640	No terminal repeats	NA	9	11	0.9307	NA	0	14.3130	Viruses;Duplodnaviria;Heunggongvirae;Uroviricota;Caudoviricetes
k141_109655	6561	No terminal repeats	NA	6	11	0.9304	NA	0	2.6954	Viruses;Varidnaviria;Bamfordvirae;Nucleocytoviricota;Megaviricetes;Algavirales;Phycodnaviridae
k141_14707	8775	No terminal repeats	NA	15	11	0.9298	NA	1	6.3043	Viruses;Duplodnaviria;Heunggongvirae;Uroviricota;Caudoviricetes
k141_2551	4428	No terminal repeats	NA	6	11	0.9298	NA	1	5.0564	Viruses;Duplodnaviria;Heunggongvirae;Uroviricota;Caudoviricetes
k141_306768	6315	No terminal repeats	NA	7	11	0.9293	NA	0	6.7453	Viruses;Duplodnaviria;Heunggongvirae;Uroviricota;Caudoviricetes;Straboviridae
k141_341678	3704	No terminal repeats	NA	5	11	0.9277	NA	0	1.7183	Unclassified
k141_133761	4254	No terminal repeats	NA	8	11	0.9270	NA	0	3.2766	Viruses
k141_256015	3904	No terminal repeats	NA	8	11	0.9268	NA	0	6.2484	Viruses;Duplodnaviria;Heunggongvirae;Uroviricota;Caudoviricetes
k141_90043	4208	No terminal repeats	NA	12	11	0.9262	NA	0	1.7183	Viruses;Duplodnaviria;Heunggongvirae;Uroviricota;Caudoviricetes
k141_13678	2665	No terminal repeats	NA	4	11	0.9244	NA	1	2.8643	Viruses;Duplodnaviria;Heunggongvirae;Uroviricota;Caudoviricetes
k141_213067	3738	No terminal repeats	NA	9	11	0.9241	NA	0	2.6040	Viruses;Duplodnaviria;Heunggongvirae;Uroviricota;Caudoviricetes
k141_323428	7610	No terminal repeats	NA	9	11	0.9232	NA	2	13.7390	Viruses;Duplodnaviria;Heunggongvirae;Uroviricota;Caudoviricetes
k141_216978	5963	No terminal repeats	NA	14	11	0.9228	NA	0	3.2946	Viruses;Duplodnaviria;Heunggongvirae;Uroviricota;Caudoviricetes
k141_236580	3847	No terminal repeats	NA	5	11	0.9205	NA	1	8.5914	Viruses;Duplodnaviria;Heunggongvirae;Uroviricota;Caudoviricetes
k141_85314	5219	No terminal repeats	NA	7	11	0.9183	NA	1	5.0731	Viruses;Duplodnaviria;Heunggongvirae;Uroviricota;Caudoviricetes;Autographiviridae
k141_24768	5274	No terminal repeats	NA	8	11	0.9183	NA	0	3.2152	Viruses;Duplodnaviria;Heunggongvirae;Uroviricota;Caudoviricetes
k141_283068	4021	No terminal repeats	NA	10	11	0.9181	NA	1	7.0820	Viruses;Duplodnaviria;Heunggongvirae;Uroviricota;Caudoviricetes
k141_130039	4173	No terminal repeats	NA	7	11	0.9180	NA	1	9.2995	Viruses;Duplodnaviria;Heunggongvirae;Uroviricota;Caudoviricetes
k141_178841	3320	No terminal repeats	NA	6	11	0.9163	NA	0	8.5474	Viruses;Duplodnaviria;Heunggongvirae;Uroviricota;Caudoviricetes
k141_194653	9332	No terminal repeats	NA	17	11	0.9152	NA	0	5.5882	Viruses;Duplodnaviria;Heunggongvirae;Uroviricota;Caudoviricetes
k141_339770	3722	No terminal repeats	NA	9	11	0.9133	NA	2	6.8644	Viruses;Duplodnaviria;Heunggongvirae;Uroviricota;Caudoviricetes
k141_331268	4715	No terminal repeats	NA	6	11	0.9131	NA	0	1.7183	Viruses;Duplodnaviria;Heunggongvirae;Uroviricota;Caudoviricetes
k141_146727	3618	No terminal repeats	NA	5	11	0.9120	NA	1	8.5852	Viruses;Duplodnaviria;Heunggongvirae;Uroviricota;Caudoviricetes
k141_53440	3547	No terminal repeats	NA	6	11	0.9119	NA	0	4.9034	Viruses;Duplodnaviria;Heunggongvirae;Uroviricota;Caudoviricetes
k141_109526	5092	No terminal repeats	NA	8	11	0.9115	NA	0	2.7470	Viruses;Duplodnaviria;Heunggongvirae;Uroviricota;Caudoviricetes
k141_36747	7865	No terminal repeats	NA	13	11	0.9108	NA	2	4.6608	Viruses;Duplodnaviria;Heunggongvirae;Uroviricota;Caudoviricetes
k141_98527	2710	No terminal repeats	NA	4	11	0.9094	NA	0	3.9265	Viruses;Duplodnaviria;Heunggongvirae;Uroviricota;Caudoviricetes
k141_349289	3518	No terminal repeats	NA	4	11	0.9088	NA	0	3.4366	Viruses;Duplodnaviria;Heunggongvirae;Uroviricota;Caudoviricetes
k141_54951	3602	No terminal repeats	NA	5	11	0.9088	NA	0	3.0706	Viruses;Duplodnaviria;Heunggongvirae;Uroviricota;Caudoviricetes
k141_54934	4887	No terminal repeats	NA	5	11	0.9068	NA	0	1.6180	Viruses;Duplodnaviria;Heunggongvirae;Uroviricota;Caudoviricetes;Herelleviridae
k141_179025	3591	No terminal repeats	NA	10	11	0.9054	NA	0	4.7384	Viruses;Duplodnaviria;Heunggongvirae;Uroviricota;Caudoviricetes
k141_93425	9073	No terminal repeats	NA	10	11	0.9050	NA	0	2.0002	Viruses;Duplodnaviria;Heunggongvirae;Uroviricota;Caudoviricetes
k141_200297	4449	No terminal repeats	NA	5	11	0.9047	NA	0	4.7575	Viruses;Duplodnaviria;Heunggongvirae;Uroviricota;Caudoviricetes
k141_351349	7547	No terminal repeats	NA	12	11	0.9033	NA	1	7.6835	Viruses;Duplodnaviria;Heunggongvirae;Uroviricota;Caudoviricetes
k141_232835	6825	No terminal repeats	NA	16	11	0.8954	NA	0	8.6526	Viruses;Duplodnaviria;Heunggongvirae;Uroviricota;Caudoviricetes
k141_185828	6209	No terminal repeats	NA	7	11	0.8953	NA	1	4.1017	Viruses;Duplodnaviria;Heunggongvirae;Uroviricota;Caudoviricetes
k141_2377	4215	No terminal repeats	NA	7	11	0.8938	NA	0	6.3836	Viruses;Duplodnaviria;Heunggongvirae;Uroviricota;Caudoviricetes
k141_120897	3903	No terminal repeats	NA	6	11	0.8936	NA	0	4.6359	Viruses;Duplodnaviria;Heunggongvirae;Uroviricota;Caudoviricetes
k141_282285	4913	No terminal repeats	NA	8	11	0.8913	NA	0	1.7183	Viruses;Varidnaviria;Bamfordvirae;Nucleocytoviricota;Megaviricetes;Imitervirales;Mimiviridae
k141_155117	5237	No terminal repeats	NA	7	11	0.8898	NA	0	3.4366	Viruses;Varidnaviria;Bamfordvirae;Nucleocytoviricota;Megaviricetes;Imitervirales;Mimiviridae
k141_120011	3608	No terminal repeats	NA	7	11	0.8808	NA	0	1.7183	Viruses;Duplodnaviria;Heunggongvirae;Uroviricota;Caudoviricetes;Straboviridae
k141_52161	6251	No terminal repeats	NA	7	11	0.8771	NA	0	4.0624	Viruses;Duplodnaviria;Heunggongvirae;Uroviricota;Caudoviricetes
k141_354698	5106	No terminal repeats	NA	12	11	0.8743	NA	0	5.1554	Viruses;Duplodnaviria;Heunggongvirae;Uroviricota;Caudoviricetes
k141_48783	5933	No terminal repeats	NA	10	11	0.8742	NA	1	1.2792	Viruses;Duplodnaviria;Heunggongvirae;Uroviricota;Caudoviricetes
k141_68214	8978	No terminal repeats	NA	10	11	0.8732	NA	0	1.7183	Viruses;Varidnaviria;Bamfordvirae;Nucleocytoviricota;Megaviricetes;Algavirales;Phycodnaviridae
k141_194957	4278	No terminal repeats	NA	8	11	0.8727	NA	0	1.4214	Viruses;Duplodnaviria;Heunggongvirae;Uroviricota;Caudoviricetes
k141_267536	5015	No terminal repeats	NA	13	11	0.8685	NA	0	6.6228	Viruses;Duplodnaviria;Heunggongvirae;Uroviricota;Caudoviricetes
k141_218660	3641	No terminal repeats	NA	6	11	0.8678	NA	0	2.8930	Viruses;Duplodnaviria;Heunggongvirae;Uroviricota;Caudoviricetes
k141_39095	1635	No terminal repeats	NA	2	11	0.8634	NA	1	1.7162	Viruses;Duplodnaviria;Heunggongvirae;Uroviricota;Caudoviricetes
k141_387850	4969	No terminal repeats	NA	6	11	0.8607	NA	2	4.6736	Viruses;Duplodnaviria;Heunggongvirae;Uroviricota;Caudoviricetes
k141_128499	3519	No terminal repeats	NA	5	11	0.8606	NA	1	4.9484	Viruses;Duplodnaviria;Heunggongvirae;Uroviricota;Caudoviricetes
k141_38135	3904	No terminal repeats	NA	7	11	0.8580	NA	1	2.1536	Viruses;Duplodnaviria;Heunggongvirae;Uroviricota;Caudoviricetes;Straboviridae
k141_36181	4728	No terminal repeats	NA	4	11	0.8468	NA	1	1.7183	Viruses;Varidnaviria;Bamfordvirae;Nucleocytoviricota;Megaviricetes;Imitervirales;Mimiviridae
k141_169186	4097	No terminal repeats	NA	8	11	0.8421	NA	0	1.7068	Unclassified
k141_56577	4690	No terminal repeats	NA	6	11	0.8409	NA	1	3.6649	Viruses;Duplodnaviria;Heunggongvirae;Uroviricota;Caudoviricetes
k141_271876	4724	No terminal repeats	NA	8	11	0.8408	NA	1	1.9572	Viruses;Duplodnaviria;Heunggongvirae;Uroviricota;Caudoviricetes
k141_88120	7052	No terminal repeats	NA	10	11	0.8374	NA	2	6.2322	Viruses;Duplodnaviria;Heunggongvirae;Uroviricota;Caudoviricetes
k141_120441	4857	No terminal repeats	NA	15	11	0.8372	NA	0	0.9251	Viruses;Duplodnaviria;Heunggongvirae;Uroviricota;Caudoviricetes
k141_23528	3795	No terminal repeats	NA	4	11	0.8363	NA	1	1.4454	Viruses;Duplodnaviria;Heunggongvirae;Uroviricota;Caudoviricetes
k141_333464	3621	No terminal repeats	NA	7	11	0.8362	NA	0	1.7183	Viruses;Duplodnaviria;Heunggongvirae;Uroviricota;Caudoviricetes
k141_43906	6239	No terminal repeats	NA	8	11	0.8331	NA	1	1.7183	Viruses;Varidnaviria;Bamfordvirae;Nucleocytoviricota;Megaviricetes;Pimascovirales;Iridoviridae
k141_32518	5731	No terminal repeats	NA	5	11	0.8311	NA	0	1.7183	Viruses;Varidnaviria;Bamfordvirae;Nucleocytoviricota;Megaviricetes;Algavirales;Phycodnaviridae
k141_123728	5477	No terminal repeats	NA	9	11	0.8297	NA	1	5.1548	Viruses;Varidnaviria;Bamfordvirae;Nucleocytoviricota;Megaviricetes;Algavirales;Phycodnaviridae
k141_364013	4879	No terminal repeats	NA	6	11	0.8220	NA	1	7.1807	Viruses;Duplodnaviria;Heunggongvirae;Uroviricota;Caudoviricetes
k141_717	3919	No terminal repeats	NA	8	11	0.8198	NA	1	11.7032	Viruses;Duplodnaviria;Heunggongvirae;Uroviricota;Caudoviricetes
k141_287739	3543	No terminal repeats	NA	6	11	0.8187	NA	2	4.7514	Viruses;Duplodnaviria;Heunggongvirae;Uroviricota;Caudoviricetes
k141_51577	5072	No terminal repeats	NA	6	11	0.8186	NA	1	3.4225	Viruses;Duplodnaviria;Heunggongvirae;Uroviricota;Caudoviricetes
k141_125949	3541	No terminal repeats	NA	6	11	0.8176	NA	0	0.8125	Viruses;Duplodnaviria;Heunggongvirae;Uroviricota;Caudoviricetes
k141_25163	3822	No terminal repeats	NA	5	11	0.8095	NA	0	1.7183	Viruses;Duplodnaviria;Heunggongvirae;Uroviricota;Caudoviricetes
k141_105364	4818	No terminal repeats	NA	7	11	0.8025	NA	1	2.7487	Viruses;Duplodnaviria;Heunggongvirae;Uroviricota;Caudoviricetes
k141_128324	3946	No terminal repeats	NA	5	11	0.7962	NA	0	8.5612	Viruses;Duplodnaviria;Heunggongvirae;Uroviricota;Caudoviricetes;Kyanoviridae
k141_378054	3658	No terminal repeats	NA	6	11	0.7935	NA	0	1.2303	Viruses;Duplodnaviria;Heunggongvirae;Uroviricota;Caudoviricetes
k141_13546	3591	No terminal repeats	NA	7	11	0.7860	NA	0	1.6825	Viruses;Duplodnaviria;Heunggongvirae;Uroviricota;Caudoviricetes
k141_69312	4853	No terminal repeats	NA	6	11	0.7841	NA	2	2.7865	Viruses;Duplodnaviria;Heunggongvirae;Uroviricota;Caudoviricetes
k141_165424	4288	No terminal repeats	NA	5	11	0.7779	NA	1	1.6416	Viruses;Duplodnaviria;Heunggongvirae;Uroviricota;Caudoviricetes
k141_369549	4175	No terminal repeats	NA	13	11	0.7765	NA	0	11.4887	Viruses;Duplodnaviria;Heunggongvirae;Uroviricota;Caudoviricetes
k141_290797	3915	No terminal repeats	NA	11	4	0.7753	NA	0	1.7183	Viruses;Duplodnaviria;Heunggongvirae;Uroviricota;Caudoviricetes;Crassvirales
k141_133324	6791	No terminal repeats	NA	6	11	0.7734	NA	0	1.5576	Viruses;Duplodnaviria;Heunggongvirae;Uroviricota;Caudoviricetes
k141_114988	4596	No terminal repeats	NA	7	11	0.7541	NA	1	2.8978	Viruses;Duplodnaviria;Heunggongvirae;Uroviricota;Caudoviricetes
k141_185246	5006	No terminal repeats	NA	5	11	0.7340	NA	0	1.7183	Viruses;Varidnaviria;Bamfordvirae;Nucleocytoviricota;Megaviricetes;Imitervirales;Mimiviridae
k141_87777	4621	No terminal repeats	NA	6	11	0.7291	NA	0	0.0000	Unclassified
k141_269030	5912	No terminal repeats	NA	7	11	0.7262	NA	0	2.8823	Viruses;Varidnaviria;Bamfordvirae;Nucleocytoviricota;Megaviricetes;Imitervirales;Mimiviridae
k141_116524	3729	No terminal repeats	NA	5	11	0.7249	NA	0	1.5775	Viruses;Duplodnaviria;Heunggongvirae;Uroviricota;Caudoviricetes
k141_14567	7011	No terminal repeats	NA	10	11	0.7222	NA	0	0.0000	Unclassified
