Virus,Host genome,Host taxonomy,Main method,Confidence score,Additional methods
k141_1019235,GB_GCA_012728465.1,d__Bacteria;p__Bacteroidota;c__Bacteroidia;o__Bacteroidales;f__Dysgonomonadaceae;g__JAAYFB01;s__JAAYFB01 sp012728465,iPHoP-RF,94.40,None
k141_1019235,GB_GCA_945292135.1,d__Bacteria;p__Bacteroidota;c__Bacteroidia;o__Bacteroidales;f__Dysgonomonadaceae;g__Dysgonomonas;s__Dysgonomonas sp945292135,iPHoP-RF,90.10,None
k141_1022298,GB_GCA_010021145.1,d__Bacteria;p__Pseudomonadota;c__Alphaproteobacteria;o__Pelagibacterales;f__Pelagibacteraceae;g__Fonsibacter;s__Fonsibacter lacus,blast,94.20,None
k141_1040857,GB_GCA_018882835.1,d__Bacteria;p__Pseudomonadota;c__Gammaproteobacteria;o__Burkholderiales;f__Burkholderiaceae_B;g__Limnohabitans;s__Limnohabitans sp018882835,blast,91.20,iPHoP-RF;63.80
k141_1048078,RS_GCF_012516395.1,d__Bacteria;p__Cyanobacteriota;c__Cyanobacteriia;o__Cyanobacteriales;f__Nostocaceae;g__Dolichospermum;s__Dolichospermum sp000312705,blast,91.50,iPHoP-RF;67.30
k141_1063484,RS_GCF_021654455.1,d__Bacteria;p__Bacillota;c__Bacilli;o__Lactobacillales;f__Streptococcaceae;g__Streptococcus;s__Streptococcus parasuis,iPHoP-RF,92.80,None
k141_1063484,RS_GCF_016461705.1,d__Bacteria;p__Bacillota;c__Bacilli;o__Lactobacillales;f__Streptococcaceae;g__Streptococcus;s__Streptococcus vicugnae,iPHoP-RF,92.10,None
k141_1063484,RS_GCF_022354845.1,d__Bacteria;p__Bacillota;c__Bacilli;o__Lactobacillales;f__Streptococcaceae;g__Streptococcus;s__Streptococcus suis_AA,iPHoP-RF,91.10,None
k141_1091300,GB_GCA_009926405.1,d__Bacteria;p__Bacteroidota;c__Bacteroidia;o__UBA7662;f__UBA7662;g__SYHX01;s__SYHX01 sp009926405,blast,93.60,iPHoP-RF;65.30
k141_1129880,GB_GCA_905221115.1,d__Bacteria;p__Bacillota;c__Bacilli;o__Lactobacillales;f__Streptococcaceae;g__Streptococcus;s__Streptococcus sp905221115,iPHoP-RF,92.40,None
k141_1129880,RS_GCF_001074635.1,d__Bacteria;p__Bacillota;c__Bacilli;o__Lactobacillales;f__Streptococcaceae;g__Streptococcus;s__Streptococcus mitis_E,iPHoP-RF,92.40,None
k141_1129880,RS_GCF_019448285.1,d__Bacteria;p__Bacillota;c__Bacilli;o__Lactobacillales;f__Streptococcaceae;g__Streptococcus;s__Streptococcus sp019448285,iPHoP-RF,92.40,None
k141_1129880,GB_GCA_905221215.1,d__Bacteria;p__Bacillota;c__Bacilli;o__Lactobacillales;f__Streptococcaceae;g__Streptococcus;s__Streptococcus sp905221215,iPHoP-RF,92.10,None
k141_1129880,GB_GCA_905221235.1,d__Bacteria;p__Bacillota;c__Bacilli;o__Lactobacillales;f__Streptococcaceae;g__Streptococcus;s__Streptococcus sp905221235,iPHoP-RF,92.10,None
k141_1129880,GB_GCA_905221375.1,d__Bacteria;p__Bacillota;c__Bacilli;o__Lactobacillales;f__Streptococcaceae;g__Streptococcus;s__Streptococcus sp905221375,iPHoP-RF,92.10,None
k141_1132488,GB_GCA_005790605.1,d__Bacteria;p__Planctomycetota;c__Phycisphaerae;o__Phycisphaerales;f__SM1A02;g__F1-140-MAGs142;s__F1-140-MAGs142 sp005790605,blast,95.30,iPHoP-RF;55.40
k141_1134828,GB_GCA_902557415.1,d__Bacteria;p__Pseudomonadota;c__Gammaproteobacteria;o__Ga0077536;f__Ga0077536;g__UBA4457;s__UBA4457 sp902557415,iPHoP-RF,92.10,None
k141_1140726,GB_GCA_021200395.1,d__Bacteria;p__Bacillota;c__Bacilli;o__Erysipelotrichales;f__Coprobacillaceae;g__JAJQDJ01;s__JAJQDJ01 sp021200395,iPHoP-RF,92.40,None
k141_1173939,RS_GCF_015840915.1,d__Bacteria;p__Cyanobacteriota;c__Cyanobacteriia;o__PCC-6307;f__Cyanobiaceae;g__CBW1002;s__CBW1002 sp015840915,blast,93.50,None
k141_1173939,RS_GCF_015841355.1,d__Bacteria;p__Cyanobacteriota;c__Cyanobacteriia;o__PCC-6307;f__Cyanobiaceae;g__WH-5701;s__WH-5701 sp015841355,blast,91.80,None
k141_1173939,RS_GCF_024345395.1,d__Bacteria;p__Cyanobacteriota;c__Cyanobacteriia;o__PCC-6307;f__Cyanobiaceae;g__Cyanobium_A;s__Cyanobium_A sp024345395,blast,90.10,None
k141_1173939,GB_GCA_025128025.1,d__Bacteria;p__Cyanobacteriota;c__Cyanobacteriia;o__PCC-6307;f__Cyanobiaceae;g__Cyanobium_A;s__Cyanobium_A sp025128025,blast,90.00,None
k141_1175911,GB_GCA_902541245.1,d__Bacteria;p__Pseudomonadota;c__Gammaproteobacteria;o__SAR86;f__D2472;g__D2472;s__D2472 sp902541245,iPHoP-RF,96.10,None
k141_1175911,GB_GCA_000307935.1,d__Bacteria;p__Pseudomonadota;c__Gammaproteobacteria;o__SAR86;f__D2472;g__D2472;s__D2472 sp000307935,iPHoP-RF,94.70,None
k141_1175911,GB_GCA_003284215.1,d__Bacteria;p__Pseudomonadota;c__Gammaproteobacteria;o__SAR86;f__D2472;g__D2472;s__D2472 sp003284215,iPHoP-RF,94.40,None
k141_1175911,GB_GCA_902528215.1,d__Bacteria;p__Pseudomonadota;c__Gammaproteobacteria;o__SAR86;f__D2472;g__D2472;s__D2472 sp902528215,iPHoP-RF,94.40,None
k141_1175911,GB_GCA_902599315.1,d__Bacteria;p__Pseudomonadota;c__Gammaproteobacteria;o__SAR86;f__D2472;g__D2472;s__D2472 sp902599315,iPHoP-RF,93.40,None
k141_1175911,GB_GCA_902515775.1,d__Bacteria;p__Pseudomonadota;c__Gammaproteobacteria;o__SAR86;f__D2472;g__D2472;s__D2472 sp902515775,iPHoP-RF,93.10,None
k141_117966,GB_GCA_010021145.1,d__Bacteria;p__Pseudomonadota;c__Alphaproteobacteria;o__Pelagibacterales;f__Pelagibacteraceae;g__Fonsibacter;s__Fonsibacter lacus,blast,91.20,None
k141_11823,GB_GCA_902769815.1,d__Bacteria;p__Bacteroidota;c__Bacteroidia;o__Bacteroidales;f__F082;g__Limimorpha;s__Limimorpha sp902769815,iPHoP-RF,92.40,None
k141_11823,GB_GCA_902770835.1,d__Bacteria;p__Bacteroidota;c__Bacteroidia;o__Bacteroidales;f__F082;g__Limimorpha;s__Limimorpha sp902770835,iPHoP-RF,92.40,None
k141_11823,GB_GCA_902785755.1,d__Bacteria;p__Bacteroidota;c__Bacteroidia;o__Bacteroidales;f__F082;g__Limimorpha;s__Limimorpha sp902785755,iPHoP-RF,92.40,None
k141_1204180,GB_GCA_903840825.1,d__Bacteria;p__Pseudomonadota;c__Gammaproteobacteria;o__Burkholderiales;f__Burkholderiaceae_B;g__Rhodoferax;s__Rhodoferax sp903840825,blast,92.80,iPHoP-RF;51.20
k141_1235833,RS_GCF_012516395.1,d__Bacteria;p__Cyanobacteriota;c__Cyanobacteriia;o__Cyanobacteriales;f__Nostocaceae;g__Dolichospermum;s__Dolichospermum sp000312705,blast,91.70,None
k141_1235833,GB_GCA_010027825.1,d__Bacteria;p__Dependentiae;c__Babeliae;o__Babeliales;f__RVW-14;g__CAIKAH01;s__CAIKAH01 sp010027825,blast,90.00,iPHoP-RF;52.20
k141_1236765,GB_GCA_903840825.1,d__Bacteria;p__Pseudomonadota;c__Gammaproteobacteria;o__Burkholderiales;f__Burkholderiaceae_B;g__Rhodoferax;s__Rhodoferax sp903840825,blast,96.10,iPHoP-RF;70.90
k141_1242758,GB_GCA_021738345.1,d__Bacteria;p__Pseudomonadota;c__Gammaproteobacteria;o__Burkholderiales;f__Burkholderiaceae_B;g__Rhodoferax_C;s__Rhodoferax_C sp021738345,iPHoP-RF,93.70,None
k141_1242758,GB_GCA_002381045.1,d__Bacteria;p__Pseudomonadota;c__Gammaproteobacteria;o__Burkholderiales;f__Burkholderiaceae_B;g__Rhodoferax;s__Rhodoferax sp002381045,iPHoP-RF,92.10,None
k141_1242758,GB_GCA_017856435.1,d__Bacteria;p__Pseudomonadota;c__Gammaproteobacteria;o__Burkholderiales;f__Burkholderiaceae_B;g__Hylemonella;s__Hylemonella sp017856435,iPHoP-RF,90.50,None
k141_1244211|provirus_2_5560,GB_GCA_008923285.1,d__Bacteria;p__Pseudomonadota;c__Gammaproteobacteria;o__Burkholderiales;f__Thiobacillaceae;g__UBA6918;s__UBA6918 sp008923285,blast,91.00,None
k141_1263034,RS_GCF_014145665.1,d__Bacteria;p__Bacteroidota;c__Bacteroidia;o__Flavobacteriales;f__Flavobacteriaceae;g__Flavobacterium;s__Flavobacterium sp014145665,iPHoP-RF,92.10,None
k141_1263034,GB_GCA_022844565.1,d__Bacteria;p__Bacteroidota;c__Bacteroidia;o__Chitinophagales;f__Saprospiraceae;g__JADKBO01;s__JADKBO01 sp022844565,iPHoP-RF,91.80,None
k141_1263034,RS_GCF_001549985.1,d__Bacteria;p__Bacteroidota;c__Bacteroidia;o__Flavobacteriales;f__Flavobacteriaceae;g__Flavobacterium;s__Flavobacterium odoratum_A,iPHoP-RF,91.80,None
k141_126644,GB_GCA_012839235.1,d__Bacteria;p__Bacillota_A;c__Clostridia;o__Lachnospirales;f__Lachnospiraceae;g__Mobilitalea;s__Mobilitalea sp012839235,iPHoP-RF,93.40,None
k141_1275457,RS_GCF_012516395.1,d__Bacteria;p__Cyanobacteriota;c__Cyanobacteriia;o__Cyanobacteriales;f__Nostocaceae;g__Dolichospermum;s__Dolichospermum sp000312705,blast,92.20,iPHoP-RF;68.00
k141_1280245,GB_GCA_009920225.1,d__Bacteria;p__Pseudomonadota;c__Alphaproteobacteria;o__Rhodobacterales;f__Rhodobacteraceae;g__HIMB11;s__HIMB11 sp009920225,blast,93.70,iPHoP-RF;52.50
k141_1292492,GB_GCA_903895845.1,d__Bacteria;p__Bacteroidota;c__Bacteroidia;o__Chitinophagales;f__Chitinophagaceae;g__JAAFHG01;s__JAAFHG01 sp903895845,blast,96.80,iPHoP-RF;72.40
k141_1302492,GB_GCA_002701525.1,d__Bacteria;p__Marinisomatota;c__Marinisomatia;o__SCGC-AAA003-L08;f__SCGC-AAA003-L08;g__SCGC-AAA003-L08;s__SCGC-AAA003-L08 sp002701525,blast,93.90,None
k141_1305536,GB_GCA_009919265.1,d__Bacteria;p__Bacteroidota;c__Kapabacteria;o__Kapabacteriales;f__UBA961;g__UBA961;s__UBA961 sp009919265,blast,94.10,None
k141_1312481,GB_GCA_002690945.1,d__Bacteria;p__Pseudomonadota;c__Gammaproteobacteria;o__SAR86;f__TMED112;g__TMED112;s__TMED112 sp002690945,blast,95.00,iPHoP-RF;74.30
k141_1333351,GB_GCA_903839695.1,d__Bacteria;p__Patescibacteria;c__Paceibacteria;o__UBA9983_A;f__PALSA-1337;g__CAIOGI01;s__CAIOGI01 sp903839695,blast,91.10,None
k141_1360888,GB_GCA_016870995.1,d__Bacteria;p__Acidobacteriota;c__Terriglobia;o__Bryobacterales;f__Bryobacteraceae;g__Bryobacter;s__Bryobacter sp016870995,blast,91.80,None
k141_1363250,GB_GCA_009936775.1,d__Bacteria;p__Pseudomonadota;c__Gammaproteobacteria;o__Pseudomonadales;f__HTCC2089;g__UBA4421;s__UBA4421 sp009936775,iPHoP-RF,90.10,None
k141_1363836,GB_GCA_002717445.1,d__Bacteria;p__Pseudomonadota;c__Gammaproteobacteria;o__UBA11654;f__UBA11654;g__UBA11654;s__UBA11654 sp002717445,iPHoP-RF,90.50,None
k141_1369057,RS_GCF_000967495.1,d__Bacteria;p__Pseudomonadota;c__Gammaproteobacteria;o__Enterobacterales_A;f__Vibrionaceae;g__Vibrio;s__Vibrio neptunius,iPHoP-RF,92.10,None
k141_1369057,RS_GCF_001695575.1,d__Bacteria;p__Pseudomonadota;c__Gammaproteobacteria;o__Enterobacterales_A;f__Vibrionaceae;g__Vibrio;s__Vibrio europaeus,iPHoP-RF,92.10,None
k141_1369057,RS_GCF_000772105.1,d__Bacteria;p__Pseudomonadota;c__Gammaproteobacteria;o__Enterobacterales_A;f__Vibrionaceae;g__Vibrio;s__Vibrio tubiashii,iPHoP-RF,91.10,None
k141_1369057,RS_GCF_000808535.1,d__Bacteria;p__Pseudomonadota;c__Gammaproteobacteria;o__Enterobacterales_A;f__Vibrionaceae;g__Vibrio;s__Vibrio sinaloensis,iPHoP-RF,91.10,None
k141_1369057,RS_GCF_006124995.1,d__Bacteria;p__Pseudomonadota;c__Gammaproteobacteria;o__Enterobacterales_A;f__Vibrionaceae;g__Vibrio;s__Vibrio sp006124995,iPHoP-RF,91.10,None
k141_1369057,RS_GCF_002741985.1,d__Bacteria;p__Pseudomonadota;c__Gammaproteobacteria;o__Enterobacterales_A;f__Vibrionaceae;g__Vibrio;s__Vibrio rotiferianus,iPHoP-RF,90.80,None
k141_1369057,RS_GCF_003544875.1,d__Bacteria;p__Pseudomonadota;c__Gammaproteobacteria;o__Enterobacterales_A;f__Vibrionaceae;g__Vibrio;s__Vibrio alfacsensis,iPHoP-RF,90.10,None
k141_1369057,RS_GCF_013113835.1,d__Bacteria;p__Pseudomonadota;c__Gammaproteobacteria;o__Enterobacterales_A;f__Vibrionaceae;g__Vibrio;s__Vibrio sp013113835,iPHoP-RF,90.10,None
k141_1374416,GB_GCA_023301205.1,d__Bacteria;p__Bacteroidota;c__Bacteroidia;o__Flavobacteriales;f__Flavobacteriaceae;g__Patiriisocius;s__Patiriisocius sp023301205,iPHoP-RF,94.10,None
k141_1374416,RS_GCF_007997295.1,d__Bacteria;p__Bacteroidota;c__Bacteroidia;o__Flavobacteriales;f__Flavobacteriaceae;g__Gillisia;s__Gillisia hiemivivida,iPHoP-RF,93.70,None
k141_1380331,GB_GCA_002308215.1,d__Bacteria;p__Bacillota_A;c__Clostridia;o__Christensenellales;f__CAG-917;g__CAG-475;s__CAG-475 sp002308215,iPHoP-RF,92.10,None
k141_1416009,GB_GCA_012103535.1,d__Bacteria;p__Pseudomonadota;c__Gammaproteobacteria;o__Pseudomonadales;f__Pseudohongiellaceae;g__UBA9145;s__UBA9145 sp012103535,iPHoP-RF,93.40,None
k141_1416009,GB_GCA_002377605.1,d__Bacteria;p__Pseudomonadota;c__Gammaproteobacteria;o__Pseudomonadales;f__Pseudohongiellaceae;g__UBA9145;s__UBA9145 sp002377605,iPHoP-RF,93.10,None
k141_1416009,GB_GCA_002477465.1,d__Bacteria;p__Pseudomonadota;c__Gammaproteobacteria;o__Pseudomonadales;f__Pseudohongiellaceae;g__UBA9145;s__UBA9145 sp002477465,iPHoP-RF,93.10,None
k141_1416009,GB_GCA_002684935.1,d__Bacteria;p__Pseudomonadota;c__Gammaproteobacteria;o__Pseudomonadales;f__Pseudohongiellaceae;g__UBA9145;s__UBA9145 sp002684935,iPHoP-RF,93.10,None
k141_1416009,GB_GCA_019654215.1,d__Bacteria;p__Pseudomonadota;c__Gammaproteobacteria;o__Pseudomonadales;f__Pseudohongiellaceae;g__UBA9145;s__UBA9145 sp019654215,iPHoP-RF,93.10,None
k141_1416009,GB_GCA_022360535.1,d__Bacteria;p__Pseudomonadota;c__Gammaproteobacteria;o__Pseudomonadales;f__Pseudohongiellaceae;g__UBA9145;s__UBA9145 sp022360535,iPHoP-RF,93.10,None
k141_1416779,GB_GCA_913061385.1,d__Bacteria;p__Planctomycetota;c__Planctomycetia;o__Pirellulales;f__Pirellulaceae;g__Rubripirellula;s__Rubripirellula sp913061385,iPHoP-RF,95.70,None
k141_1434250,GB_GCA_009927445.1,d__Bacteria;p__Pseudomonadota;c__Gammaproteobacteria;o__Burkholderiales;f__Burkholderiaceae;g__Polynucleobacter;s__Polynucleobacter sp009927445,blast,92.50,iPHoP-RF;79.80
k141_1474916,GB_GCA_021812315.1,d__Bacteria;p__Pseudomonadota;c__Gammaproteobacteria;o__Burkholderiales;f__Burkholderiaceae_B;g__Rhodoferax;s__Rhodoferax sp021812315,iPHoP-RF,92.80,None
k141_1474916,GB_GCA_007280205.1,d__Bacteria;p__Pseudomonadota;c__Gammaproteobacteria;o__Burkholderiales;f__Burkholderiaceae_B;g__Rhodoferax;s__Rhodoferax sp007280205,iPHoP-RF,91.80,None
k141_1474916,GB_GCA_903896425.1,d__Bacteria;p__Pseudomonadota;c__Gammaproteobacteria;o__Burkholderiales;f__Burkholderiaceae_B;g__Rhodoferax;s__Rhodoferax sp903896425,iPHoP-RF,91.40,None
k141_1474916,GB_GCA_903914175.1,d__Bacteria;p__Pseudomonadota;c__Gammaproteobacteria;o__Burkholderiales;f__Burkholderiaceae_B;g__Rhodoferax;s__Rhodoferax sp903914175,iPHoP-RF,91.40,None
k141_1474916,GB_GCA_903925725.1,d__Bacteria;p__Pseudomonadota;c__Gammaproteobacteria;o__Burkholderiales;f__Burkholderiaceae_B;g__Rhodoferax;s__Rhodoferax sp903925725,iPHoP-RF,90.50,None
k141_1479831,GB_GCA_903917345.1,d__Bacteria;p__Pseudomonadota;c__Gammaproteobacteria;o__Methylococcales;f__Methylomonadaceae;g__KS41;s__KS41 sp903917345,iPHoP-RF,93.40,None
k141_1479831,GB_GCA_903903365.1,d__Bacteria;p__Pseudomonadota;c__Gammaproteobacteria;o__Methylococcales;f__Methylomonadaceae;g__KS41;s__KS41 sp903903365,iPHoP-RF,93.10,None
k141_1479831,GB_GCA_903918335.1,d__Bacteria;p__Pseudomonadota;c__Gammaproteobacteria;o__Methylococcales;f__Methylomonadaceae;g__KS41;s__KS41 sp903918335,iPHoP-RF,91.10,None
k141_1479831,GB_GCA_903839795.1,d__Bacteria;p__Pseudomonadota;c__Gammaproteobacteria;o__Methylococcales;f__Methylomonadaceae;g__KS41;s__KS41 sp903839795,iPHoP-RF,90.80,None
k141_1479831,GB_GCA_903873045.1,d__Bacteria;p__Pseudomonadota;c__Gammaproteobacteria;o__Methylococcales;f__Methylomonadaceae;g__KS41;s__KS41 sp903873045,iPHoP-RF,90.50,None
k141_148474,GB_GCA_010021145.1,d__Bacteria;p__Pseudomonadota;c__Alphaproteobacteria;o__Pelagibacterales;f__Pelagibacteraceae;g__Fonsibacter;s__Fonsibacter lacus,blast,91.10,None
k141_1486521,GB_GCA_903854205.1,d__Bacteria;p__Bacteroidota;c__Bacteroidia;o__Chitinophagales;f__Saprospiraceae;g__Saprospira;s__Saprospira sp903854205,blast,90.40,iPHoP-RF;73.00
k141_1487528,GB_GCA_018064855.1,d__Bacteria;p__Bacteroidota;c__Bacteroidia;o__Bacteroidales;f__Paludibacteraceae;g__UBA4345;s__UBA4345 sp018064855,iPHoP-RF,93.40,None
k141_1487528,GB_GCA_017647145.1,d__Bacteria;p__Bacteroidota;c__Bacteroidia;o__Bacteroidales;f__Paludibacteraceae;g__Gallipaludibacter;s__Gallipaludibacter sp017647145,iPHoP-RF,92.40,None
k141_1491210,RS_GCF_001632745.1,d__Bacteria;p__Bacteroidota;c__Bacteroidia;o__Flavobacteriales;f__Flavobacteriaceae;g__Aquimarina;s__Aquimarina aggregata,iPHoP-RF,95.10,None
k141_1491210,RS_GCF_900299525.1,d__Bacteria;p__Bacteroidota;c__Bacteroidia;o__Flavobacteriales;f__Flavobacteriaceae;g__Aquimarina;s__Aquimarina sp900299525,iPHoP-RF,91.80,None
k141_1491210,RS_GCF_900312745.1,d__Bacteria;p__Bacteroidota;c__Bacteroidia;o__Flavobacteriales;f__Flavobacteriaceae;g__Aquimarina;s__Aquimarina sp900312745,iPHoP-RF,90.50,None
k141_1491210,RS_GCF_900312815.1,d__Bacteria;p__Bacteroidota;c__Bacteroidia;o__Flavobacteriales;f__Flavobacteriaceae;g__Aquimarina;s__Aquimarina sp900312815,iPHoP-RF,90.50,None
k141_1496350,GB_GCA_009924985.1,d__Bacteria;p__Pseudomonadota;c__Gammaproteobacteria;o__Burkholderiales;f__Burkholderiaceae;g__Polynucleobacter;s__Polynucleobacter sp009924985,blast,94.40,iPHoP-RF;66.50
k141_1504193,GB_GCA_009927445.1,d__Bacteria;p__Pseudomonadota;c__Gammaproteobacteria;o__Burkholderiales;f__Burkholderiaceae;g__Polynucleobacter;s__Polynucleobacter sp009927445,blast,91.10,iPHoP-RF;77.10
k141_1508092,GB_GCA_009927065.1,d__Bacteria;p__Pseudomonadota;c__Gammaproteobacteria;o__LLD-282;f__LLD-282;g__LLD-282;s__LLD-282 sp009927065,blast,96.20,iPHoP-RF;78.70
k141_1532988,GB_GCA_000564995.1,d__Bacteria;p__Actinomycetota;c__Coriobacteriia;o__Coriobacteriales;f__Atopobiaceae;g__Lancefieldella;s__Lancefieldella sp000564995,iPHoP-RF,90.80,None
k141_1532988,GB_GCA_015259105.1,d__Bacteria;p__Actinomycetota;c__Coriobacteriia;o__Coriobacteriales;f__Atopobiaceae;g__Lancefieldella;s__Lancefieldella sp015259105,iPHoP-RF,90.80,None
k141_1532988,GB_GCA_916720015.1,d__Bacteria;p__Actinomycetota;c__Coriobacteriia;o__Coriobacteriales;f__Atopobiaceae;g__Lancefieldella;s__Lancefieldella sp916720015,iPHoP-RF,90.80,None
k141_1532988,GB_GCA_015259035.1,d__Bacteria;p__Actinomycetota;c__Coriobacteriia;o__Coriobacteriales;f__Atopobiaceae;g__Lancefieldella;s__Lancefieldella sp015259035,iPHoP-RF,90.50,None
k141_154002,RS_GCF_003314435.2,d__Bacteria;p__Bacteroidota;c__Bacteroidia;o__Flavobacteriales;f__Flavobacteriaceae;g__Flavobacterium;s__Flavobacterium petrolei,iPHoP-RF,90.50,None
k141_154002,RS_GCF_007097265.1,d__Bacteria;p__Bacteroidota;c__Bacteroidia;o__Flavobacteriales;f__Flavobacteriaceae;g__Flavobacterium;s__Flavobacterium gawalongense,iPHoP-RF,90.50,None
k141_154807,GB_GCA_023264135.1,d__Bacteria;p__Actinomycetota;c__Acidimicrobiia;o__Acidimicrobiales;f__UBA8139;g__F1-20-MAGs160;s__F1-20-MAGs160 sp023264135,blast,95.70,iPHoP-RF;57.10
k141_1587480,RS_GCF_012516395.1,d__Bacteria;p__Cyanobacteriota;c__Cyanobacteriia;o__Cyanobacteriales;f__Nostocaceae;g__Dolichospermum;s__Dolichospermum sp000312705,blast,92.70,iPHoP-RF;63.50
k141_15930,GB_GCA_903927725.1,d__Bacteria;p__Planctomycetota;c__Phycisphaerae;o__Phycisphaerales;f__SM1A02;g__SYIB01;s__SYIB01 sp903927725,blast,93.00,iPHoP-RF;77.50
k141_15930,GB_GCA_005798965.1,d__Bacteria;p__Planctomycetota;c__Phycisphaerae;o__Phycisphaerales;f__SM1A02;g__SYIB01;s__SYIB01 sp005798965,blast,91.80,iPHoP-RF;70.90
k141_15930,GB_GCA_018970045.1,d__Bacteria;p__Planctomycetota;c__Phycisphaerae;o__Phycisphaerales;f__SM1A02;g__SYIB01;s__SYIB01 sp018970045,blast,90.10,iPHoP-RF;66.00
k141_1607795,RS_GCF_012516395.1,d__Bacteria;p__Cyanobacteriota;c__Cyanobacteriia;o__Cyanobacteriales;f__Nostocaceae;g__Dolichospermum;s__Dolichospermum sp000312705,blast,93.80,None
k141_1607802,GB_GCA_003278175.1,d__Bacteria;p__Cyanobacteriota;c__Cyanobacteriia;o__PCC-6307;f__Cyanobiaceae;g__AG-363-K07;s__AG-363-K07 sp003278175,iPHoP-RF,93.70,None
k141_1607802,GB_GCA_003280345.1,d__Bacteria;p__Cyanobacteriota;c__Cyanobacteriia;o__PCC-6307;f__Cyanobiaceae;g__AG-363-A16;s__AG-363-A16 sp003280345,iPHoP-RF,93.70,None
k141_1607802,GB_GCA_913041805.1,d__Bacteria;p__Cyanobacteriota;c__Cyanobacteriia;o__PCC-6307;f__Cyanobiaceae;g__AG-363-K07;s__AG-363-K07 sp913041805,iPHoP-RF,93.40,None
k141_1607802,GB_GCA_003215355.1,d__Bacteria;p__Cyanobacteriota;c__Cyanobacteriia;o__PCC-6307;f__Cyanobiaceae;g__AG-409-O23;s__AG-409-O23 sp003215355,iPHoP-RF,92.40,None
k141_1607802,GB_GCA_003280085.1,d__Bacteria;p__Cyanobacteriota;c__Cyanobacteriia;o__PCC-6307;f__Cyanobiaceae;g__AG-363-O06;s__AG-363-O06 sp003280085,iPHoP-RF,92.40,None
k141_1607802,GB_GCA_902560875.1,d__Bacteria;p__Cyanobacteriota;c__Cyanobacteriia;o__PCC-6307;f__Cyanobiaceae;g__AG-363-K07;s__AG-363-K07 sp902560875,iPHoP-RF,92.40,None
k141_1614702,RS_GCF_020166345.1,d__Bacteria;p__Bacteroidota;c__Bacteroidia;o__Flavobacteriales;f__Flavobacteriaceae;g__Winogradskyella;s__Winogradskyella sp020166345,iPHoP-RF,95.40,None
k141_1614702,RS_GCF_020166335.1,d__Bacteria;p__Bacteroidota;c__Bacteroidia;o__Flavobacteriales;f__Flavobacteriaceae;g__Winogradskyella;s__Winogradskyella sp020166335,iPHoP-RF,94.70,None
k141_1614702,RS_GCF_003362725.1,d__Bacteria;p__Bacteroidota;c__Bacteroidia;o__Flavobacteriales;f__Flavobacteriaceae;g__Winogradskyella;s__Winogradskyella aurantiaca,iPHoP-RF,94.40,None
k141_1614702,RS_GCF_003335675.1,d__Bacteria;p__Bacteroidota;c__Bacteroidia;o__Flavobacteriales;f__Flavobacteriaceae;g__Winogradskyella;s__Winogradskyella sp003335675,iPHoP-RF,93.40,None
k141_1627093,RS_GCF_014279775.1,d__Bacteria;p__Cyanobacteriota;c__Cyanobacteriia;o__PCC-6307;f__Cyanobiaceae;g__Synechococcus_C;s__Synechococcus_C sp002500205,blast,90.00,iPHoP-RF;71.50
k141_1631155,GB_GCA_017648235.1,d__Bacteria;p__Bacteroidota;c__Bacteroidia;o__Bacteroidales;f__Paludibacteraceae;g__RGIG9608;s__RGIG9608 sp017648235,iPHoP-RF,90.10,None
k141_166946,RS_GCF_018882125.1,d__Bacteria;p__Pseudomonadota;c__Gammaproteobacteria;o__Burkholderiales;f__Burkholderiaceae;g__Polynucleobacter;s__Polynucleobacter sp018882125,iPHoP-RF,91.80,None
k141_166946,GB_GCA_903835865.1,d__Bacteria;p__Pseudomonadota;c__Gammaproteobacteria;o__Burkholderiales;f__Burkholderiaceae;g__Polynucleobacter;s__Polynucleobacter sp903835865,iPHoP-RF,90.10,None
k141_1678243,RS_GCF_013041605.1,d__Bacteria;p__Pseudomonadota;c__Gammaproteobacteria;o__Enterobacterales_A;f__Vibrionaceae;g__Vibrio;s__Vibrio plantisponsor,iPHoP-RF,92.80,None
k141_1678243,RS_GCF_011064285.1,d__Bacteria;p__Pseudomonadota;c__Gammaproteobacteria;o__Enterobacterales_A;f__Vibrionaceae;g__Vibrio;s__Vibrio ziniensis,iPHoP-RF,92.40,None
k141_1678243,RS_GCF_014596725.1,d__Bacteria;p__Pseudomonadota;c__Gammaproteobacteria;o__Enterobacterales_A;f__Vibrionaceae;g__Vibrio;s__Vibrio sp014596725,iPHoP-RF,92.40,None
k141_1685003,RS_GCF_000293865.2,d__Bacteria;p__Pseudomonadota;c__Gammaproteobacteria;o__Burkholderiales;f__Burkholderiaceae_B;g__Limnohabitans_A;s__Limnohabitans_A sp000293865,blast,93.90,None
k141_1685003,RS_GCF_002778285.1,d__Bacteria;p__Pseudomonadota;c__Gammaproteobacteria;o__Burkholderiales;f__Burkholderiaceae_B;g__Limnohabitans_A;s__Limnohabitans_A sp002778285,blast,92.10,None
k141_1685003,GB_GCA_903870145.1,d__Bacteria;p__Pseudomonadota;c__Gammaproteobacteria;o__Burkholderiales;f__Burkholderiaceae_B;g__Limnohabitans_A;s__Limnohabitans_A sp903870145,blast,90.70,None
k141_1685042,GB_GCA_018725455.1,d__Bacteria;p__Chloroflexota;c__Dehalococcoidia;o__SZUA-161;f__SpSt-899;g__BS503;s__BS503 sp018725455,blast,91.40,None
k141_1693546,GB_GCA_002686755.1,d__Bacteria;p__Verrucomicrobiota;c__Verrucomicrobiae;o__Pedosphaerales;f__UBA1096;g__UBA1096;s__UBA1096 sp002686755,iPHoP-RF,90.50,None
k141_1708772,GB_GCA_902515455.1,d__Bacteria;p__Pseudomonadota;c__Gammaproteobacteria;o__SAR86;f__D2472;g__D2472;s__D2472 sp902515455,iPHoP-RF,94.70,None
k141_1708772,GB_GCA_902511575.1,d__Bacteria;p__Pseudomonadota;c__Gammaproteobacteria;o__SAR86;f__D2472;g__D2472;s__D2472 sp902511575,iPHoP-RF,94.10,None
k141_1708772,GB_GCA_003331545.1,d__Bacteria;p__Pseudomonadota;c__Gammaproteobacteria;o__SAR86;f__D2472;g__D2472;s__D2472 sp003331545,iPHoP-RF,93.10,None
k141_1708772,GB_GCA_003284215.1,d__Bacteria;p__Pseudomonadota;c__Gammaproteobacteria;o__SAR86;f__D2472;g__D2472;s__D2472 sp003284215,iPHoP-RF,92.10,None
k141_1708772,GB_GCA_902623685.1,d__Bacteria;p__Pseudomonadota;c__Gammaproteobacteria;o__SAR86;f__D2472;g__D2472;s__D2472 sp902623685,iPHoP-RF,92.10,None
k141_1708772,GB_GCA_902595065.1,d__Bacteria;p__Pseudomonadota;c__Gammaproteobacteria;o__SAR86;f__D2472;g__D2472;s__D2472 sp902595065,iPHoP-RF,90.80,None
k141_171431,GB_GCA_010027295.1,d__Bacteria;p__Bacteroidota;c__Bacteroidia;o__Chitinophagales;f__Chitinophagaceae;g__SXYR01;s__SXYR01 sp010027295,blast,91.80,iPHoP-RF;60.90
k141_1731578,GB_GCA_024400815.1,d__Bacteria;p__Bacteroidota;c__Bacteroidia;o__Bacteroidales;f__WCHB1-69;g__F23-D06;s__F23-D06 sp024400815,iPHoP-RF,94.40,None
k141_1731578,GB_GCA_002392325.1,d__Bacteria;p__Bacteroidota;c__Bacteroidia;o__Bacteroidales;f__WCHB1-69;g__F23-D06;s__F23-D06 sp002392325,iPHoP-RF,93.40,None
k141_1747933,GB_GCA_016871445.1,d__Bacteria;p__Verrucomicrobiota;c__Verrucomicrobiae;o__Pedosphaerales;f__SXTU01;g__SXTU01;s__SXTU01 sp016871445,blast,91.80,None
k141_1756994,GB_GCA_009785865.1,d__Bacteria;p__Bacillota_A;c__Clostridia;o__TANB77;f__CAG-508;g__WQVL01;s__WQVL01 sp009785865,iPHoP-RF,94.10,None
k141_1763488,GB_GCA_009928005.1,d__Bacteria;p__Bacteroidota;c__Bacteroidia;o__Chitinophagales;f__Chitinophagaceae;g__Sediminibacterium;s__Sediminibacterium sp009928005,blast,93.60,iPHoP-RF;62.20
k141_176608,GB_GCA_018662715.1,d__Archaea;p__Thermoplasmatota;c__Poseidoniia;o__Poseidoniales;f__Poseidoniaceae;g__Poseidonia;s__Poseidonia sp018662715,blast,94.40,None
k141_1768419,GB_GCA_009773005.1,d__Bacteria;p__Chloroflexota;c__Anaerolineae;o__Anaerolineales;f__Anaerolineaceae;g__UBA6107;s__UBA6107 sp009773005,iPHoP-RF,90.80,None
k141_1771257,RS_GCF_003865345.1,d__Bacteria;p__Bacteroidota;c__Bacteroidia;o__Flavobacteriales;f__Flavobacteriaceae;g__Nonlabens;s__Nonlabens xiamenensis,iPHoP-RF,91.40,None
k141_1774696,GB_GCA_903864485.1,d__Bacteria;p__Pseudomonadota;c__Gammaproteobacteria;o__Burkholderiales;f__Burkholderiaceae_A;g__RFPW01;s__RFPW01 sp903864485,blast,91.20,None
k141_1784415,GB_GCA_023806625.1,d__Bacteria;p__Pseudomonadota;c__Gammaproteobacteria;o__Burkholderiales;f__Rhodocyclaceae;g__Accumulibacter;s__Accumulibacter sp023806625,blast,96.20,None
k141_1793965,GB_GCA_002309335.1,d__Bacteria;p__Bacteroidota;c__Bacteroidia;o__Bacteroidales;f__P3;g__UBA1217;s__UBA1217 sp002309335,iPHoP-RF,90.80,None
k141_1793965,GB_GCA_905236645.1,d__Bacteria;p__Bacteroidota;c__Bacteroidia;o__Bacteroidales;f__P3;g__UBA1217;s__UBA1217 sp905236645,iPHoP-RF,90.80,None
k141_1815165,GB_GCA_002376065.1,d__Bacteria;p__Bacillota;c__Bacilli;o__Izemoplasmatales;f__Izemoplasmataceae;g__UBA3566;s__UBA3566 sp002376065,iPHoP-RF,95.10,None
k141_1831711,GB_GCA_024693775.1,d__Bacteria;p__Bacillota_A;c__Clostridia;o__Lachnospirales;f__Lachnospiraceae;g__Pseudobutyrivibrio;s__Pseudobutyrivibrio sp024693775,iPHoP-RF,92.10,None
k141_1840456,GB_GCA_903839695.1,d__Bacteria;p__Patescibacteria;c__Paceibacteria;o__UBA9983_A;f__PALSA-1337;g__CAIOGI01;s__CAIOGI01 sp903839695,blast,91.20,None
k141_1849966,GB_GCA_009926305.1,d__Bacteria;p__Bdellovibrionota;c__UBA2361;o__UBA2361;f__RFPC01;g__RFPC01;s__RFPC01 sp009926305,blast,95.00,None
k141_1856466,GB_GCA_009923315.1,d__Bacteria;p__Pseudomonadota;c__Gammaproteobacteria;o__Burkholderiales;f__Burkholderiaceae_B;g__RFTU01;s__RFTU01 sp009923315,blast,91.20,iPHoP-RF;57.90
k141_1866656,RS_GCF_012516395.1,d__Bacteria;p__Cyanobacteriota;c__Cyanobacteriia;o__Cyanobacteriales;f__Nostocaceae;g__Dolichospermum;s__Dolichospermum sp000312705,blast,93.20,None
k141_1877337,GB_GCA_003695625.1,d__Bacteria;p__Acidobacteriota;c__Polarisedimenticolia;o__J045;f__J045;g__J065;s__J065 sp003695625,blast,92.60,None
k141_1922560,RS_GCF_000144625.1,d__Bacteria;p__Bacillota_A;c__Clostridia;o__Lachnospirales;f__Lachnospiraceae;g__Lacrimispora;s__Lacrimispora saccharolytica,CRISPR,98.80,iPHoP-RF;69.50
k141_1926228,RS_GCF_003943615.1,d__Bacteria;p__Bacillota;c__Bacilli;o__Lactobacillales;f__Streptococcaceae;g__Streptococcus;s__Streptococcus australis_C,iPHoP-RF,95.10,None
k141_1926228,RS_GCF_019929345.1,d__Bacteria;p__Bacillota;c__Bacilli;o__Lactobacillales;f__Streptococcaceae;g__Streptococcus;s__Streptococcus sp015256435,iPHoP-RF,95.10,None
k141_1926228,GB_GCA_000344275.1,d__Bacteria;p__Bacillota;c__Bacilli;o__Lactobacillales;f__Streptococcaceae;g__Streptococcus;s__Streptococcus oralis_E,iPHoP-RF,94.40,None
k141_1926228,RS_GCF_000507765.1,d__Bacteria;p__Bacillota;c__Bacilli;o__Lactobacillales;f__Streptococcaceae;g__Streptococcus;s__Streptococcus parasanguinis_J,iPHoP-RF,94.40,None
k141_1926228,RS_GCF_003943395.1,d__Bacteria;p__Bacillota;c__Bacilli;o__Lactobacillales;f__Streptococcaceae;g__Streptococcus;s__Streptococcus oralis_BF,iPHoP-RF,94.10,None
k141_1926228,GB_GCA_905221085.1,d__Bacteria;p__Bacillota;c__Bacilli;o__Lactobacillales;f__Streptococcaceae;g__Streptococcus;s__Streptococcus sp905221085,iPHoP-RF,93.70,None
k141_1926228,RS_GCF_016648855.1,d__Bacteria;p__Bacillota;c__Bacilli;o__Lactobacillales;f__Streptococcaceae;g__Streptococcus;s__Streptococcus parasanguinis_L,iPHoP-RF,93.70,None
k141_1926228,RS_GCF_019448285.1,d__Bacteria;p__Bacillota;c__Bacilli;o__Lactobacillales;f__Streptococcaceae;g__Streptococcus;s__Streptococcus sp019448285,iPHoP-RF,93.70,None
k141_1926228,GB_GCA_905221235.1,d__Bacteria;p__Bacillota;c__Bacilli;o__Lactobacillales;f__Streptococcaceae;g__Streptococcus;s__Streptococcus sp905221235,iPHoP-RF,93.40,None
k141_1926228,GB_GCA_905221375.1,d__Bacteria;p__Bacillota;c__Bacilli;o__Lactobacillales;f__Streptococcaceae;g__Streptococcus;s__Streptococcus sp905221375,iPHoP-RF,93.40,None
k141_1926228,RS_GCF_002096755.1,d__Bacteria;p__Bacillota;c__Bacilli;o__Lactobacillales;f__Streptococcaceae;g__Streptococcus;s__Streptococcus mitis_AC,iPHoP-RF,93.10,None
k141_1931177,RS_GCF_000314795.2,d__Bacteria;p__Bacillota;c__Bacilli;o__Lactobacillales;f__Streptococcaceae;g__Streptococcus;s__Streptococcus sp000314795,iPHoP-RF,95.70,None
k141_1931177,GB_GCA_902373455.1,d__Bacteria;p__Bacillota;c__Bacilli;o__Lactobacillales;f__Streptococcaceae;g__Streptococcus;s__Streptococcus sp902373455,iPHoP-RF,95.10,None
k141_1931177,GB_GCA_900755085.1,d__Bacteria;p__Bacillota;c__Bacilli;o__Lactobacillales;f__Streptococcaceae;g__Streptococcus;s__Streptococcus sp900755085,iPHoP-RF,94.70,None
k141_1931177,RS_GCF_000164675.2,d__Bacteria;p__Bacillota;c__Bacilli;o__Lactobacillales;f__Streptococcaceae;g__Streptococcus;s__Streptococcus parasanguinis,iPHoP-RF,94.70,None
k141_1931177,GB_GCA_018365265.1,d__Bacteria;p__Bacillota;c__Bacilli;o__Lactobacillales;f__Streptococcaceae;g__Streptococcus;s__Streptococcus parasanguinis_G,iPHoP-RF,94.40,None
k141_1931177,GB_GCA_018377375.1,d__Bacteria;p__Bacillota;c__Bacilli;o__Lactobacillales;f__Streptococcaceae;g__Streptococcus;s__Streptococcus parasanguinis_N,iPHoP-RF,94.40,None
k141_1931177,RS_GCF_000963275.1,d__Bacteria;p__Bacillota;c__Bacilli;o__Lactobacillales;f__Streptococcaceae;g__Streptococcus;s__Streptococcus parasanguinis_B,iPHoP-RF,94.40,None
k141_1931177,RS_GCF_016648855.1,d__Bacteria;p__Bacillota;c__Bacilli;o__Lactobacillales;f__Streptococcaceae;g__Streptococcus;s__Streptococcus parasanguinis_L,iPHoP-RF,94.40,None
k141_1931177,RS_GCF_016648925.1,d__Bacteria;p__Bacillota;c__Bacilli;o__Lactobacillales;f__Streptococcaceae;g__Streptococcus;s__Streptococcus sp900766505,iPHoP-RF,94.40,None
k141_1931177,RS_GCF_019929185.1,d__Bacteria;p__Bacillota;c__Bacilli;o__Lactobacillales;f__Streptococcaceae;g__Streptococcus;s__Streptococcus parasanguinis_O,iPHoP-RF,94.40,None
k141_1931177,RS_GCF_943193075.1,d__Bacteria;p__Bacillota;c__Bacilli;o__Lactobacillales;f__Streptococcaceae;g__Streptococcus;s__Streptococcus parasanguinis_E,iPHoP-RF,94.40,None
k141_1931177,GB_GCA_916048115.1,d__Bacteria;p__Bacillota;c__Bacilli;o__Lactobacillales;f__Streptococcaceae;g__Streptococcus;s__Streptococcus sp916048115,iPHoP-RF,94.10,None
k141_1931177,RS_GCF_000187505.1,d__Bacteria;p__Bacillota;c__Bacilli;o__Lactobacillales;f__Streptococcaceae;g__Streptococcus;s__Streptococcus parasanguinis_M,iPHoP-RF,94.10,None
k141_1931177,RS_GCF_000507765.1,d__Bacteria;p__Bacillota;c__Bacilli;o__Lactobacillales;f__Streptococcaceae;g__Streptococcus;s__Streptococcus parasanguinis_J,iPHoP-RF,94.10,None
k141_1931177,RS_GCF_001073155.1,d__Bacteria;p__Bacillota;c__Bacilli;o__Lactobacillales;f__Streptococcaceae;g__Streptococcus;s__Streptococcus parasanguinis_D,iPHoP-RF,94.10,None
k141_1931177,RS_GCF_001074805.1,d__Bacteria;p__Bacillota;c__Bacilli;o__Lactobacillales;f__Streptococcaceae;g__Streptococcus;s__Streptococcus parasanguinis_A,iPHoP-RF,94.10,None
k141_1931177,RS_GCF_001813295.1,d__Bacteria;p__Bacillota;c__Bacilli;o__Lactobacillales;f__Streptococcaceae;g__Streptococcus;s__Streptococcus sp001813295,iPHoP-RF,94.10,None
k141_1931177,RS_GCF_006539925.1,d__Bacteria;p__Actinomycetota;c__Actinomycetia;o__Actinomycetales;f__Micrococcaceae;g__Glutamicibacter;s__Glutamicibacter uratoxydans,iPHoP-RF,94.10,None
k141_1931177,RS_GCF_009717815.1,d__Bacteria;p__Bacillota;c__Bacilli;o__Lactobacillales;f__Streptococcaceae;g__Streptococcus;s__Streptococcus parasanguinis_F,iPHoP-RF,94.10,None
k141_1931177,GB_GCA_003486025.1,d__Bacteria;p__Actinomycetota;c__Actinomycetia;o__Actinomycetales;f__Micrococcaceae;g__Glutamicibacter;s__Glutamicibacter sp003486025,iPHoP-RF,93.70,None
k141_1931177,RS_GCF_002975435.1,d__Bacteria;p__Actinomycetota;c__Actinomycetia;o__Actinomycetales;f__Micrococcaceae;g__Paeniglutamicibacter;s__Paeniglutamicibacter sp002975435,iPHoP-RF,93.70,None
k141_1931177,RS_GCF_008727815.1,d__Bacteria;p__Bacillota;c__Bacilli;o__Lactobacillales;f__Streptococcaceae;g__Streptococcus;s__Streptococcus sp008727815,iPHoP-RF,93.70,None
k141_1931177,RS_GCF_014644555.1,d__Bacteria;p__Actinomycetota;c__Actinomycetia;o__Actinomycetales;f__Micrococcaceae;g__Glutamicibacter;s__Glutamicibacter ardleyensis,iPHoP-RF,93.70,None
k141_1931177,RS_GCF_024295625.1,d__Bacteria;p__Bacillota;c__Bacilli;o__Lactobacillales;f__Streptococcaceae;g__Streptococcus;s__Streptococcus sp024295625,iPHoP-RF,93.70,None
k141_1931177,GB_GCA_002979915.1,d__Bacteria;p__Actinomycetota;c__Actinomycetia;o__Actinomycetales;f__Micrococcaceae;g__Glutamicibacter;s__Glutamicibacter sp002979915,iPHoP-RF,93.40,None
k141_1931177,RS_GCF_001302565.1,d__Bacteria;p__Actinomycetota;c__Actinomycetia;o__Actinomycetales;f__Micrococcaceae;g__Glutamicibacter;s__Glutamicibacter halophytocola,iPHoP-RF,93.10,None
k141_1931177,RS_GCF_012221945.1,d__Bacteria;p__Actinomycetota;c__Actinomycetia;o__Actinomycetales;f__Micrococcaceae;g__Glutamicibacter;s__Glutamicibacter mishrai,iPHoP-RF,93.10,None
k141_1931177,RS_GCF_016642265.1,d__Bacteria;p__Bacillota;c__Bacilli;o__Lactobacillales;f__Streptococcaceae;g__Streptococcus;s__Streptococcus lactarius,iPHoP-RF,92.80,None
k141_1931177,RS_GCF_000197735.1,d__Bacteria;p__Actinomycetota;c__Actinomycetia;o__Actinomycetales;f__Micrococcaceae;g__Glutamicibacter;s__Glutamicibacter arilaitensis,iPHoP-RF,91.80,None
k141_193228,GB_GCA_945861075.1,d__Bacteria;p__Verrucomicrobiota;c__Verrucomicrobiae;o__Pedosphaerales;f__UBA9464;g__SXXZ01;s__SXXZ01 sp945861075,blast,92.80,None
k141_1932486,RS_GCF_002100145.1,d__Bacteria;p__Pseudomonadota;c__Gammaproteobacteria;o__Enterobacterales_A;f__Vibrionaceae;g__Vibrio;s__Vibrio sp002100145,iPHoP-RF,91.40,None
k141_1932486,RS_GCF_024582835.1,d__Bacteria;p__Pseudomonadota;c__Gammaproteobacteria;o__Enterobacterales_A;f__Vibrionaceae;g__Vibrio;s__Vibrio japonicus,iPHoP-RF,91.10,None
k141_1937360,GB_GCA_002365175.1,d__Bacteria;p__Pseudomonadota;c__Alphaproteobacteria;o__Rhizobiales;f__UBA4765;g__UBA4765;s__UBA4765 sp002365175,blast,90.60,iPHoP-RF;55.20
k141_1948492,GB_GCA_019217005.1,d__Bacteria;p__Chloroflexota;c__Anaerolineae;o__Caldilineales;f__Caldilineaceae;g__JAHBNG01;s__JAHBNG01 sp019217005,iPHoP-RF,90.80,None
k141_207130,GB_GCA_012519905.1,d__Bacteria;p__Bacillota_A;c__Clostridia;o__Lachnospirales;f__Lachnospiraceae;g__Mobilitalea;s__Mobilitalea sp012519905,iPHoP-RF,93.40,None
k141_207130,GB_GCA_012522735.1,d__Bacteria;p__Bacillota_A;c__Clostridia;o__Lachnospirales;f__Lachnospiraceae;g__Mobilitalea;s__Mobilitalea sp012522735,iPHoP-RF,91.40,None
k141_207130,GB_GCA_012518975.1,d__Bacteria;p__Bacillota_A;c__Clostridia;o__Lachnospirales;f__Lachnospiraceae;g__Mobilitalea;s__Mobilitalea sp012518975,iPHoP-RF,90.80,None
k141_215457,RS_GCF_000799565.1,d__Bacteria;p__Bacteroidota;c__Bacteroidia;o__Flavobacteriales;f__Flavobacteriaceae;g__Cellulophaga;s__Cellulophaga sp000799565,iPHoP-RF,92.10,None
k141_215457,GB_GCA_024232495.1,d__Bacteria;p__Bacteroidota;c__Bacteroidia;o__Flavobacteriales;f__Flavobacteriaceae;g__GCA-002733185;s__GCA-002733185 sp024232495,iPHoP-RF,90.80,None
k141_215457,GB_GCA_004213605.1,d__Bacteria;p__Bacteroidota;c__Bacteroidia;o__Flavobacteriales;f__Flavobacteriaceae;g__GCA-002733185;s__GCA-002733185 sp004213605,iPHoP-RF,90.50,None
k141_224327,GB_GCA_004294135.1,d__Bacteria;p__Bacteroidota;c__Bacteroidia;o__Chitinophagales;f__Chitinophagaceae;g__Sediminibacterium;s__Sediminibacterium sp004294135,iPHoP-RF,94.40,None
k141_224327,GB_GCA_001829005.1,d__Bacteria;p__Bacteroidota;c__Bacteroidia;o__Chitinophagales;f__Chitinophagaceae;g__Sediminibacterium;s__Sediminibacterium sp001829005,iPHoP-RF,93.40,None
k141_224327,GB_GCA_002281575.1,d__Bacteria;p__Bacteroidota;c__Bacteroidia;o__Chitinophagales;f__Chitinophagaceae;g__Sediminibacterium;s__Sediminibacterium sp002281575,iPHoP-RF,93.10,None
k141_224327,GB_GCA_002786355.1,d__Bacteria;p__Bacteroidota;c__Bacteroidia;o__Chitinophagales;f__Chitinophagaceae;g__Sediminibacterium;s__Sediminibacterium sp002786355,iPHoP-RF,92.40,None
k141_230196,GB_GCA_945861075.1,d__Bacteria;p__Verrucomicrobiota;c__Verrucomicrobiae;o__Pedosphaerales;f__UBA9464;g__SXXZ01;s__SXXZ01 sp945861075,blast,91.40,None
k141_235380,GB_GCA_017303505.1,d__Bacteria;p__Planctomycetota;c__Planctomycetia;o__Pirellulales;f__Pirellulaceae;g__JAFLCP01;s__JAFLCP01 sp017303505,blast,92.50,None
k141_235380,RS_GCF_001610875.1,d__Bacteria;p__Planctomycetota;c__Planctomycetia;o__Pirellulales;f__Pirellulaceae;g__Pirellula_B;s__Pirellula_B sp001610875,blast,90.10,None
k141_246101,RS_GCF_012516395.1,d__Bacteria;p__Cyanobacteriota;c__Cyanobacteriia;o__Cyanobacteriales;f__Nostocaceae;g__Dolichospermum;s__Dolichospermum sp000312705,blast,91.10,iPHoP-RF;75.00
k141_252107,GB_GCA_001048675.1,d__Bacteria;p__Pseudomonadota;c__Gammaproteobacteria;o__Enterobacterales_A;f__Vibrionaceae;g__Vibrio;s__Vibrio diabolicus,iPHoP-RF,97.10,None
k141_252107,GB_GCA_018222805.1,d__Bacteria;p__Pseudomonadota;c__Gammaproteobacteria;o__Enterobacterales_A;f__Vibrionaceae;g__Vibrio;s__Vibrio sp018222805,iPHoP-RF,97.10,None
k141_252107,RS_GCF_000354175.2,d__Bacteria;p__Pseudomonadota;c__Gammaproteobacteria;o__Enterobacterales_A;f__Vibrionaceae;g__Vibrio;s__Vibrio alginolyticus,iPHoP-RF,97.10,None
k141_252107,RS_GCF_000400365.1,d__Bacteria;p__Pseudomonadota;c__Gammaproteobacteria;o__Enterobacterales_A;f__Vibrionaceae;g__Vibrio;s__Vibrio jasicida,iPHoP-RF,97.10,None
k141_252107,RS_GCF_000417905.1,d__Bacteria;p__Pseudomonadota;c__Gammaproteobacteria;o__Enterobacterales_A;f__Vibrionaceae;g__Vibrio;s__Vibrio natriegens,iPHoP-RF,97.10,None
k141_252107,RS_GCF_000817815.1,d__Bacteria;p__Pseudomonadota;c__Gammaproteobacteria;o__Enterobacterales_A;f__Vibrionaceae;g__Vibrio;s__Vibrio owensii,iPHoP-RF,97.10,None
k141_252107,RS_GCF_000830505.1,d__Bacteria;p__Pseudomonadota;c__Gammaproteobacteria;o__Enterobacterales_A;f__Vibrionaceae;g__Vibrio;s__Vibrio mytili,iPHoP-RF,97.10,None
k141_252107,RS_GCF_001274785.1,d__Bacteria;p__Pseudomonadota;c__Gammaproteobacteria;o__Enterobacterales_A;f__Vibrionaceae;g__Vibrio;s__Vibrio hepatarius,iPHoP-RF,97.10,None
k141_252107,RS_GCF_002906655.1,d__Bacteria;p__Pseudomonadota;c__Gammaproteobacteria;o__Enterobacterales_A;f__Vibrionaceae;g__Vibrio;s__Vibrio hyugaensis,iPHoP-RF,97.10,None
k141_252107,RS_GCF_011806575.1,d__Bacteria;p__Pseudomonadota;c__Gammaproteobacteria;o__Enterobacterales_A;f__Vibrionaceae;g__Vibrio;s__Vibrio hepatarius_A,iPHoP-RF,97.10,None
k141_252107,RS_GCF_021728395.1,d__Bacteria;p__Pseudomonadota;c__Gammaproteobacteria;o__Enterobacterales_A;f__Vibrionaceae;g__Vibrio;s__Vibrio sp018223135,iPHoP-RF,97.10,None
k141_252107,RS_GCF_024582835.1,d__Bacteria;p__Pseudomonadota;c__Gammaproteobacteria;o__Enterobacterales_A;f__Vibrionaceae;g__Vibrio;s__Vibrio japonicus,iPHoP-RF,97.10,None
k141_252107,RS_GCF_900460535.1,d__Bacteria;p__Pseudomonadota;c__Gammaproteobacteria;o__Enterobacterales_A;f__Vibrionaceae;g__Vibrio;s__Vibrio parahaemolyticus,iPHoP-RF,97.10,None
k141_252107,RS_GCF_000808535.1,d__Bacteria;p__Pseudomonadota;c__Gammaproteobacteria;o__Enterobacterales_A;f__Vibrionaceae;g__Vibrio;s__Vibrio sinaloensis,iPHoP-RF,96.70,None
k141_252107,RS_GCF_001591105.1,d__Bacteria;p__Pseudomonadota;c__Gammaproteobacteria;o__Enterobacterales_A;f__Vibrionaceae;g__Vibrio;s__Vibrio nereis,iPHoP-RF,96.70,None
k141_252107,RS_GCF_002163755.1,d__Bacteria;p__Pseudomonadota;c__Gammaproteobacteria;o__Enterobacterales_A;f__Vibrionaceae;g__Vibrio;s__Vibrio campbellii,iPHoP-RF,96.70,None
k141_252107,RS_GCF_011064285.1,d__Bacteria;p__Pseudomonadota;c__Gammaproteobacteria;o__Enterobacterales_A;f__Vibrionaceae;g__Vibrio;s__Vibrio ziniensis,iPHoP-RF,96.70,None
k141_252107,RS_GCF_000171815.1,d__Bacteria;p__Pseudomonadota;c__Gammaproteobacteria;o__Enterobacterales_A;f__Vibrionaceae;g__Vibrio;s__Vibrio sp000171815,iPHoP-RF,96.40,None
k141_252107,RS_GCF_000740015.1,d__Bacteria;p__Pseudomonadota;c__Gammaproteobacteria;o__Enterobacterales_A;f__Vibrionaceae;g__Vibrio;s__Vibrio diazotrophicus,iPHoP-RF,96.10,None
k141_252107,RS_GCF_002933855.1,d__Bacteria;p__Pseudomonadota;c__Gammaproteobacteria;o__Enterobacterales_A;f__Vibrionaceae;g__Vibrio;s__Vibrio penaeicida_A,iPHoP-RF,96.10,None
k141_252107,RS_GCF_002563795.1,d__Bacteria;p__Pseudomonadota;c__Gammaproteobacteria;o__Enterobacterales_A;f__Vibrionaceae;g__Vibrio;s__Vibrio sp002563795,iPHoP-RF,95.70,None
k141_252107,RS_GCF_022836845.1,d__Bacteria;p__Pseudomonadota;c__Gammaproteobacteria;o__Enterobacterales_A;f__Vibrionaceae;g__Vibrio;s__Vibrio sp022836845,iPHoP-RF,95.70,None
k141_252107,RS_GCF_013041605.1,d__Bacteria;p__Pseudomonadota;c__Gammaproteobacteria;o__Enterobacterales_A;f__Vibrionaceae;g__Vibrio;s__Vibrio plantisponsor,iPHoP-RF,95.40,None
k141_252107,RS_GCF_019977755.1,d__Bacteria;p__Pseudomonadota;c__Gammaproteobacteria;o__Enterobacterales_A;f__Vibrionaceae;g__Vibrio;s__Vibrio penaeicida,iPHoP-RF,95.10,None
k141_252107,RS_GCF_001639065.2,d__Bacteria;p__Pseudomonadota;c__Gammaproteobacteria;o__Enterobacterales_A;f__Vibrionaceae;g__Vibrio;s__Vibrio barjaei,iPHoP-RF,92.10,None
k141_252107,RS_GCF_022397915.1,d__Bacteria;p__Pseudomonadota;c__Gammaproteobacteria;o__Enterobacterales_A;f__Vibrionaceae;g__Vibrio;s__Vibrio sp022397915,iPHoP-RF,91.80,None
k141_252107,RS_GCF_003263785.1,d__Bacteria;p__Pseudomonadota;c__Gammaproteobacteria;o__Enterobacterales_A;f__Vibrionaceae;g__Vibrio;s__Vibrio variabilis,iPHoP-RF,90.50,None
k141_252107,RS_GCF_006124995.1,d__Bacteria;p__Pseudomonadota;c__Gammaproteobacteria;o__Enterobacterales_A;f__Vibrionaceae;g__Vibrio;s__Vibrio sp006124995,iPHoP-RF,90.10,None
k141_259577,RS_GCF_001076885.1,d__Bacteria;p__Bacillota;c__Bacilli;o__Bacillales;f__DSM-18226;g__Niallia;s__Niallia sp001076885,blast,93.40,iPHoP-RF;74.10
k141_260093,GB_GCA_003500955.1,d__Bacteria;p__Pseudomonadota;c__Gammaproteobacteria;o__Burkholderiales;f__Burkholderiaceae_B;g__Hylemonella;s__Hylemonella sp003500955,blast,92.70,iPHoP-RF;69.10
k141_262943,RS_GCF_023920705.1,d__Bacteria;p__Pseudomonadota;c__Gammaproteobacteria;o__Pseudomonadales;f__Moraxellaceae;g__Acinetobacter;s__Acinetobacter sp023920705,iPHoP-RF,90.10,None
k141_267001,GB_GCA_903892355.1,d__Bacteria;p__Planctomycetota;c__Planctomycetia;o__Pirellulales;f__Pirellulaceae;g__Pirellula_B;s__Pirellula_B sp903892355,blast,93.40,iPHoP-RF;72.80
k141_317139,GB_GCA_001824275.1,d__Bacteria;p__Patescibacteria;c__Paceibacteria;o__UBA9983_A;f__W02-35-19;g__WO2-35-19;s__WO2-35-19 sp001824275,iPHoP-RF,91.10,None
k141_34860,GB_GCA_945906015.1,d__Bacteria;p__Bacteroidota;c__Bacteroidia;o__Sphingobacteriales;f__Sphingobacteriaceae;g__Daejeonella;s__Daejeonella schmidteae_A,blast,92.30,iPHoP-RF;63.00
k141_352921,GB_GCA_003216815.1,d__Bacteria;p__Cyanobacteriota;c__Cyanobacteriia;o__PCC-6307;f__Cyanobiaceae;g__Prochlorococcus_B;s__Prochlorococcus_B sp003216815,iPHoP-RF,95.40,None
k141_352921,GB_GCA_003216275.1,d__Bacteria;p__Cyanobacteriota;c__Cyanobacteriia;o__PCC-6307;f__Cyanobiaceae;g__Prochlorococcus_B;s__Prochlorococcus_B sp003216275,iPHoP-RF,94.70,None
k141_352921,GB_GCA_003216575.1,d__Bacteria;p__Cyanobacteriota;c__Cyanobacteriia;o__PCC-6307;f__Cyanobiaceae;g__Prochlorococcus_B;s__Prochlorococcus_B sp003216575,iPHoP-RF,94.70,None
k141_352921,GB_GCA_003283665.1,d__Bacteria;p__Cyanobacteriota;c__Cyanobacteriia;o__PCC-6307;f__Cyanobiaceae;g__Prochlorococcus_B;s__Prochlorococcus_B sp003283665,iPHoP-RF,94.70,None
k141_352921,GB_GCA_003278445.1,d__Bacteria;p__Cyanobacteriota;c__Cyanobacteriia;o__PCC-6307;f__Cyanobiaceae;g__Prochlorococcus_B;s__Prochlorococcus_B sp003278445,iPHoP-RF,94.10,None
k141_352921,GB_GCA_003215695.1,d__Bacteria;p__Cyanobacteriota;c__Cyanobacteriia;o__PCC-6307;f__Cyanobiaceae;g__Prochlorococcus_B;s__Prochlorococcus_B sp003215695,iPHoP-RF,93.70,None
k141_352921,GB_GCA_003283685.1,d__Bacteria;p__Cyanobacteriota;c__Cyanobacteriia;o__PCC-6307;f__Cyanobiaceae;g__Prochlorococcus_B;s__Prochlorococcus_B sp003283685,iPHoP-RF,93.70,None
k141_352921,GB_GCA_003283745.1,d__Bacteria;p__Cyanobacteriota;c__Cyanobacteriia;o__PCC-6307;f__Cyanobiaceae;g__Prochlorococcus_B;s__Prochlorococcus_B sp003283745,iPHoP-RF,93.10,None
k141_352921,GB_GCA_003216295.1,d__Bacteria;p__Cyanobacteriota;c__Cyanobacteriia;o__PCC-6307;f__Cyanobiaceae;g__Prochlorococcus_B;s__Prochlorococcus_B sp003216295,iPHoP-RF,92.10,None
k141_352921,GB_GCA_003215555.1,d__Bacteria;p__Cyanobacteriota;c__Cyanobacteriia;o__PCC-6307;f__Cyanobiaceae;g__Prochlorococcus;s__Prochlorococcus sp003215555,iPHoP-RF,91.40,None
k141_352921,GB_GCA_003215795.1,d__Bacteria;p__Cyanobacteriota;c__Cyanobacteriia;o__PCC-6307;f__Cyanobiaceae;g__Prochlorococcus;s__Prochlorococcus sp003215795,iPHoP-RF,90.80,None
k141_377396,GB_GCA_008081305.1,d__Bacteria;p__Bacteroidota;c__Bacteroidia;o__NS11-12g;f__UBA955;g__VMCP01;s__VMCP01 sp008081305,iPHoP-RF,92.40,None
k141_379516,GB_GCA_945896935.1,d__Bacteria;p__Actinomycetota;c__Acidimicrobiia;o__Acidimicrobiales;f__Ilumatobacteraceae;g__Casp-actino8;s__Casp-actino8 sp945896935,iPHoP-RF,90.80,None
k141_381112,RS_GCF_003259835.1,d__Bacteria;p__Bacteroidota;c__Bacteroidia;o__Flavobacteriales;f__Flavobacteriaceae;g__Flavobacterium;s__Flavobacterium aquaticum,iPHoP-RF,96.70,None
k141_381112,GB_GCA_018401995.1,d__Bacteria;p__Bacteroidota;c__Bacteroidia;o__Flavobacteriales;f__Flavobacteriaceae;g__Flavobacterium;s__Flavobacterium sp018401995,iPHoP-RF,95.70,None
k141_381112,GB_GCA_023151265.1,d__Bacteria;p__Bacteroidota;c__Bacteroidia;o__Flavobacteriales;f__Flavobacteriaceae;g__Flavobacterium;s__Flavobacterium sp023151265,iPHoP-RF,95.70,None
k141_381112,RS_GCF_004363695.1,d__Bacteria;p__Bacteroidota;c__Bacteroidia;o__Flavobacteriales;f__Flavobacteriaceae;g__Flavobacterium;s__Flavobacterium cheniae,iPHoP-RF,93.40,None
k141_381112,GB_GCA_003497625.1,d__Bacteria;p__Bacteroidota;c__Bacteroidia;o__Flavobacteriales;f__Flavobacteriaceae;g__Flavobacterium;s__Flavobacterium sp003497625,iPHoP-RF,93.10,None
k141_381112,GB_GCA_002483315.1,d__Bacteria;p__Bacteroidota;c__Bacteroidia;o__Flavobacteriales;f__Flavobacteriaceae;g__Flavobacterium;s__Flavobacterium sp002483315,iPHoP-RF,92.40,None
k141_381112,GB_GCA_020217025.1,d__Bacteria;p__Bacteroidota;c__Bacteroidia;o__Flavobacteriales;f__Flavobacteriaceae;g__Flavobacterium;s__Flavobacterium sp020217025,iPHoP-RF,90.50,None
k141_381112,RS_GCF_000686885.1,d__Bacteria;p__Bacteroidota;c__Bacteroidia;o__Flavobacteriales;f__Flavobacteriaceae;g__Flavobacterium;s__Flavobacterium sasangense,iPHoP-RF,90.50,None
k141_386587,GB_GCA_903892355.1,d__Bacteria;p__Planctomycetota;c__Planctomycetia;o__Pirellulales;f__Pirellulaceae;g__Pirellula_B;s__Pirellula_B sp903892355,blast,91.40,iPHoP-RF;69.10
k141_388281,RS_GCF_000698145.1,d__Bacteria;p__Bacillota;c__Bacilli;o__Bacillales_H;f__Marinococcaceae;g__Geomicrobium_A;s__Geomicrobium_A sp000698145,iPHoP-RF,92.40,None
k141_388281,GB_GCA_012970285.1,d__Bacteria;p__Bacillota;c__Bacilli;o__Bacillales_H;f__Marinococcaceae;g__Geomicrobium_A;s__Geomicrobium_A sp012970285,iPHoP-RF,90.50,None
k141_388281,RS_GCF_016908595.1,d__Bacteria;p__Bacillota;c__Bacilli;o__Bacillales_H;f__Marinococcaceae;g__Geomicrobium_A;s__Geomicrobium_A sediminis,iPHoP-RF,90.50,None
k141_406170,GB_GCA_945861075.1,d__Bacteria;p__Verrucomicrobiota;c__Verrucomicrobiae;o__Pedosphaerales;f__UBA9464;g__SXXZ01;s__SXXZ01 sp945861075,blast,93.20,None
k141_408060|provirus_2_9573,GB_GCA_003510215.1,d__Bacteria;p__Bacillota;c__Bacilli;o__Erysipelotrichales;f__Erysipelotrichaceae;g__UBA2227;s__UBA2227 sp003510215,iPHoP-RF,94.10,None
k141_408060|provirus_2_9573,GB_GCA_018401215.1,d__Bacteria;p__Bacillota;c__Bacilli;o__MAG-NZ;f__MAG-NZ;g__M30B81;s__M30B81 sp018401215,iPHoP-RF,94.10,None
k141_409710,GB_GCA_003281085.1,d__Bacteria;p__Actinomycetota;c__Acidimicrobiia;o__Actinomarinales;f__Actinomarinaceae;g__Actinomarina;s__Actinomarina sp003281085,iPHoP-RF,93.70,None
k141_409710,GB_GCA_902596545.1,d__Bacteria;p__Actinomycetota;c__Acidimicrobiia;o__Actinomarinales;f__Actinomarinaceae;g__Actinomarina;s__Actinomarina sp902596545,iPHoP-RF,92.40,None
k141_409710,GB_GCA_003213165.1,d__Bacteria;p__Actinomycetota;c__Acidimicrobiia;o__Actinomarinales;f__Actinomarinaceae;g__Actinomarina;s__Actinomarina sp003213165,iPHoP-RF,91.80,None
k141_409710,GB_GCA_902519215.1,d__Bacteria;p__Actinomycetota;c__Acidimicrobiia;o__Actinomarinales;f__Actinomarinaceae;g__Actinomarina;s__Actinomarina sp902519215,iPHoP-RF,90.80,None
k141_409710,GB_GCA_902521955.1,d__Bacteria;p__Actinomycetota;c__Acidimicrobiia;o__Actinomarinales;f__Actinomarinaceae;g__Actinomarina;s__Actinomarina sp902521955,iPHoP-RF,90.80,None
k141_422941,GB_GCA_010027825.1,d__Bacteria;p__Dependentiae;c__Babeliae;o__Babeliales;f__RVW-14;g__CAIKAH01;s__CAIKAH01 sp010027825,blast,91.10,iPHoP-RF;64.50
k141_438642,GB_GCA_004195325.1,d__Bacteria;p__Bacillota;c__Bacilli;o__Izemoplasmatales;f__Izemoplasmataceae;g__Izemoplasma;s__Izemoplasma sp004195325,iPHoP-RF,95.70,None
k141_438642,GB_GCA_016936415.1,d__Bacteria;p__Bacillota;c__Bacilli;o__Izemoplasmatales;f__Izemoplasmataceae;g__JAFGXW01;s__JAFGXW01 sp016936415,iPHoP-RF,95.70,None
k141_438642,RS_GCF_001434275.1,d__Bacteria;p__Bacillota;c__Bacilli;o__Lactobacillales;f__Lactobacillaceae;g__Companilactobacillus;s__Companilactobacillus mindensis,iPHoP-RF,94.40,None
k141_438642,RS_GCF_000831645.3,d__Bacteria;p__Bacillota;c__Bacilli;o__Lactobacillales;f__Lactobacillaceae;g__Companilactobacillus;s__Companilactobacillus heilongjiangensis,iPHoP-RF,94.10,None
k141_438642,RS_GCF_001971585.1,d__Bacteria;p__Bacillota;c__Bacilli;o__Lactobacillales;f__Lactobacillaceae;g__Companilactobacillus;s__Companilactobacillus allii,iPHoP-RF,92.80,None
k141_438642,RS_GCF_003946625.1,d__Bacteria;p__Bacillota;c__Bacilli;o__Lactobacillales;f__Lactobacillaceae;g__Companilactobacillus;s__Companilactobacillus kedongensis,iPHoP-RF,90.80,None
k141_438642,RS_GCF_003946575.1,d__Bacteria;p__Bacillota;c__Bacilli;o__Lactobacillales;f__Lactobacillaceae;g__Companilactobacillus;s__Companilactobacillus jidongensis,iPHoP-RF,90.50,None
k141_438642,RS_GCF_003946555.1,d__Bacteria;p__Bacillota;c__Bacilli;o__Lactobacillales;f__Lactobacillaceae;g__Companilactobacillus;s__Companilactobacillus hulinensis,iPHoP-RF,90.10,None
k141_443924,GB_GCA_017539905.1,d__Bacteria;p__Bacillota_A;c__Clostridia;o__TANB77;f__UBA1234;g__RGIG6105;s__RGIG6105 sp017539905,iPHoP-RF,91.40,None
k141_444561,GB_GCA_002720535.1,d__Bacteria;p__Pseudomonadota;c__Alphaproteobacteria;o__TMED109;f__TMED109;g__TMED109;s__TMED109 sp002720535,blast,93.40,iPHoP-RF;66.30
k141_446961,RS_GCF_900243075.1,d__Bacteria;p__Bacillota_A;c__Clostridia;o__Peptostreptococcales;f__Peptostreptococcaceae;g__Clostridioides;s__Clostridioides difficile_D,CRISPR,98.90,None
k141_451807,GB_GCA_016874685.1,d__Archaea;p__Methanobacteriota;c__Methanobacteria;o__Methanobacteriales;f__Methanobacteriaceae;g__VGTM01;s__VGTM01 sp016874685,blast,91.40,iPHoP-RF;72.60
k141_453927,GB_GCA_009919265.1,d__Bacteria;p__Bacteroidota;c__Kapabacteria;o__Kapabacteriales;f__UBA961;g__UBA961;s__UBA961 sp009919265,blast,91.60,None
k141_45912,GB_GCA_019873645.1,d__Bacteria;p__Chloroflexota;c__Anaerolineae;o__B4-G1;f__SLSP01;g__DSWT01;s__DSWT01 sp019873645,iPHoP-RF,91.10,None
k141_474921,GB_GCA_903895845.1,d__Bacteria;p__Bacteroidota;c__Bacteroidia;o__Chitinophagales;f__Chitinophagaceae;g__JAAFHG01;s__JAAFHG01 sp903895845,iPHoP-RF,95.10,blast;91.80
k141_494977,GB_GCA_903899865.1,d__Bacteria;p__Bacteroidota;c__Bacteroidia;o__Bacteroidales;f__Paludibacteraceae;g__Paludibacter;s__Paludibacter sp903899865,blast,91.50,iPHoP-RF;76.10
k141_50685,GB_GCA_903954045.1,d__Bacteria;p__Pseudomonadota;c__Gammaproteobacteria;o__Burkholderiales;f__Burkholderiaceae_B;g__Rhodoferax_C;s__Rhodoferax_C sp903954045,iPHoP-RF,90.80,None
k141_512422,RS_GCF_003350545.1,d__Bacteria;p__Bacteroidota;c__Bacteroidia;o__Flavobacteriales;f__Flavobacteriaceae;g__Flavobacterium;s__Flavobacterium glaciei,iPHoP-RF,93.10,None
k141_512422,RS_GCF_008806775.1,d__Bacteria;p__Bacteroidota;c__Bacteroidia;o__Flavobacteriales;f__Flavobacteriaceae;g__Flavobacterium;s__Flavobacterium luteum,iPHoP-RF,92.10,None
k141_51471,RS_GCF_007997295.1,d__Bacteria;p__Bacteroidota;c__Bacteroidia;o__Flavobacteriales;f__Flavobacteriaceae;g__Gillisia;s__Gillisia hiemivivida,iPHoP-RF,90.10,None
k141_515359,GB_GCA_017941705.1,d__Bacteria;p__Actinomycetota;c__Coriobacteriia;o__Coriobacteriales;f__Atopobiaceae;g__UBA1367;s__UBA1367 sp017941705,iPHoP-RF,90.80,None
k141_516537,RS_GCF_000338875.1,d__Bacteria;p__Pseudomonadota;c__Gammaproteobacteria;o__Enterobacterales_A;f__Vibrionaceae;g__Vibrio;s__Vibrio mimicus,iPHoP-RF,91.40,None
k141_516537,RS_GCF_009665255.1,d__Bacteria;p__Pseudomonadota;c__Gammaproteobacteria;o__Enterobacterales_A;f__Vibrionaceae;g__Vibrio;s__Vibrio metoecus_B,iPHoP-RF,91.10,None
k141_516537,RS_GCF_000696385.1,d__Bacteria;p__Pseudomonadota;c__Gammaproteobacteria;o__Enterobacterales_A;f__Vibrionaceae;g__Vibrio;s__Vibrio metoecus,iPHoP-RF,90.50,None
k141_518882,GB_GCA_903953815.1,d__Bacteria;p__Bacteroidota;c__Bacteroidia;o__Chitinophagales;f__Chitinophagaceae;g__Sediminibacterium;s__Sediminibacterium sp903953815,blast,91.70,iPHoP-RF;74.80
k141_519733,GB_GCA_003695625.1,d__Bacteria;p__Acidobacteriota;c__Polarisedimenticolia;o__J045;f__J045;g__J065;s__J065 sp003695625,blast,92.00,None
k141_522889,GB_GCA_903873945.1,d__Bacteria;p__Verrucomicrobiota;c__Verrucomicrobiae;o__Pedosphaerales;f__UBA8199;g__CAIQQM01;s__CAIQQM01 sp903873945,blast,91.90,None
k141_544441,RS_GCF_003259835.1,d__Bacteria;p__Bacteroidota;c__Bacteroidia;o__Flavobacteriales;f__Flavobacteriaceae;g__Flavobacterium;s__Flavobacterium aquaticum,iPHoP-RF,91.40,None
k141_552194,RS_GCF_001953355.1,d__Bacteria;p__Pseudomonadota;c__Gammaproteobacteria;o__Burkholderiales;f__Burkholderiaceae;g__Polynucleobacter;s__Polynucleobacter sphagniphilus,blast,93.00,iPHoP-RF;82.50
k141_556433,RS_GCF_001074155.1,d__Bacteria;p__Bacillota;c__Bacilli;o__Lactobacillales;f__Streptococcaceae;g__Streptococcus;s__Streptococcus pseudopneumoniae_A,iPHoP-RF,90.50,None
k141_56859,GB_GCA_018608625.1,d__Bacteria;p__Bacteroidota;c__Bacteroidia;o__Flavobacteriales;f__Flavobacteriaceae;g__Hel1-33-131;s__Hel1-33-131 sp018608625,iPHoP-RF,95.40,None
k141_56859,GB_GCA_003712105.1,d__Bacteria;p__Bacteroidota;c__Bacteroidia;o__Flavobacteriales;f__Flavobacteriaceae;g__Winogradskyella;s__Winogradskyella sp003712105,iPHoP-RF,95.10,None
k141_56859,GB_GCA_905181825.1,d__Bacteria;p__Bacteroidota;c__Bacteroidia;o__Flavobacteriales;f__Flavobacteriaceae;g__Hel1-33-131;s__Hel1-33-131 sp905181825,iPHoP-RF,95.10,None
k141_56859,RS_GCF_021032705.1,d__Bacteria;p__Bacteroidota;c__Bacteroidia;o__Flavobacteriales;f__Flavobacteriaceae;g__Psychroserpens;s__Psychroserpens sp021032705,iPHoP-RF,94.10,None
k141_56859,GB_GCA_913052445.1,d__Bacteria;p__Bacteroidota;c__Bacteroidia;o__Flavobacteriales;f__Flavobacteriaceae;g__Hel1-33-131;s__Hel1-33-131 sp913052445,iPHoP-RF,93.40,None
k141_56859,RS_GCF_016827605.1,d__Bacteria;p__Bacteroidota;c__Bacteroidia;o__Flavobacteriales;f__Flavobacteriaceae;g__Jejuia;s__Jejuia ulvae,iPHoP-RF,92.80,None
k141_56859,GB_GCA_018608735.1,d__Bacteria;p__Bacteroidota;c__Bacteroidia;o__Flavobacteriales;f__Flavobacteriaceae;g__Hel1-33-131;s__Hel1-33-131 sp018608735,iPHoP-RF,92.10,None
k141_56859,RS_GCF_004310335.1,d__Bacteria;p__Bacteroidota;c__Bacteroidia;o__Flavobacteriales;f__Flavobacteriaceae;g__Jejuia;s__Jejuia pacifica,iPHoP-RF,91.40,None
k141_570675,GB_GCA_014190035.1,d__Bacteria;p__Actinomycetota;c__Actinomycetia;o__Nanopelagicales;f__UBA5976;g__ATZT02;s__ATZT02 sp014190035,blast,91.10,iPHoP-RF;59.50
k141_575634,GB_GCA_903895845.1,d__Bacteria;p__Bacteroidota;c__Bacteroidia;o__Chitinophagales;f__Chitinophagaceae;g__JAAFHG01;s__JAAFHG01 sp903895845,blast,96.60,iPHoP-RF;77.10
k141_590733,GB_GCA_013003655.1,d__Bacteria;p__Bacteroidota;c__Bacteroidia;o__Flavobacteriales;f__Flavobacteriaceae;g__Winogradskyella;s__Winogradskyella sp013003655,iPHoP-RF,91.40,None
k141_591843,GB_GCA_005788815.1,d__Bacteria;p__Actinomycetota;c__Acidimicrobiia;o__Acidimicrobiales;f__Ilumatobacteraceae;g__UBA2093;s__UBA2093 sp005788815,iPHoP-RF,92.10,None
k141_612534,RS_GCF_000607165.1,d__Bacteria;p__Pseudomonadota;c__Gammaproteobacteria;o__Burkholderiales;f__Burkholderiaceae;g__Ralstonia;s__Ralstonia pickettii_A,iPHoP-RF,95.10,None
k141_612534,RS_GCF_021173085.1,d__Bacteria;p__Pseudomonadota;c__Gammaproteobacteria;o__Burkholderiales;f__Burkholderiaceae;g__Ralstonia;s__Ralstonia sp021173085,iPHoP-RF,95.10,None
k141_612534,RS_GCF_900115545.1,d__Bacteria;p__Pseudomonadota;c__Gammaproteobacteria;o__Burkholderiales;f__Burkholderiaceae;g__Ralstonia;s__Ralstonia sp900115545,iPHoP-RF,95.10,None
k141_612534,RS_GCF_016466415.2,d__Bacteria;p__Pseudomonadota;c__Gammaproteobacteria;o__Burkholderiales;f__Burkholderiaceae;g__Ralstonia;s__Ralstonia pickettii,iPHoP-RF,94.40,None
k141_612534,GB_GCA_000955795.1,d__Bacteria;p__Pseudomonadota;c__Gammaproteobacteria;o__Burkholderiales;f__Burkholderiaceae;g__Ralstonia;s__Ralstonia sp000955795,iPHoP-RF,94.10,None
k141_612534,RS_GCF_001699815.1,d__Bacteria;p__Pseudomonadota;c__Gammaproteobacteria;o__Burkholderiales;f__Burkholderiaceae;g__Ralstonia;s__Ralstonia pickettii_B,iPHoP-RF,93.40,None
k141_612534,RS_GCF_003851545.1,d__Bacteria;p__Pseudomonadota;c__Gammaproteobacteria;o__Burkholderiales;f__Burkholderiaceae;g__Ralstonia;s__Ralstonia sp003851545,iPHoP-RF,93.40,None
k141_618440,RS_GCF_003576525.1,d__Bacteria;p__Bacillota;c__Bacilli;o__Bacillales;f__Planococcaceae;g__Rummeliibacillus;s__Rummeliibacillus sp003576525,iPHoP-RF,91.10,None
k141_621987,GB_GCA_945860425.1,d__Bacteria;p__Pseudomonadota;c__Alphaproteobacteria;o__Sphingomonadales;f__Sphingomonadaceae;g__Aquisediminimonas;s__Aquisediminimonas paucimobilis_A,blast,95.60,iPHoP-RF;72.60
k141_627717,GB_GCA_020426105.1,d__Bacteria;p__Planctomycetota;c__Planctomycetia;o__Planctomycetales;f__Planctomycetaceae;g__SXXK01;s__SXXK01 sp020426105,iPHoP-RF,92.80,None
k141_627717,GB_GCA_024743355.1,d__Bacteria;p__Planctomycetota;c__Planctomycetia;o__Pirellulales;f__Pirellulaceae;g__Aureliella;s__Aureliella sp024743355,iPHoP-RF,92.10,None
k141_627717,GB_GCA_903921605.1,d__Bacteria;p__Planctomycetota;c__Planctomycetia;o__Planctomycetales;f__Planctomycetaceae;g__SXXK01;s__SXXK01 sp903921605,iPHoP-RF,91.10,None
k141_629358,GB_GCA_018699075.1,d__Bacteria;p__Pseudomonadota;c__Alphaproteobacteria;o__Sphingomonadales;f__Emcibacteraceae;g__Pseudemcibacter;s__Pseudemcibacter sp018699075,iPHoP-RF,90.80,None
k141_688459,GB_GCA_002686215.1,d__Archaea;p__Nanoarchaeota;c__Nanoarchaeia;o__UBA10117;f__ARS21;g__ARS21;s__ARS21 sp002686215,blast,91.40,None
k141_690053,GB_GCA_009924775.1,d__Bacteria;p__Pseudomonadota;c__Alphaproteobacteria;o__Rhodobacterales;f__Rhodobacteraceae;g__CAJXSO01;s__CAJXSO01 sp009924775,blast,95.60,iPHoP-RF;66.80
k141_697637,GB_GCA_019359245.1,d__Bacteria;p__Cyanobacteriota;c__Cyanobacteriia;o__Cyanobacteriales;f__Nostocaceae;g__Nostoc;s__Nostoc desertorum,iPHoP-RF,94.10,None
k141_697637,GB_GCA_019359215.1,d__Bacteria;p__Cyanobacteriota;c__Cyanobacteriia;o__Cyanobacteriales;f__Nostocaceae;g__Nostoc;s__Nostoc indistinguendum,iPHoP-RF,93.40,None
k141_697637,RS_GCF_014698795.1,d__Bacteria;p__Cyanobacteriota;c__Cyanobacteriia;o__Cyanobacteriales;f__Nostocaceae;g__Nostoc;s__Nostoc sp014698795,iPHoP-RF,90.80,None
k141_700783,GB_GCA_001627925.1,d__Bacteria;p__Pseudomonadota;c__Alphaproteobacteria;o__Rhodobacterales;f__Rhodobacteraceae;g__MED-G52;s__MED-G52 sp001627925,iPHoP-RF,91.40,None
k141_700783,GB_GCA_002457055.1,d__Bacteria;p__Pseudomonadota;c__Alphaproteobacteria;o__Rhodobacterales;f__Rhodobacteraceae;g__MED-G52;s__MED-G52 sp002457055,iPHoP-RF,91.40,None
k141_700783,GB_GCA_002682975.1,d__Bacteria;p__Pseudomonadota;c__Alphaproteobacteria;o__Rhodobacterales;f__Rhodobacteraceae;g__MED-G52;s__MED-G52 sp002682975,iPHoP-RF,90.50,None
k141_700783,GB_GCA_002711145.1,d__Bacteria;p__Pseudomonadota;c__Alphaproteobacteria;o__Rhodobacterales;f__Rhodobacteraceae;g__MED-G52;s__MED-G52 sp002711145,iPHoP-RF,90.50,None
k141_713176,GB_GCA_010021145.1,d__Bacteria;p__Pseudomonadota;c__Alphaproteobacteria;o__Pelagibacterales;f__Pelagibacteraceae;g__Fonsibacter;s__Fonsibacter lacus,blast,91.20,None
k141_717357,RS_GCF_001625595.1,d__Bacteria;p__Pseudomonadota;c__Gammaproteobacteria;o__Enterobacterales_A;f__Alteromonadaceae;g__Pseudoalteromonas;s__Pseudoalteromonas luteoviolacea_A,iPHoP-RF,93.40,None
k141_717357,RS_GCF_021530565.1,d__Bacteria;p__Pseudomonadota;c__Gammaproteobacteria;o__Enterobacterales_A;f__Alteromonadaceae;g__Pseudoalteromonas;s__Pseudoalteromonas sp021530565,iPHoP-RF,93.10,None
k141_717357,RS_GCF_001750165.1,d__Bacteria;p__Pseudomonadota;c__Gammaproteobacteria;o__Enterobacterales_A;f__Alteromonadaceae;g__Pseudoalteromonas;s__Pseudoalteromonas luteoviolacea_G,iPHoP-RF,92.40,None
k141_717357,RS_GCF_000814765.1,d__Bacteria;p__Pseudomonadota;c__Gammaproteobacteria;o__Enterobacterales_A;f__Alteromonadaceae;g__Pseudoalteromonas;s__Pseudoalteromonas luteoviolacea_H,iPHoP-RF,91.80,None
k141_717357,RS_GCF_001625695.1,d__Bacteria;p__Pseudomonadota;c__Gammaproteobacteria;o__Enterobacterales_A;f__Alteromonadaceae;g__Pseudoalteromonas;s__Pseudoalteromonas luteoviolacea_B,iPHoP-RF,91.80,None
k141_717357,RS_GCF_021654285.1,d__Bacteria;p__Pseudomonadota;c__Gammaproteobacteria;o__Enterobacterales_A;f__Alteromonadaceae;g__Pseudoalteromonas;s__Pseudoalteromonas luteoviolacea_J,iPHoP-RF,91.80,None
k141_717357,RS_GCF_001696455.1,d__Bacteria;p__Pseudomonadota;c__Gammaproteobacteria;o__Enterobacterales_A;f__Alteromonadaceae;g__Pseudoalteromonas;s__Pseudoalteromonas luteoviolacea_C,iPHoP-RF,90.80,None
k141_727213,GB_GCA_014238125.1,d__Bacteria;p__Planctomycetota;c__Phycisphaerae;o__Phycisphaerales;f__SM1A02;g__GCA-002718515;s__GCA-002718515 sp014238125,iPHoP-RF,93.70,None
k141_727213,GB_GCA_913046275.1,d__Bacteria;p__Planctomycetota;c__Phycisphaerae;o__Phycisphaerales;f__SM1A02;g__GCA-002718515;s__GCA-002718515 sp913046275,iPHoP-RF,93.70,None
k141_727213,GB_GCA_012965315.1,d__Bacteria;p__Planctomycetota;c__Phycisphaerae;o__Phycisphaerales;f__SM1A02;g__GCA-002718515;s__GCA-002718515 sp012965315,iPHoP-RF,93.40,None
k141_727213,GB_GCA_018656645.1,d__Bacteria;p__Planctomycetota;c__Phycisphaerae;o__Phycisphaerales;f__SM1A02;g__GCA-002718515;s__GCA-002718515 sp018656645,iPHoP-RF,92.80,None
k141_727213,GB_GCA_018701395.1,d__Bacteria;p__Planctomycetota;c__Phycisphaerae;o__Phycisphaerales;f__SM1A02;g__GCA-002718515;s__GCA-002718515 sp018701395,iPHoP-RF,92.40,None
k141_727213,GB_GCA_018665385.1,d__Bacteria;p__Planctomycetota;c__Phycisphaerae;o__Phycisphaerales;f__SM1A02;g__GCA-002718515;s__GCA-002718515 sp018665385,iPHoP-RF,92.10,None
k141_741952,GB_GCA_005790605.1,d__Bacteria;p__Planctomycetota;c__Phycisphaerae;o__Phycisphaerales;f__SM1A02;g__F1-140-MAGs142;s__F1-140-MAGs142 sp005790605,blast,91.70,iPHoP-RF;80.30
k141_743787,GB_GCA_900760745.1,d__Bacteria;p__Bacillota;c__Bacilli;o__ML615J-28;f__CAG-313;g__CAG-313;s__CAG-313 sp900760745,iPHoP-RF,92.40,None
k141_76912,GB_GCA_016719405.1,d__Bacteria;p__Pseudomonadota;c__Gammaproteobacteria;o__Burkholderiales;f__Burkholderiaceae_B;g__Rhodoferax_C;s__Rhodoferax_C sp016719405,iPHoP-RF,93.70,None
k141_76912,RS_GCF_018619435.1,d__Bacteria;p__Pseudomonadota;c__Gammaproteobacteria;o__Burkholderiales;f__Burkholderiaceae_B;g__Rhodoferax;s__Rhodoferax sp018619435,iPHoP-RF,93.40,None
k141_76912,GB_GCA_017848435.1,d__Bacteria;p__Pseudomonadota;c__Gammaproteobacteria;o__Burkholderiales;f__Burkholderiaceae_B;g__PCRC01;s__PCRC01 sp017848435,iPHoP-RF,93.10,None
k141_76912,RS_GCF_013416775.1,d__Bacteria;p__Pseudomonadota;c__Gammaproteobacteria;o__Burkholderiales;f__Burkholderiaceae_B;g__Rhodoferax;s__Rhodoferax sp013416775,iPHoP-RF,91.80,None
k141_76912,GB_GCA_002381045.1,d__Bacteria;p__Pseudomonadota;c__Gammaproteobacteria;o__Burkholderiales;f__Burkholderiaceae_B;g__Rhodoferax;s__Rhodoferax sp002381045,iPHoP-RF,91.40,None
k141_76912,RS_GCF_002017865.1,d__Bacteria;p__Pseudomonadota;c__Gammaproteobacteria;o__Burkholderiales;f__Burkholderiaceae_B;g__Rhodoferax;s__Rhodoferax fermentans,iPHoP-RF,90.80,None
k141_76912,GB_GCA_016705575.1,d__Bacteria;p__Pseudomonadota;c__Gammaproteobacteria;o__Burkholderiales;f__Burkholderiaceae_B;g__Rhodoferax_C;s__Rhodoferax_C sp016705575,iPHoP-RF,90.50,None
k141_770081,GB_GCA_021399345.1,d__Archaea;p__Asgardarchaeota;c__Heimdallarchaeia;o__UBA460;f__UBA460;g__UBA460;s__UBA460 sp021399345,iPHoP-RF,90.10,None
k141_770081,GB_GCA_023139025.1,d__Archaea;p__Asgardarchaeota;c__Heimdallarchaeia;o__UBA460;f__UBA460;g__UBA460;s__UBA460 sp023139025,iPHoP-RF,90.10,None
k141_797136,GB_GCA_024635715.1,d__Bacteria;p__Bacteroidota;c__Bacteroidia;o__Flavobacteriales;f__Flavobacteriaceae;g__Gillisia;s__Gillisia sp024635715,iPHoP-RF,91.80,None
k141_797136,RS_GCF_007997295.1,d__Bacteria;p__Bacteroidota;c__Bacteroidia;o__Flavobacteriales;f__Flavobacteriaceae;g__Gillisia;s__Gillisia hiemivivida,iPHoP-RF,91.80,None
k141_819241,GB_GCA_945860085.1,d__Bacteria;p__Cyanobacteriota;c__Cyanobacteriia;o__PCC-6307;f__Cyanobiaceae;g__BAIKAL-G1;s__BAIKAL-G1 sp945860085,blast,91.40,iPHoP-RF;66.80
k141_865663,RS_GCF_000423645.1,d__Bacteria;p__Pseudomonadota;c__Alphaproteobacteria;o__Rhodobacterales;f__Rhodobacteraceae;g__Sediminimonas;s__Sediminimonas qiaohouensis,iPHoP-RF,95.40,None
k141_865663,RS_GCF_002105285.1,d__Bacteria;p__Pseudomonadota;c__Alphaproteobacteria;o__Rhodobacterales;f__Rhodobacteraceae;g__Planktotalea;s__Planktotalea arctica,iPHoP-RF,95.40,None
k141_865663,RS_GCF_000812665.2,d__Bacteria;p__Pseudomonadota;c__Alphaproteobacteria;o__Rhodobacterales;f__Rhodobacteraceae;g__Falsihalocynthiibacter;s__Falsihalocynthiibacter arcticus,iPHoP-RF,93.70,None
k141_865663,RS_GCF_900172375.1,d__Bacteria;p__Pseudomonadota;c__Alphaproteobacteria;o__Rhodobacterales;f__Rhodobacteraceae;g__Aquimixticola;s__Aquimixticola soesokkakensis,iPHoP-RF,91.80,None
k141_877733,RS_GCF_014279975.1,d__Bacteria;p__Cyanobacteriota;c__Cyanobacteriia;o__PCC-6307;f__Cyanobiaceae;g__Synechococcus_C;s__Synechococcus_C sp014279975,iPHoP-RF,94.10,None
k141_877733,GB_GCA_003210775.1,d__Bacteria;p__Cyanobacteriota;c__Cyanobacteriia;o__PCC-6307;f__Cyanobiaceae;g__Synechococcus_C;s__Synechococcus_C sp003210775,iPHoP-RF,93.70,None
k141_877733,RS_GCF_900473965.1,d__Bacteria;p__Cyanobacteriota;c__Cyanobacteriia;o__PCC-6307;f__Cyanobiaceae;g__Synechococcus_C;s__Synechococcus_C sp900473965,iPHoP-RF,93.70,None
k141_877733,GB_GCA_003211275.1,d__Bacteria;p__Cyanobacteriota;c__Cyanobacteriia;o__PCC-6307;f__Cyanobiaceae;g__Synechococcus_C;s__Synechococcus_C sp003209155,iPHoP-RF,92.80,None
k141_877733,RS_GCF_014279995.1,d__Bacteria;p__Cyanobacteriota;c__Cyanobacteriia;o__PCC-6307;f__Cyanobiaceae;g__Synechococcus_C;s__Synechococcus_C sp001631935,iPHoP-RF,92.40,None
k141_877733,RS_GCF_014280035.1,d__Bacteria;p__Cyanobacteriota;c__Cyanobacteriia;o__PCC-6307;f__Cyanobiaceae;g__Synechococcus_C;s__Synechococcus_C sp002693285,iPHoP-RF,91.10,None
k141_877733,RS_GCF_014279815.1,d__Bacteria;p__Cyanobacteriota;c__Cyanobacteriia;o__PCC-6307;f__Cyanobiaceae;g__Synechococcus_C;s__Synechococcus_C sp014279815,iPHoP-RF,90.50,None
k141_877733,RS_GCF_014279875.1,d__Bacteria;p__Cyanobacteriota;c__Cyanobacteriia;o__PCC-6307;f__Cyanobiaceae;g__Synechococcus_C;s__Synechococcus_C sp002172935,iPHoP-RF,90.10,None
k141_913297,RS_GCF_012516395.1,d__Bacteria;p__Cyanobacteriota;c__Cyanobacteriia;o__Cyanobacteriales;f__Nostocaceae;g__Dolichospermum;s__Dolichospermum sp000312705,blast,95.60,iPHoP-RF;75.90
k141_915109,RS_GCF_011039205.1,d__Bacteria;p__Bacteroidota;c__Bacteroidia;o__Bacteroidales;f__Dysgonomonadaceae;g__Dysgonomonas;s__Dysgonomonas sp011039205,iPHoP-RF,90.80,None
k141_918683,RS_GCF_010731755.1,d__Bacteria;p__Actinomycetota;c__Actinomycetia;o__Mycobacteriales;f__Mycobacteriaceae;g__Mycobacterium;s__Mycobacterium minnesotense,iPHoP-RF,91.40,None
k141_918683,GB_GCA_009926195.1,d__Bacteria;p__Cyanobacteriota;c__Cyanobacteriia;o__PCC-6307;f__Cyanobiaceae;g__Vulcanococcus;s__Vulcanococcus sp009926195,iPHoP-RF,90.80,None
k141_918683,RS_GCF_018278905.1,d__Bacteria;p__Actinomycetota;c__Actinomycetia;o__Mycobacteriales;f__Mycobacteriaceae;g__Mycobacterium;s__Mycobacterium spongiae,iPHoP-RF,90.50,None
k141_92774,GB_GCA_009919265.1,d__Bacteria;p__Bacteroidota;c__Kapabacteria;o__Kapabacteriales;f__UBA961;g__UBA961;s__UBA961 sp009919265,blast,94.40,None
k141_931825,GB_GCA_009919265.1,d__Bacteria;p__Bacteroidota;c__Kapabacteria;o__Kapabacteriales;f__UBA961;g__UBA961;s__UBA961 sp009919265,blast,92.10,None
k141_931825,GB_GCA_009924895.1,d__Bacteria;p__Patescibacteria;c__Paceibacteria;o__UBA9983_A;f__UBA2100;g__UBA10103;s__UBA10103 sp009924895,blast,90.80,None
k141_940617,GB_GCA_010021145.1,d__Bacteria;p__Pseudomonadota;c__Alphaproteobacteria;o__Pelagibacterales;f__Pelagibacteraceae;g__Fonsibacter;s__Fonsibacter lacus,blast,91.30,None
k141_959371,RS_GCF_900106075.1,d__Bacteria;p__Bacteroidota;c__Bacteroidia;o__Flavobacteriales;f__Flavobacteriaceae;g__Polaribacter;s__Polaribacter sp900106075,iPHoP-RF,95.70,None
k141_959371,RS_GCF_019968605.1,d__Bacteria;p__Bacteroidota;c__Bacteroidia;o__Flavobacteriales;f__Flavobacteriaceae;g__Polaribacter;s__Polaribacter litorisediminis,iPHoP-RF,95.10,None
k141_959371,RS_GCF_002943715.1,d__Bacteria;p__Bacteroidota;c__Bacteroidia;o__Flavobacteriales;f__Flavobacteriaceae;g__Polaribacter;s__Polaribacter filamentus,iPHoP-RF,94.70,None
k141_959371,RS_GCF_019278525.1,d__Bacteria;p__Bacteroidota;c__Bacteroidia;o__Flavobacteriales;f__Flavobacteriaceae;g__Polaribacter;s__Polaribacter sp019278525,iPHoP-RF,94.70,None
k141_959371,GB_GCA_000981625.1,d__Bacteria;p__Bacteroidota;c__Bacteroidia;o__Flavobacteriales;f__Flavobacteriaceae;g__Polaribacter;s__Polaribacter sp000981625,iPHoP-RF,94.40,None
k141_959371,RS_GCF_002814075.1,d__Bacteria;p__Bacteroidota;c__Bacteroidia;o__Flavobacteriales;f__Flavobacteriaceae;g__Polaribacter;s__Polaribacter sejongensis,iPHoP-RF,93.10,None
k141_959371,RS_GCF_001975665.1,d__Bacteria;p__Bacteroidota;c__Bacteroidia;o__Flavobacteriales;f__Flavobacteriaceae;g__Polaribacter;s__Polaribacter reichenbachii,iPHoP-RF,90.80,None
k141_967407,GB_GCA_016650175.1,d__Bacteria;p__Bacillota_A;c__Clostridia;o__Peptostreptococcales;f__Anaerovoracaceae;g__JAAYHV01;s__JAAYHV01 sp016650175,iPHoP-RF,95.70,None
k141_997913,RS_GCF_001699815.1,d__Bacteria;p__Pseudomonadota;c__Gammaproteobacteria;o__Burkholderiales;f__Burkholderiaceae;g__Ralstonia;s__Ralstonia pickettii_B,iPHoP-RF,91.40,None
k141_997913,RS_GCF_003851545.1,d__Bacteria;p__Pseudomonadota;c__Gammaproteobacteria;o__Burkholderiales;f__Burkholderiaceae;g__Ralstonia;s__Ralstonia sp003851545,iPHoP-RF,91.40,None
k141_997913,GB_GCA_000955795.1,d__Bacteria;p__Pseudomonadota;c__Gammaproteobacteria;o__Burkholderiales;f__Burkholderiaceae;g__Ralstonia;s__Ralstonia sp000955795,iPHoP-RF,91.10,None
k141_997913,RS_GCF_000607165.1,d__Bacteria;p__Pseudomonadota;c__Gammaproteobacteria;o__Burkholderiales;f__Burkholderiaceae;g__Ralstonia;s__Ralstonia pickettii_A,iPHoP-RF,90.50,None
k141_997913,RS_GCF_021173085.1,d__Bacteria;p__Pseudomonadota;c__Gammaproteobacteria;o__Burkholderiales;f__Burkholderiaceae;g__Ralstonia;s__Ralstonia sp021173085,iPHoP-RF,90.50,None
k141_997913,RS_GCF_900115545.1,d__Bacteria;p__Pseudomonadota;c__Gammaproteobacteria;o__Burkholderiales;f__Burkholderiaceae;g__Ralstonia;s__Ralstonia sp900115545,iPHoP-RF,90.50,None
