Contig	Malaren_B.sorted RPKM
k141_370247	61.54308
k141_1356603	46.243725
k141_1356954	40.71959
k141_1788877	66.274506
k141_1603307	70.061935
k141_125923	44.509254
k141_67122	61.373543
k141_1793246	161.69017
k141_625236	56.25295
k141_378936	78.28054
k141_504462	134.66815
k141_381163	39.445103
k141_135550	26.269545
k141_74964	68.994446
k141_995697	34.706017
k141_811544	55.55413
k141_1494747	46.275192
k141_629358	42.369823
k141_13945	77.18987
k141_1061274	58.668762
k141_1061487	59.032932
k141_1617563	66.25032
k141_571271	327.8256
k141_756901	117.10444
k141_882060	45.454475
k141_1067885	58.16103
k141_819963	35.591885
k141_1316747	30.96281
k141_700233	56.59099
k141_1507288	118.76311
k141_150171	52.955894
k141_703154	43.649513
k141_1813750	60.62517
k141_93415	106.83917
k141_826438	49.867973
k141_1696554	142.1373
k141_585723	49.077923
k141_155813	35.3278
k141_1940297	39.821644
k141_402422	41.915257
k141_1940703	56.887638
k141_280084	92.0982
k141_1396124	57.937767
k141_1451979	40.42487
k141_962032	65.00614
k141_1706224	35.410347
k141_1885087	28.363953
k141_1763488	33.104145
k141_164355	49.240017
k141_716104	44.58251
k141_105619	54.0821
k141_781386	36.75593
k141_1708889	50.936558
k141_1525620	78.94473
k141_659790	37.464584
k141_1767220	121.437675
k141_108204	78.59393
k141_838812	54.94721
k141_1768419	43.462803
k141_1527386	90.52388
k141_1649874	51.733994
k141_1217416	45.661915
k141_786002	46.83657
k141_1770164	35.222347
k141_1587497	73.6647
k141_605860	46.05748
k141_1590937	107.41026
k141_1960971	63.38182
k141_673082	65.702415
k141_915681	32.77618
k141_1229829	51.272198
k141_979538	42.23666
k141_854921	55.440144
k141_734956	51.635284
k141_919679	42.09827
k141_1044201	50.695034
k141_1244211|provirus_2_5560	47.424004
k141_408060|provirus_2_9573	174.48308
k141_1907349	33.191586
k141_307670	123.71835
k141_1784415	65.13959
k141_923081	41.720215
k141_1661418	61.41545
k141_246334	152.21974
k141_861674	61.276783
k141_1538487	46.25569
k141_430955	61.902477
k141_430964	88.30857
k141_492467	42.32946
k141_369498	73.78595
k141_615577	46.949577
k141_1292492	98.1947
k141_615601	61.737034
k141_861965	44.781097
k141_369616	48.229183
k141_431147	71.04009
k141_123469	24.419216
k141_615876	61.87
k141_1477505	47.769093
k141_1416009	91.5302
k141_1477635	61.212646
k141_1600756	76.380264
k141_1354637	38.881847
k141_1477814	40.290283
k141_1600947	40.14681
k141_431589	205.80876
k141_739296	103.76157
k141_1786050	61.315388
k141_739337	175.52457
k141_985635	48.25165
k141_493267	32.226006
k141_1847040	73.96533
k141_801069	65.17067
k141_493396	40.223255
k141_1416779	55.00013
k141_1724618	80.24945
k141_1847460	39.768253
k141_124431	155.41832
k141_370551	91.01257
k141_555355	183.52214
k141_739881	123.83379
k141_1048078	103.62464
k141_863369	98.246185
k141_309202	70.84849
k141_1355957	38.684727
k141_1171342	57.09692
k141_494061	279.52777
k141_1663371	41.289272
k141_1725164	89.11902
k141_1693	85.70467
k141_1232867	46.782406
k141_1540747	71.022705
k141_124847	41.590225
k141_432524	46.097748
k141_1479831	132.31268
k141_1479845	97.62311
k141_1171783	58.312523
k141_1540974	27.801462
k141_1540986	134.90083
k141_1602612	54.278957
k141_1048633	105.67683
k141_1541023	43.32383
k141_1417641	59.562473
k141_186546	50.867702
k141_1725840	44.76293
k141_679114	52.582832
k141_556064	49.813595
k141_740655	96.9881
k141_1480370	95.18213
k141_1664296	41.5403
k141_1664305	125.90275
k141_248886	35.732533
k141_186937	129.67332
k141_125513	173.09766
k141_64335	35.17053
k141_1664445	128.6333
k141_494977	89.28523
k141_556433	92.85015
k141_1480698	119.4245
k141_1110800	130.2875
k141_125697	51.246716
k141_1726305	35.9571
k141_1788992	26.788692
k141_1233862	54.1523
k141_1603525	71.897194
k141_1357308	52.420227
k141_618392	321.3593
k141_618440	39.99469
k141_1603651	67.59393
k141_1726698	192.07857
k141_187393	64.39114
k141_1111321	232.64246
k141_987684	160.60834
k141_1603744	44.775177
k141_802747	50.874474
k141_1603941	169.72417
k141_865026	313.91702
k141_1234405	90.469955
k141_1911587	48.585835
k141_1049996	176.65352
k141_865162	771.01
k141_741789	79.90644
k141_927131	112.6044
k141_1849966	98.79379
k141_1665421	60.28557
k141_1111504	38.807365
k141_187826	78.5117
k141_927224	58.52743
k141_1296366	46.83901
k141_3401	59.336292
k141_741887	49.07557
k141_618985	222.62653
k141_126644	30.219908
k141_741952	234.40599
k141_988286	74.73735
k141_927411	90.19098
k141_1050444	52.59819
k141_496413	79.12331
k141_188198	50.246914
k141_1419549	51.1057
k141_803278	34.718082
k141_1173939	111.87975
k141_1604401	53.337334
k141_1050592	234.47325
k141_865644	132.41925
k141_865663	65.4809
k141_927670	67.438126
k141_373114	154.23347
k141_865715	286.7466
k141_1235062	66.5947
k141_1850403	49.020752
k141_1543231	58.24716
k141_1790512	55.676884
k141_927809	50.42161
k141_865795	51.3393
k141_1850513	67.89778
k141_250503	55.32338
k141_1050839	60.346226
k141_1543280	65.25072
k141_865893	92.377945
k141_1174315	192.21721
k141_1912370	71.33367
k141_1051118	52.235863
k141_619758	98.39032
k141_250821	70.00607
k141_1358936	275.01904
k141_497205	60.86378
k141_434901	28.97684
k141_1666711	46.424835
k141_1851114	44.20356
k141_251141	65.679955
k141_1112827	49.90011
k141_1051584	57.52467
k141_66442	54.828182
k141_435140	223.40826
k141_1420435	45.21278
k141_804079	881.5168
k141_1483784	81.66267
k141_4682	48.414585
k141_312011	187.68073
k141_1235833	111.1021
k141_1297959	871.8588
k141_1175187	460.72894
k141_558782	56.701145
k141_1359965	78.67682
k141_866942	142.28171
k141_1113336	1124.2162
k141_1667322	147.97072
k141_1298239	359.50345
k141_559061	53.82192
k141_5173	45.440964
k141_1421050	38.47771
k141_128405	148.03423
k141_435838	103.4485
k141_1852019	172.54512
k141_1484597	68.56334
k141_252107	39.29827
k141_743787	174.95146
k141_1913387	60.986366
k141_1175911	307.11627
k141_867349	53.374405
k141_252210	81.770256
k141_1484827	69.46992
k141_929717	28.249922
k141_128670	63.842575
k141_1113836	41.718605
k141_374777	53.512314
k141_1176081	80.78741
k141_1053097	54.532963
k141_1360888	93.427864
k141_1485108	57.28721
k141_1545149	34.82716
k141_1485156	74.202934
k141_744111	52.6988
k141_1485161	402.39633
k141_1053219	76.712814
k141_1114086	109.62193
k141_1176286	109.39005
k141_867823	275.2412
k141_1485309	86.23333
k141_1236765	147.89705
k141_1852880	33.314922
k141_190820	50.084583
k141_1485640	205.77013
k141_990666	32.379234
k141_190925	78.60447
k141_1729962	68.76109
k141_621987	76.134514
k141_1485804	36.286236
k141_1853215	54.56469
k141_1668761	40.506535
k141_191062	53.376965
k141_1176998	38.051594
k141_6441	178.86624
k141_1114630	82.28648
k141_560257	75.47152
k141_375620	43.264027
k141_622212	114.97269
k141_1607759	66.99709
k141_1607795	71.72871
k141_1607802	89.889114
k141_805757	48.05066
k141_560515	38.917736
k141_1054098	39.14898
k141_1546108	38.795853
k141_129542	32.852524
k141_1177525	106.636665
k141_253367	97.067665
k141_1486521	39.846924
k141_930993	59.10572
k141_1486582	238.03894
k141_1054264	52.802803
k141_376175	52.656635
k141_499720	51.100998
k141_1730807	148.3446
k141_191772	67.96617
k141_130002	41.050274
k141_69174	103.61037
k141_931278	123.21838
k141_1238063	63.001022
k141_1115406	105.14133
k141_1177976	44.055508
k141_253639	93.910706
k141_560984	61.236443
k141_683464	36.600285
k141_931494	65.130066
k141_376476	83.678024
k141_1300459	75.43636
k141_69529	87.26229
k141_1793685	137.85307
k141_500125	37.72836
k141_806417	71.492134
k141_130468	55.497437
k141_1300622	59.107452
k141_1487528	59.153572
k141_931825	33.173046
k141_1854657	105.99086
k141_1547160	67.38091
k141_1793965	44.953228
k141_500450	48.21217
k141_1731578	91.33203
k141_1731585	47.25441
k141_1178859	148.4512
k141_1238744	76.15633
k141_1731625	71.93798
k141_437956	35.50778
k141_1794189	48.72471
k141_1363250	46.98149
k141_1055439	31.424463
k141_1178983	141.40887
k141_377123	42.141895
k141_1055461	47.286285
k141_438122	57.300915
k141_746558	64.63038
k141_1488240	41.03425
k141_1179219	50.349335
k141_193035	42.371704
k141_1794485	44.47611
k141_70367	228.37457
k141_1363578	92.79405
k141_377396	39.828693
k141_1424213	77.894745
k141_193228	45.78852
k141_1670865	177.15201
k141_254813	54.153465
k141_501152	40.100327
k141_561952	51.33785
k141_1732151	34.182503
k141_1116641	63.963726
k141_1363836	76.098854
k141_684834	56.890484
k141_131621	44.294918
k141_70708	54.454502
k141_501508	48.555515
k141_1489201	75.99326
k141_315815	28.422747
k141_1856137	71.47018
k141_377969	46.337273
k141_1364346	46.29498
k141_562479	115.27733
k141_438642	74.853714
k141_933362	101.18916
k141_1056460	88.154205
k141_255574	71.88929
k141_1856337	55.86858
k141_1302356	144.7423
k141_992868	331.19836
k141_1180554	320.91104
k141_1117500	97.2807
k141_1856466	117.34036
k141_1302492	80.62927
k141_993042	222.8027
k141_1549046	56.100086
k141_1056829	45.827366
k141_1672478	38.647152
k141_808265	107.92761
k141_194837	86.12066
k141_1240463	41.778236
k141_1856726	84.13267
k141_1672878	277.29538
k141_625693	59.014957
k141_625722	46.958115
k141_625761	57.081387
k141_748521	156.1981
k141_1673201	36.91553
k141_1733754	122.48805
k141_1796567	201.95714
k141_316752	67.652695
k141_1365512	115.317276
k141_72404	200.1345
k141_1491106	51.112926
k141_1181752	111.490944
k141_1491210	42.92723
k141_993810	97.29086
k141_379516	90.46727
k141_808945	93.04141
k141_317139	98.94329
k141_872751	55.996002
k141_686875	66.80472
k141_1857650	35.00633
k141_72697	55.550304
k141_1674015	63.024086
k141_1918005	42.815937
k141_626526	66.40297
k141_1674162	140.83498
k141_1426704	50.523808
k141_1550247	35.88869
k141_1918126	86.55291
k141_379887	144.0966
k141_1366069	226.0517
k141_1182229	47.157734
k141_1613007	35.95271
k141_1058067	69.99406
k141_935147	43.18454
k141_1674395	34.701862
k141_73103	65.19663
k141_935184	44.182312
k141_1674573	297.68045
k141_1182498	79.49171
k141_1492022	129.2654
k141_257767	56.959953
k141_935355	62.038986
k141_1119255	214.28694
k141_994454	25.243204
k141_994460	47.103626
k141_1242033	90.850784
k141_809800	43.226276
k141_564800	41.991673
k141_380446	75.38071
k141_1366784	55.135975
k141_1674970	49.411457
k141_258083	440.9563
k141_1242245	51.836655
k141_1858601	69.57005
k141_1119595	84.21632
k141_1675035	102.38116
k141_1304039	55.479847
k141_1613704	30.039852
k141_994734	105.22663
k141_565074	365.55255
k141_134621	42.85844
k141_1798031	46.588207
k141_73790	39.160477
k141_627404	52.090088
k141_11823	443.4908
k141_750457	48.125084
k141_874044	33.36784
k141_1058981	50.24129
k141_936253	51.710472
k141_197317	229.75058
k141_1242758	37.130993
k141_688459	62.50846
k141_381112	80.75266
k141_627717	58.03281
k141_565483	61.037243
k141_627742	50.788162
k141_995081	45.6453
k141_936580	46.033623
k141_381329	109.70521
k141_1243099	49.567764
k141_135269	69.073975
k141_936725	72.808525
k141_1675816	31.801186
k141_936761	58.788982
k141_1428298	92.012184
k141_565817	58.75757
k141_1551992	129.19264
k141_565828	162.06227
k141_442127	96.29067
k141_381570	57.46416
k141_1614702	67.54096
k141_1120424	44.311428
k141_12660	100.44575
k141_751302	30.872204
k141_319414	44.191807
k141_628545	61.4609
k141_1060067	66.00137
k141_628589	63.632885
k141_259577	152.5856
k141_751585	58.356327
k141_1305536	33.755447
k141_628601	303.1921
k141_1060163	112.97093
k141_136186	65.360054
k141_1860127	46.231598
k141_1369057	269.32846
k141_442900	54.95114
k141_1369065	82.139206
k141_628769	37.06708
k141_259845	46.574085
k141_75274	39.37741
k141_628958	48.823666
k141_628959	45.52307
k141_995966	57.88796
k141_260093	35.854935
k141_1369446	38.323956
k141_13323	119.71105
k141_1121164	58.804737
k141_1494633	232.3444
k141_260179	61.16091
k141_1860509	27.755003
k141_136643	58.252
k141_811671	51.93598
k141_260268	507.62076
k141_443328	70.22581
k141_199202	36.40293
k141_690053	49.517994
k141_811685	118.28166
k141_506454	31.66265
k141_1677058	57.359177
k141_1369797	55.320526
k141_136805	44.46372
k141_1494958	37.857407
k141_690294	294.93518
k141_382905	77.0426
k141_1121628	46.637592
k141_1244737	123.5593
k141_137084	57.09473
k141_690464	43.045513
k141_1121664	82.133804
k141_1737593	52.991886
k141_260775	161.34868
k141_1306632	381.5139
k141_752883	63.334435
k141_443924	288.84662
k141_938672	55.493984
k141_199975	60.315796
k141_76680	46.57324
k141_1922522	45.279415
k141_1922560	71.30103
k141_1616754	251.44734
k141_753326	64.39517
k141_261251	81.92045
k141_76912	34.919018
k141_383687	100.340004
k141_1800735	111.52574
k141_1245358	53.26134
k141_690976	134.97678
k141_77201	239.33418
k141_444561	117.21075
k141_1430858	52.43457
k141_1678243	52.643436
k141_321967	64.77167
k141_1307344	47.906628
k141_1122462	71.52309
k141_1371226	82.63044
k141_812940	42.94875
k141_1430938	277.96307
k141_1430978	38.569603
k141_1617241	40.856106
k141_1307567	259.9265
k141_1245775	46.9641
k141_1923135	46.985363
k141_508067	27.164541
k141_508082	54.33141
k141_1122874	108.80338
k141_1496350	104.757164
k141_1738842	68.04949
k141_262120	38.98267
k141_1617638	57.124607
k141_138468	49.965767
k141_1307842	93.91078
k141_1307865	131.03539
k141_877733	67.776924
k141_813426	150.776
k141_631044	111.4986
k141_1372214	46.39926
k141_384591	40.520702
k141_1862679	94.28442
k141_1801700	90.05466
k141_138809	121.06166
k141_78470	81.13293
k141_508772	41.3144
k141_1679142	103.70435
k141_1679152	45.44366
k141_1123490	46.643612
k141_1801785	50.05955
k141_78614	43.842575
k141_997913	56.06616
k141_323264	59.07406
k141_1555258	30.079908
k141_384953	40.45729
k141_1801932	43.701973
k141_813850	48.524807
k141_1497199	62.09972
k141_1555494	42.215675
k141_262943	35.81714
k141_940617	331.05392
k141_15930	107.45799
k141_1802151	80.82568
k141_385225	31.431965
k141_79143	46.16802
k141_940810	55.988087
k141_1802317	127.55816
k141_1063484	129.4709
k141_940846	43.518677
k141_998369	146.93724
k141_570675	80.1093
k141_1247281	74.99808
k141_446326	40.260376
k141_878932	86.7321
k141_385601	1086.8408
k141_571007	68.83431
k141_1188341	147.8227
k141_1680157	117.50069
k141_263505	63.550518
k141_1497887	81.109886
k141_263562	39.185673
k141_263619	32.605564
k141_941381	59.504353
k141_1680277	149.13336
k141_998741	167.05313
k141_1619338	222.85692
k141_1864022	76.38679
k141_632383	28.820948
k141_16743	257.3435
k141_998915	145.20392
k141_1498193	69.39979
k141_692886	45.69135
k141_510202	71.17762
k141_1498202	165.23865
k141_1803094	189.99767
k141_1619637	37.40809
k141_1498281	93.35637
k141_446961	43.543987
k141_1803193	38.158947
k141_1433144	43.241577
k141_1374391	164.8297
k141_1374416	44.93432
k141_386244	76.35957
k141_1188911	54.098133
k141_1925498	55.49247
k141_1433397	67.59572
k141_1741032	40.091045
k141_1125331	139.26361
k141_1498663	82.18247
k141_264383	112.19378
k141_386587	58.00648
k141_447463	270.55087
k141_203511	71.66527
k141_1433675	47.98081
k141_693567	44.41315
k141_1189428	45.358643
k141_386828	304.24716
k141_999693	41.453545
k141_1865033	73.83847
k141_447721	104.68181
k141_1125880	115.20981
k141_1926228	67.70068
k141_1434250	45.217117
k141_265070	70.049034
k141_265086	48.682003
k141_18134	53.424416
k141_693924	32.44833
k141_1741921	66.773735
k141_942950	40.90485
k141_815776	170.44148
k141_815778	70.75536
k141_1190039	214.03264
k141_1190055	74.11176
k141_265333	78.31152
k141_387686	85.26409
k141_1249459	96.64669
k141_1311228	127.61828
k141_1682386	103.57141
k141_204484	43.54784
k141_204486	62.28318
k141_1126839	71.30518
k141_141957	33.457726
k141_573341	48.31315
k141_1190441	49.280025
k141_327228	59.59295
k141_1804896	52.924824
k141_757528	61.033
k141_388281	73.634415
k141_512294	387.3301
k141_142536	63.25795
k141_82844	125.05041
k141_512422	50.756367
k141_142657	54.908867
k141_388734	55.471684
k141_634874	61.85166
k141_449179	202.75056
k141_881926	245.95491
k141_449206	102.04263
k141_695219	42.63797
k141_327967	222.88635
k141_1805494	232.06241
k141_1866656	94.05531
k141_1066752	43.289192
k141_512661	64.43289
k141_1743160	43.297348
k141_142975	35.48265
k141_1927695	36.833076
k141_83281	126.95623
k141_1743266	97.92789
k141_449446	69.7466
k141_1312342	50.524117
k141_1559009	57.624874
k141_1127697	64.44007
k141_1250255	241.11545
k141_944502	59.72227
k141_1435770	52.251072
k141_1435772	62.98186
k141_389379	59.950558
k141_1683840	65.24514
k141_1312481	58.513657
k141_816815	125.16661
k141_1683978	34.767193
k141_449734	61.506966
k141_1435967	48.47657
k141_816897	38.42858
k141_1806086	71.09259
k141_1191782	106.79671
k141_1067339	47.49116
k141_1128026	39.13923
k141_758697	78.248215
k141_267001	53.970974
k141_329111	56.354134
k141_1128249	197.67944
k141_205986	76.550316
k141_945077	64.23081
k141_1067683	39.98068
k141_1313195	77.77528
k141_1128475	65.48007
k141_1436393	317.3555
k141_883101	55.656303
k141_1684857	45.13351
k141_329497	305.48962
k141_1559899	54.25654
k141_20633	215.66438
k141_759221	47.850964
k141_1128642	50.12124
k141_1685003	84.29249
k141_1378785	34.48578
k141_1685042	57.63184
k141_1128688	83.7057
k141_1378897	150.03232
k141_1502469	96.622185
k141_1192887	30.556293
k141_575634	58.424713
k141_330027	56.56675
k141_1068382	47.10254
k141_514342	41.636295
k141_575748	51.63439
k141_883762	105.32252
k141_818060	43.447884
k141_1744678	54.714863
k141_697213	57.72404
k141_759965	46.646973
k141_1251913	55.964195
k141_1068603	77.325424
k141_1193237	38.031406
k141_451312	47.89879
k141_1686047	60.464066
k141_207130	50.101376
k141_1807557	49.489296
k141_1068761	32.6784
k141_391559	44.367382
k141_637081	70.41275
k141_268392	49.067642
k141_1068913	58.678368
k141_697637	111.961525
k141_1807762	69.27019
k141_330764	660.54486
k141_884162	137.22705
k141_818597	55.34199
k141_1624486	48.993805
k141_1380331	324.95343
k141_451807	89.23818
k141_1193759	71.38938
k141_1929934	44.493343
k141_145285	93.24865
k141_1003549	66.32019
k141_637429	79.474724
k141_760594	43.796146
k141_1561305	46.486374
k141_637432	49.637177
k141_85627	50.241364
k141_1129880	180.82524
k141_1869159	60.47244
k141_452132	60.029247
k141_884492	225.5327
k141_1561512	48.658157
k141_515359	61.124245
k141_1624937	44.64896
k141_1561551	30.451878
k141_1808342	50.66933
k141_819241	214.78308
k141_85944	81.32347
k141_637830	332.84525
k141_1504115	54.450584
k141_85973	39.78607
k141_1745816	92.75363
k141_1869542	123.48347
k141_1504193	39.034317
k141_1194362	44.11603
k141_1745943	39.0939
k141_452728	41.67339
k141_1194425	39.174713
k141_1869713	1292.4729
k141_1687802	68.027695
k141_1504393	55.149902
k141_1869811	69.27383
k141_577317	170.23692
k141_146211	63.912994
k141_577320	102.88973
k141_86327	81.70109
k141_516103	93.50267
k141_1438666	302.1903
k141_885537	48.74773
k141_1438758	57.871147
k141_1004907	92.84163
k141_1316228	43.251705
k141_332487	123.41264
k141_332517	63.97267
k141_516537	89.31285
k141_1931177	53.993298
k141_393534	74.02757
k141_699739	164.13535
k141_1131329	53.68548
k141_1253922	58.691597
k141_270071	106.95767
k141_453927	36.591335
k141_1563309	39.209698
k141_1439458	50.98217
k141_1563389	198.94824
k141_210072	37.1522
k141_1505313	92.88654
k141_1131823	43.415928
k141_87343	31.235895
k141_1005928	39.545647
k141_1563665	35.926853
k141_454346	49.14961
k141_270447	41.304554
k141_1382986	31.037119
k141_87494	38.595554
k141_1254347	93.811615
k141_1006066	65.530846
k141_1627093	72.55482
k141_1505605	69.08756
k141_1196290	40.688908
k141_1317386	54.405773
k141_210532	68.12848
k141_24205	64.76901
k141_1871238	311.66513
k141_1383398	54.64447
k141_394562	41.820908
k141_1132488	191.41486
k141_948889	46.940063
k141_1932215	37.703075
k141_700783	36.544735
k141_949003	80.20996
k141_1747933	1022.0804
k141_700817	35.36285
k141_1254823	34.001324
k141_1196820	100.37188
k141_1317932	284.88315
k141_1196874	31.688786
k141_1690251	91.79919
k141_1932486	66.6102
k141_271210	47.687443
k141_1132930	55.354877
k141_1932499	51.95741
k141_148474	680.44183
k141_271265	149.7114
k141_271338	174.09074
k141_762944	86.742485
k141_1872049	52.92613
k141_1932778	43.818825
k141_763012	171.42561
k141_1628212	91.52132
k141_334880	98.603294
k141_949570	43.436256
k141_949571	41.117935
k141_1441145	86.100845
k141_518882	51.059155
k141_211699	68.71327
k141_1197599	54.8348
k141_949791	66.584694
k141_89178	125.52484
k141_1749072	57.82504
k141_395516	39.146366
k141_1872640	58.34684
k141_1565558	91.27042
k141_1319073	55.056297
k141_149539	53.852806
k141_1811550	215.40123
k141_1441778	59.878815
k141_1007784	187.48662
k141_1007789	145.25829
k141_1629040	41.22031
k141_149761	96.02305
k141_519733	296.07443
k141_1749590	77.27875
k141_1566154	28.35209
k141_1198520	40.67129
k141_1811922	60.014046
k141_1811934	62.162117
k141_1134480	37.724
k141_1008076	42.97821
k141_1933967	180.9331
k141_1507823	81.94633
k141_456644	34.163273
k141_764355	159.21059
k141_1812227	109.497826
k141_520252	88.43735
k141_764438	77.28344
k141_1508092	99.76267
k141_950716	45.170334
k141_1134828	265.9249
k141_1873703	47.537643
k141_1073382	39.624004
k141_702620	155.15297
k141_1073450	39.817547
k141_396756	74.65855
k141_336380	85.77372
k141_702927	66.27844
k141_27019	36.90199
k141_27173	37.602478
k141_642485	35.075413
k141_1750717	50.04808
k141_1630565	69.00722
k141_150849	65.56814
k141_1813057	59.46512
k141_642576	140.11938
k141_213321	78.72101
k141_397255	105.153915
k141_273471	78.608826
k141_273522	118.318954
k141_521398	51.625977
k141_521437	58.748425
k141_1509074	66.27022
k141_951432	249.57718
k141_91209	60.950684
k141_1693546	40.703888
k141_1257228	30.17953
k141_1074401	23.555893
k141_1443661	71.398476
k141_1631078	63.46751
k141_1631155	61.799355
k141_1935571	51.744926
k141_337343	64.72948
k141_1813803	58.21123
k141_151576	45.879932
k141_765962	42.471592
k141_91611	59.09108
k141_1568189	48.04489
k141_1009918	67.445145
k141_1321612	94.397316
k141_1875497	44.286114
k141_398209	65.95909
k141_582733	52.615185
k141_1510036	90.34349
k141_952216	87.31085
k141_1875614	61.571068
k141_890553	35.72561
k141_1257806	57.846775
k141_1075173	37.31212
k141_1510203	114.06689
k141_704333	50.20877
k141_1510239	42.797474
k141_825101	62.178726
k141_1010501	40.8959
k141_704431	111.02434
k141_1936312	61.37354
k141_704512	41.235447
k141_214379	62.771595
k141_522889	202.01828
k141_28925	156.97502
k141_583266	36.154976
k141_1694751	37.70451
k141_214460	55.57651
k141_704677	61.734844
k141_1322399	65.12968
k141_1137515	66.15999
k141_152747	107.556175
k141_644497	38.167976
k141_92774	29.624184
k141_1694939	29.491795
k141_767154	62.76231
k141_29428	44.55974
k141_1815165	154.02628
k141_952862	41.52739
k141_1258422	54.566513
k141_1753005	53.3697
k141_1876534	36.015034
k141_459702	39.989693
k141_1511410	42.94942
k141_1937360	64.29673
k141_1445687	45.800343
k141_1258816	82.71232
k141_705428	81.07668
k141_1937543	43.96617
k141_1876975	191.48412
k141_645438	47.128098
k141_1937660	78.602036
k141_1202423	72.316414
k141_1633421	37.39941
k141_1511808	57.483124
k141_215457	79.65926
k141_93951	46.197758
k141_1753533	72.80207
k141_1815995	169.92148
k141_1877337	165.19424
k141_154002	46.93429
k141_400347	48.826393
k141_1877496	65.49695
k141_584776	243.44614
k141_94301	46.84162
k141_1570662	58.764736
k141_460695	40.187744
k141_1633990	210.11389
k141_460744	42.767597
k141_1446597	60.73382
k141_1877843	42.6016
k141_1077461	57.884438
k141_154524	41.873634
k141_461045	47.961224
k141_826660	36.5699
k141_1259892	43.274864
k141_1696775	151.58609
k141_1634471	77.371544
k141_31212	56.62986
k141_94996	54.86164
k141_216161	46.43855
k141_154807	34.507217
k141_154817	39.895454
k141_276364	44.487476
k141_1203816	218.62828
k141_1878352	58.480778
k141_1204180	33.341724
k141_95640	35.23264
k141_1391349	39.937405
k141_1140357	29.344177
k141_770081	165.72325
k141_1697723	255.43582
k141_1078650	315.87637
k141_1939869	63.576206
k141_1572274	50.221733
k141_1755342	66.70176
k141_770217	82.778206
k141_647626	64.02422
k141_216940	124.51969
k141_1325293	338.83163
k141_707593	47.265892
k141_1261135	35.43879
k141_1391681	54.397003
k141_1140681	61.373543
k141_1261282	54.697468
k141_1140726	37.567635
k141_1940219	122.24946
k141_1940330	57.077393
k141_96488	48.0833
k141_1014147	42.1665
k141_1261712	95.31814
k141_1514567	42.940605
k141_708265	72.30486
k141_1205233	45.988747
k141_1879644	42.264824
k141_708334	49.31389
k141_1698705	37.960785
k141_1261925	47.06315
k141_648536	42.692078
k141_1698874	45.99829
k141_1326173	37.0185
k141_1879818	107.76905
k141_1698903	56.604702
k141_463296	142.85664
k141_587531	51.38987
k141_1756282	43.246037
k141_342507	67.81632
k141_1573646	38.84652
k141_1515036	45.274605
k141_771540	42.416424
k141_1262443	80.159744
k141_1262509	52.604717
k141_1262568	58.802753
k141_527339	42.48071
k141_527344	49.16361
k141_1142208	27.791525
k141_1941768	42.026302
k141_403571	56.100967
k141_1756994	60.3756
k141_649526	49.428772
k141_1263034	165.7349
k141_895165	121.78642
k141_956865	62.49849
k141_1263312	86.42558
k141_464469	38.67182
k141_34860	64.17449
k141_1327754	26.684351
k141_1016137	154.05254
k141_1700967	39.43535
k141_1394532	65.51023
k141_1575203	57.124607
k141_35399	32.367985
k141_1575244	71.02612
k141_1701345	57.1586
k141_158702	64.60533
k141_465384	43.245197
k141_1575478	61.458195
k141_1820101	64.96966
k141_1081941	33.162983
k141_1328542	36.319153
k141_344615	121.67009
k141_1881493	196.65904
k141_1016826	35.67812
k141_465801	40.578716
k141_590037	52.913944
k141_711045	45.81373
k141_1395438	70.5517
k141_958298	29.531923
k141_1451382	49.113613
k141_1395681	49.641163
k141_1265118	49.982975
k141_345244	78.654686
k141_711444	31.829351
k141_159654	34.265675
k141_590733	54.438248
k141_1517651	58.978546
k141_406011	269.2498
k141_1396149	37.97805
k141_1144915	286.4128
k141_1208687	37.343014
k141_406170	41.20463
k141_1517841	47.2118
k141_220055	39.931526
k141_1702914	78.01067
k141_831071	199.94258
k141_652221	40.649208
k141_1703091	120.19743
k141_959371	37.971508
k141_959478	192.11815
k141_100898	70.82901
k141_1759958	37.62451
k141_1396751	60.392666
k141_1576921	36.887245
k141_1266135	47.04379
k141_831590	47.06875
k141_1577189	39.868046
k141_591843	42.50818
k141_407000	127.92841
k141_1703742	42.81887
k141_959988	59.406254
k141_1641224	36.975307
k141_1266518	80.45169
k141_1703981	42.78346
k141_897554	46.424774
k141_1519227	169.19612
k141_1330945	45.51541
k141_713176	53.46934
k141_713209	45.460934
k141_1822537	38.107494
k141_1019235	45.411076
k141_1019243	112.54255
k141_347226	37.294724
k141_960716	45.598286
k141_161714	39.845074
k141_532189	49.391224
k141_897934	223.16151
k141_1146984	47.766502
k141_1519918	52.61694
k141_832766	37.182632
k141_713694	38.65128
k141_654071	49.49544
k141_1883677	56.51372
k141_1454220	34.677654
k141_1823270	62.38561
k141_1020004	127.66424
k141_221694	36.922394
k141_39420	49.442394
k141_654554	781.7161
k141_102904	68.52623
k141_961511	40.870876
k141_1578628	53.228615
k141_1020261	43.483135
k141_833399	168.23824
k141_348574	74.09063
k141_1268516	65.37603
k141_469330	51.23929
k141_1084886	66.63755
k141_833895	73.02527
k141_222287	215.9427
k141_1211150	41.191586
k141_533647	36.427498
k141_1211181	41.082664
k141_103565	42.513103
k141_834047	41.01035
k141_103630	57.255188
k141_1762733	46.617527
k141_834139	33.326717
k141_409530	69.79585
k141_284837	60.759808
k141_1706596	75.270935
k141_1455485	49.763638
k141_1021078	51.685947
k141_778686	28.187918
k141_1706769	52.89969
k141_409710	84.458786
k141_1884929	30.67093
k141_1948492	73.062614
k141_40936	41.90578
k141_1269515	45.498817
k141_1522011	39.808292
k141_1333351	65.51982
k141_1400599	68.810745
k141_595159	56.666546
k141_1400902	96.34748
k141_1825413	59.616558
k141_1825426	44.372307
k141_410385	47.329338
k141_1456471	79.43576
k141_1270169	56.464737
k141_963548	31.872097
k141_41550	51.61258
k141_900271	75.58722
k141_779718	65.52021
k141_779827	80.46716
k141_1022298	39.50942
k141_1334159	33.13001
k141_1086180	54.760216
k141_716432	113.55645
k141_1644929	57.875324
k141_595937	62.319458
k141_1149945	40.464603
k141_964045	103.81936
k141_1150102	38.359703
k141_1270806	37.121117
k141_901107	71.74784
k141_1457375	48.729214
k141_1335039	107.32815
k141_717171	61.598362
k141_224193	46.707687
k141_106052	61.762444
k141_1402383	46.3585
k141_717357	51.302395
k141_1402435	51.06635
k141_224327	41.285988
k141_106263	62.917164
k141_1271459	122.68642
k141_1827168	196.04677
k141_1708772	123.07852
k141_1087171	61.097942
k141_1950615	210.9071
k141_1827284	49.77177
k141_43069	33.755447
k141_472495	71.20046
k141_536826	79.4509
k141_1335943	47.48692
k141_717847	39.79525
k141_224744	126.747894
k141_781893	46.750885
k141_224849	64.44056
k141_965573	184.44397
k141_224970	167.80588
k141_1458598	187.64706
k141_1709678	48.415688
k141_1272480	627.53656
k141_1887903	46.12376
k141_166946	48.344666
k141_537703	38.23995
k141_1336530	94.923546
k141_352827	70.200165
k141_537711	58.05375
k141_44102	35.29217
k141_352921	57.541508
k141_44160	71.478905
k141_1458861	62.16717
k141_966118	50.51755
k141_598521	53.133053
k141_718463	105.153915
k141_538182	51.13726
k141_903072	71.96157
k141_1337022	75.0018
k141_598774	48.272728
k141_966783	50.22868
k141_1829230	71.94538
k141_838701	73.010956
k141_1152996	51.133785
k141_1710855	61.68545
k141_599229	56.327904
k141_599284	54.715572
k141_1403935	36.783047
k141_838878	130.42549
k141_108580	164.05222
k141_168341	58.471405
k141_1711271	49.63675
k141_839096	126.6693
k141_599676	34.460316
k141_967407	44.65368
k141_289759	83.83076
k141_839218	126.15448
k141_474921	146.16257
k141_660895	30.478863
k141_719368	26.373806
k141_719401	170.62383
k141_1711666	60.729454
k141_1648973	87.71531
k141_839532	109.72565
k141_45912	27.934307
k141_1089459	54.394733
k141_661429	48.856567
k141_1216415	34.1465
k141_355032	50.708244
k141_169128	52.675907
k141_1830538	289.33072
k141_1338754	35.93952
k141_1527734	96.59305
k141_1275105	45.760025
k141_600698	113.4458
k141_355260	41.731228
k141_1089922	55.337814
k141_1275457	95.49624
k141_1216978	49.674088
k141_784997	47.577694
k141_840338	41.20141
k141_785023	61.07867
k141_227274	43.219826
k141_1461556	49.48674
k141_110274	44.233368
k141_968489	30.195717
k141_720217	98.94797
k141_601483	54.666676
k141_476482	80.16919
k141_227591	52.83302
k141_968583	38.224525
k141_1650336	46.855145
k141_601663	68.730865
k141_1405583	36.542595
k141_1528578	41.166084
k141_785601	55.96555
k141_1217734	50.179405
k141_1831711	39.873913
k141_541273	35.493984
k141_1713040	51.90877
k141_110997	76.79762
k141_416291	51.806793
k141_1954839	47.244442
k141_905989	40.18141
k141_602312	43.58491
k141_1529130	43.977722
k141_1406012	233.81425
k141_1713328	68.94299
k141_1891300	48.19362
k141_170798	57.30795
k141_602594	65.98299
k141_1091300	64.05932
k141_721056	97.76654
k141_292079	49.18124
k141_1651426	74.13738
k141_542188	56.324543
k141_841785	173.59605
k141_1587480	98.16559
k141_906520	57.764454
k141_1714013	63.019184
k141_171431	135.00757
k141_1406567	65.27091
k141_721549	72.57162
k141_1771257	78.688194
k141_1092171	73.89318
k141_1588119	56.067413
k141_1219366	53.328094
k141_1956302	45.971016
k141_478519	35.15662
k141_357991	39.8089
k141_1092667	25.385473
k141_907283	36.21326
k141_604093	63.668808
k141_112962	44.181282
k141_1029706	43.165985
k141_1530806	46.33878
k141_418342	58.081284
k141_230196	40.555546
k141_604519	94.61061
k141_1029993	126.91728
k141_418544	157.11317
k141_788671	37.086384
k141_604709	119.343605
k141_1531129	66.68609
k141_1957405	35.93035
k141_970973	49.025574
k141_1093420	38.83897
k141_544441	38.288376
k141_50685	44.534924
k141_1716029	40.04681
k141_359173	35.135437
k141_1957629	58.18791
k141_1531677	217.55623
k141_1653792	38.917274
k141_1343121	37.368137
k141_419237	44.09974
k141_1093761	42.85091
k141_359504	60.977066
k141_480265	77.93987
k141_114355	68.12549
k141_1773456	68.77808
k141_971549	28.544968
k141_294711	31.249725
k141_51471	32.817623
k141_114615	31.091452
k141_545445	35.058113
k141_1716915	44.631306
k141_1031484	189.31631
k141_1958521	59.839897
k141_1466191	66.44897
k141_420095	46.878445
k141_666772	45.180813
k141_1532901	54.44664
k141_971967	86.221054
k141_115232	90.287346
k141_1031847	40.954838
k141_1532988	42.731163
k141_1655020	34.353153
k141_1032015	42.74513
k141_1774326	47.076286
k141_790779	82.244545
k141_909075	65.44602
k141_1159971	19.71557
k141_481268	48.52238
k141_360731	58.994553
k141_909169	50.05168
k141_52568	46.822197
k141_1717993	40.238712
k141_1344720	80.104935
k141_1280245	52.356167
k141_1591549	64.31301
k141_1774696	52.002773
k141_1222752	148.32469
k141_972451	50.38726
k141_296079	65.20722
k141_667598	58.724472
k141_607544	38.288773
k141_421269	51.84822
k141_972729	39.03563
k141_1592244	120.05529
k141_116331	43.35937
k141_1896601	296.2505
k141_296492	55.160603
k141_1592371	39.977303
k141_421555	43.692085
k141_53521	40.32064
k141_1896824	51.902027
k141_1095937	43.934013
k141_53596	69.49031
k141_1656341	41.47823
k141_1096025	29.382168
k141_668259	35.017334
k141_547689	86.182915
k141_233766	32.74007
k141_233984	38.404175
k141_1281335	41.952103
k141_176608	46.30655
k141_362513	59.798553
k141_1776477	43.752224
k141_1034024	85.27407
k141_669183	40.612938
k141_548716	58.966022
k141_1535594	55.682705
k141_234727	89.00774
k141_297969	37.093525
k141_1837073	36.383118
k141_1346766	58.077583
k141_1961073	67.67668
k141_422941	56.557137
k141_1776956	30.003166
k141_1346969	56.97376
k141_234975	46.858704
k141_117966	218.56888
k141_847895	73.91003
k141_298445	43.5896
k141_235203	24.832083
k141_55514	43.960583
k141_549353	49.908787
k141_118223	97.60461
k141_726982	38.074326
k141_298670	47.89898
k141_235380	66.345894
k141_1720362	28.109608
k141_1594680	30.089266
k141_1594736	55.8189
k141_794040	74.59528
k141_727213	44.236183
k141_1536676	47.096146
k141_1536684	36.967213
k141_484398	81.42331
k141_1899227	30.326542
k141_1595341	67.68024
k141_1899511	249.92754
k141_610842	57.424297
k141_550346	45.60069
k141_424401	34.840702
k141_236414	78.19842
k141_56662	535.1341
k141_1470192	44.88615
k141_364812	74.86391
k141_550525	46.622337
k141_56859	50.925484
k141_1838546	70.434044
k141_1036075	76.34409
k141_1036144	74.773254
k141_849593	37.153927
k141_236793	88.1662
k141_1227212	109.54686
k141_913297	46.530884
k141_976472	52.180546
k141_1164833	58.875782
k141_1471168	49.44419
k141_612357	51.033768
k141_1779720	97.82222
k141_913840	38.18097
k141_612534	52.806324
k141_1165320	47.35492
k141_552078	29.324587
k141_1099885	124.28199
k141_612957	80.496124
k141_552194	72.29368
k141_552262	87.45137
k141_180673	33.185196
k141_1284889	36.889244
k141_426192	181.54224
k141_426197	50.714798
k141_797136	61.934235
k141_238254	59.93995
k141_977825	73.78858
k141_121628	94.41409
k141_1840456	33.630768
k141_552947	31.018518
k141_1100538	204.89192
k141_1350722	41.857113
k141_797515	103.58953
k141_553095	44.434895
k141_915109	90.70261
k141_553097	53.53411
k141_238648	105.81556
k141_1285605	62.552555
k141_673818	130.86847
k141_59688	63.793755
k141_1781318	30.019634
k141_59759	70.826675
k141_1598546	60.173073
k141_59821	34.606083
k141_1841160	78.46549
k141_1598605	164.22456
k141_1038376	42.327034
k141_181607	70.6995
k141_674147	30.503431
k141_1781584	113.38073
k141_674180	73.679214
k141_1038384	108.921844
k141_302922	68.914406
k141_1598786	50.868813
k141_122472	45.663116
k141_487934	40.683647
k141_60029	40.93522
k141_730940	68.182396
k141_1965362	105.658066
k141_798393	48.106464
k141_122686	44.489204
k141_1903433	36.530964
k141_852093	48.03207
k141_303567	368.1624
k141_182443	39.431965
k141_1966118	47.32208
k141_1842226	59.165848
k141_1101890	39.945324
k141_1287014	47.416267
k141_1352429	45.983337
k141_1474180	45.249237
k141_799463	56.314068
k141_1966359	135.44162
k141_428586	54.246788
k141_1168579	65.671196
k141_1039743	32.983116
k141_1966370	147.87408
k141_1966398	105.2601
k141_799766	56.026985
k141_1966517	52.788414
k141_304615	51.606888
k141_917188	38.8999
k141_732304	41.875065
k141_1966640	193.14388
k141_1966782	303.67545
k141_489667	33.20906
k141_1474916	66.181915
k141_305159	41.266174
k141_732853	44.632202
k141_1040615	71.01821
k141_183917	48.506233
k141_1905430	102.931984
k141_490233	25.57576
k141_1040857	40.40562
k141_1288558	43.906033
k141_1905525	46.260414
k141_241793	27.46085
k141_1475679	53.996048
k141_1041120	94.30807
k141_918254	74.449814
k141_918683	38.038155
k141_1289382	68.298836
k141_1289454	34.042168
k141_242596	30.325748
k141_919589	48.95984
k141_307380	44.974022
k141_243627	54.038006
k141_919933	42.71255
k141_1290672	53.749245
k141_243926	64.611885
k141_856607	63.91518
k141_1290892	41.422516
k141_244582	72.416084
k141_244855	72.3801
k141_736681	42.035088
k141_1044356	31.427166
k141_1106865	29.973827
k141_1107406	81.337524
k141_921921	34.920506
k141_1045108	55.843445
k141_246101	47.244205
k141_1045448	53.667847
k141_860518	46.83716
k141_860715	47.409275
k141_860834	52.609566
