contig_id	contig_length	viral_length	aai_expected_length	aai_completeness	aai_confidence	aai_error	aai_num_hits	aai_top_hit	aai_id	aai_af	hmm_completeness_lower	hmm_completeness_upper	hmm_num_hits	kmer_freq
k141_70623	3208	NA	NA	NA	NA	NA	0	NA	NA	NA	NA	NA	0	1.0
k141_91814	5514	2659	NA	NA	NA	NA	0	NA	NA	NA	0.13	0.7700000000000001	1	1.0
k141_68269	3191	NA	334693.57476737996	0.9534093990952235	medium	7.36886830689784	16	CheckV-000523	53.04	43.61	NA	NA	0	1.0
k141_105940	1695	NA	36603.0	4.630767969838538	low	15.5486016037551	1	CheckV-060046	46.0	23.13	NA	NA	0	1.0
k141_18840	8353	NA	NA	NA	NA	NA	0	NA	NA	NA	NA	NA	0	1.0
k141_98882	2940	NA	291474.0197128659	1.008666227918435	low	21.1303462321792	11	CheckV-010090	32.5	39.89	0.85	2.99	1	1.0
k141_61221	11421	431	106233.0	0.4057119727391677	medium	7.37677077586998	1	CheckV-000545	51.25	63.63	0.45	1.29	1	1.0
k141_30633	1146	NA	82682.96299319727	1.3860170928977074	low	12.2511878772313	6	CheckV-056143	34.4	30.34	0.8372051945155061	2.845413985877498	3	1.0
k141_124767	2226	NA	36514.87663032477	6.096145476639398	medium	9.89099717400081	4	CheckV-060046	42.52	39.62	2.58	8.67	1	1.0
k141_110670	1391	NA	362900.19342533394	0.3833009806003853	medium	9.28434547078065	39	CheckV-054979	45.9	80.74	0.32	0.41	1	1.0
k141_37683	2764	NA	40538.911899442035	6.818140572830823	high	3.54623096917935	7	CheckV-044789	68.5	68.92	2.6041089670828605	7.969284903518729	2	1.0
k141_28276	2887	NA	NA	NA	NA	NA	0	NA	NA	NA	NA	NA	0	1.0
k141_136568	1794	NA	63046.441759977526	2.845521412342176	low	18.4248232254532	33	CheckV-029269	29.4	62.55	NA	NA	0	1.0
k141_80082	3093	NA	NA	NA	NA	NA	0	NA	NA	NA	NA	NA	0	1.0
k141_35362	2613	NA	133100.09190144902	1.9631842192376074	low	15.7078342823483	5	CheckV-023789	34.0	17.31	2.73321618743344	7.670937167199147	2	1.0
k141_129493	4369	NA	64091.89005197455	6.816775096594923	low	18.1585854626757	3	CheckV-000288	31.0	34.2	NA	NA	0	1.0
k141_63593	2622	NA	NA	NA	NA	NA	0	NA	NA	NA	NA	NA	0	1.0
k141_44737	15193	NA	127601.45032101552	11.90660447963401	high	2.9270941310035	8	CheckV-000545	68.46	37.13	6.52	9.82	1	1.0
k141_131833	3703	NA	NA	NA	NA	NA	0	NA	NA	NA	1.372134433962264	6.270200471698114	2	1.0
k141_143629	1202	NA	36586.89628839759	3.2853292351589203	high	2.69320843091335	161	CheckV-018112	69.07	69.91	1.59	3.98	1	1.0
k141_87174	1144	NA	NA	NA	NA	NA	0	NA	NA	NA	0.26	0.39	1	1.0
k141_143649	2174	NA	353623.2050583012	0.6147786595739883	medium	9.82267274135623	19	CheckV-061337	43.73	43.85	0.5590494600719904	1.3351806425809896	3	1.0
k141_40047	4321	NA	106233.0	4.067474325303813	medium	6.64055213579556	1	CheckV-000545	45.5	63.62	NA	NA	0	1.0
k141_106005	3015	NA	150084.09838662183	2.008873713078687	low	16.0955816050496	203	CheckV-034342	45.4	22.21	NA	NA	0	1.0
k141_16489	6307	2406	178387.22710712563	1.348751274975053	low	25.6613586747143	165	CheckV-059806	47.1	8.25	0.63	5.66	1	1.0
k141_75397	2602	NA	NA	NA	NA	NA	0	NA	NA	NA	NA	NA	0	1.0
k141_143664	1253	NA	36444.348679253766	3.4381187904540056	medium	6.52300524170064	4	CheckV-060046	48.4	71.89	NA	NA	0	1.0
k141_136606	4661	NA	NA	NA	NA	NA	0	NA	NA	NA	NA	NA	0	1.0
k141_21315	1248	NA	NA	NA	NA	NA	0	NA	NA	NA	NA	NA	0	1.0
k141_35423	3998	NA	162596.88962283972	2.4588416231539076	low	15.1657311952622	189	CheckV-006648	39.6	22.74	NA	NA	0	1.0
k141_54303	1104	NA	NA	NA	NA	NA	0	NA	NA	NA	NA	NA	0	1.0
k141_98959	5959	NA	44814.0	13.297183915740616	low	15.4714335542146	1	CheckV-011671	59.9	12.77	NA	NA	0	1.0
k141_25978	7265	NA	NA	NA	NA	NA	0	NA	NA	NA	NA	NA	0	1.0
k141_14256	3451	NA	49412.57269582188	6.9840524622022	low	14.7807123818755	9	CheckV-037591	34.7	47.26	NA	NA	0	1.0
k141_33021	2775	NA	719487.5633501789	0.38569116984853163	low	16.0955816050496	44	CheckV-050294	46.3	21.82	0.23	1.54	1	1.0
k141_138942	1064	NA	47203.18111754842	2.254085370539664	high	4.69448121793811	198	CheckV-060046	77.2	34.14	NA	NA	0	1.0
k141_9518	7110	NA	193933.94113614105	3.666196828851532	low	14.9479361225252	18	CheckV-029296	62.1	4.09	NA	NA	0	1.0
k141_47162	3242	NA	NA	NA	NA	NA	0	NA	NA	NA	NA	NA	0	1.0
k141_7185	4073	NA	93101.66259409973	4.3747876101389025	low	11.1328258931633	641	CheckV-057462	47.8	24.27	NA	NA	0	1.0
k141_59019	3217	NA	120191.42389651247	2.67656368125725	low	18.8069420012078	16	CheckV-001112	27.9	62.01	3.82	9.99	1	1.0
k141_14293	6497	NA	143855.0	4.516353272392339	medium	5.51537070524412	1	CheckV-044766	55.2	39.66	NA	NA	0	1.0
k141_59024	4660	NA	NA	NA	NA	NA	0	NA	NA	NA	NA	NA	0	1.0
k141_49532	1182	NA	NA	NA	NA	NA	0	NA	NA	NA	0.57	2.78	1	1.0
k141_68392	10538	5445	1150854.9951773295	0.4731265035836254	low	22.0478038089032	10	CheckV-049878	26.0	26.8	0.9791365777080063	3.922841444270016	2	1.0
k141_222	1016	NA	405605.28132992325	0.25048983501119054	low	15.1046859421735	4	CheckV-002553	32.9	79.62	0.08	0.17	1	1.0
k141_14319	3889	NA	61304.0	6.343794858410544	medium	8.28456428871274	1	CheckV-000211	41.22	47.78	3.523465227817746	13.307661870503598	2	1.0
k141_120143	4852	NA	139626.20632034636	3.474992358431617	low	19.9773130997658	11	CheckV-006211	52.6	11.21	7.35	11.84	1	1.0
k141_68415	3847	NA	NA	NA	NA	NA	0	NA	NA	NA	NA	NA	0	1.0
k141_244	1419	1078	59371.4048076229	1.8156888884353835	low	10.9098357507713	232	CheckV-016669	39.93	75.43	0.9699999999999999	2.99	1	1.0
k141_136714	7154	NA	NA	NA	NA	NA	0	NA	NA	NA	NA	NA	0	1.0
k141_136715	2681	NA	181780.0	1.4748597205413136	low	19.8204252802495	1	CheckV-000334	22.9	91.59	NA	NA	0	1.0
k141_61392	1173	NA	57221.51941970435	2.049928089808945	low	13.9604954804151	31	CheckV-031071	35.7	90.63	NA	NA	0	1.0
k141_30782	4817	NA	106468.0277536892	4.524362948794351	medium	8.40200644930133	68	CheckV-024259	37.76	57.1	NA	NA	0	1.0
k141_143692	1141	NA	NA	NA	NA	NA	0	NA	NA	NA	0.37	3.44	1	1.0
k141_59044	33080	NA	106233.0	31.13909990304331	medium	7.50544965446872	1	CheckV-000545	53.65	61.02	14.410252601010633	32.80819347639452	3	1.0
k141_54401	2000	NA	134329.61788079469	1.488874926879356	low	11.7003954408002	6	CheckV-012154	29.6	87.66	NA	NA	0	1.0
k141_68456	7396	NA	556160.7806539132	1.3298312749245027	low	16.7746825248758	2	CheckV-000689	34.1	26.65	NA	NA	0	1.0
k141_89624	3079	NA	55452.19259408375	5.552530668243588	low	10.7617896009674	463	CheckV-032921	61.0	22.31	2.26	8.92	1	1.0
k141_264	3735	2313	61535.41972912697	3.7588107957686887	low	11.6380162023316	311	CheckV-017329	43.0	29.6	2.12	7.19	1	1.0
k141_2518	1902	NA	36774.98519481818	5.171993924467992	low	11.6206370876712	3	CheckV-060046	52.5	24.8	NA	NA	0	1.0
k141_61415	2781	NA	106233.0	2.617830617604699	medium	7.44864970773602	1	CheckV-000545	53.76	31.57	NA	NA	0	1.0
k141_51817	2271	NA	96453.48827187992	2.3545027149236737	low	20.4541717367711	20	CheckV-039850	31.4	32.67	1.6099999999999999	5.47	1	1.0
k141_131943	11464	NA	NA	NA	NA	NA	0	NA	NA	NA	NA	NA	0	1.0
k141_11886	6247	NA	513110.1631011373	1.2174773468224358	low	13.9757982883961	82	CheckV-050294	38.6	27.56	0.53	4.82	1	1.0
k141_136769	2568	NA	47787.59027805447	5.373780065196768	low	11.9200678430089	17	CheckV-001704	30.9	100.0	NA	NA	0	1.0
k141_19006	2785	NA	42271.0	6.588441248137021	low	23.4654606721646	1	CheckV-043375	23.2	63.33	NA	NA	0	1.0
k141_75471	10287	NA	NA	NA	NA	NA	0	NA	NA	NA	NA	NA	0	1.0
k141_143730	2018	NA	46103.68048105011	4.377090893707399	low	11.8649517684887	10	CheckV-020408	34.41	70.9	1.4112897395876118	4.876220521957866	3	1.0
k141_40155	4127	2990	143855.0	2.0784818045949045	medium	6.00604023021255	1	CheckV-044766	48.1	63.98	3.72	7.71	1	1.0
k141_42682	4350	NA	NA	NA	NA	NA	0	NA	NA	NA	NA	NA	0	1.0
k141_26095	2782	NA	56714.72929854526	4.905251306685438	low	16.7547169811321	45	CheckV-020350	37.2	31.78	2.908452655889146	8.048660508083142	2	1.0
k141_4878	3695	NA	73292.48565687943	5.04144451765251	low	16.0458909824481	18	CheckV-042212	37.2	31.65	3.6	9.63	1	1.0
k141_148438	1880	NA	332498.0	0.5654169348387058	low	10.6944003686965	1	CheckV-062204	38.54	64.09	0.43	0.5989763779527559	2	1.0
k141_301	5251	NA	NA	NA	NA	NA	0	NA	NA	NA	12.49	35.17	1	1.01
k141_73265	4704	NA	NA	NA	NA	NA	0	NA	NA	NA	NA	NA	0	1.0
k141_68481	11632	NA	227348.23322510824	5.116380204495632	low	18.2447178718414	5	CheckV-056620	60.5	9.14	1.3664601493968873	10.575573384454392	3	1.0
k141_47246	5654	NA	94711.59781167972	5.969701842895903	low	14.0086581853272	3	CheckV-044818	32.37	38.48	4.292696078431373	16.89468137254902	2	1.0
k141_14420	6834	NA	60471.72553423604	11.301149321646088	low	17.2676003861331	3	CheckV-000251	54.1	4.79	3.36	9.17	1	1.0
k141_28440	4104	NA	355015.1436128014	1.1560070250062469	medium	5.33054029793532	22	CheckV-062254	49.67	85.08	1.069845360824742	1.6154639175257732	2	1.0
k141_106164	1766	NA	91859.44213429361	1.9225024221442604	medium	8.76990056085545	3	CheckV-019949	51.5	78.95	0.86	4.16	1	1.0
k141_146102	2834	NA	461778.24409213284	0.613714490939631	low	23.4654606721646	3	CheckV-042156	24.3	63.39	NA	NA	0	1.0
k141_56675	3931	NA	NA	NA	NA	NA	0	NA	NA	NA	NA	NA	0	1.0
k141_96782	9164	NA	106225.64456416632	8.626918704611318	low	25.5595308871383	2	CheckV-007342	29.5	14.35	1.9499999999999997	6.3	1	1.0
k141_101475	10511	NA	157261.0	6.683793184578503	medium	8.42881601475043	1	CheckV-039953	34.45	49.09	4.7853134778261825	10.010605531791773	5	1.0
k141_40218	4508	NA	102105.0	4.415062925419911	low	23.3876629889669	1	CheckV-044818	27.1	33.8	NA	NA	0	1.01
k141_141475	5445	NA	80515.1144253725	6.762705411102456	low	25.4390035413359	64	CheckV-018112	37.7	15.16	NA	NA	0	1.0
k141_26157	5263	NA	228898.2619231193	2.2992747763928842	low	15.2023692003949	3	CheckV-002057	27.3	44.0	1.5199999999999998	5.34	1	1.01
k141_131999	3390	NA	102039.45496453233	3.3222443232162724	low	14.855914629916	29	CheckV-006211	51.3	14.8	NA	NA	0	1.0
k141_28468	3014	NA	NA	NA	NA	NA	0	NA	NA	NA	NA	NA	0	1.0
k141_94306	10756	NA	302431.518989583	3.5565076139998757	high	4.48569873616738	2	CheckV-001458	27.55	64.31	0.8726689341439905	6.728096307101114	4	1.0
k141_129706	1194	NA	64990.30671964582	1.837197053324673	medium	9.28434547078065	20	CheckV-040329	45.5	77.92	NA	NA	0	1.0
k141_132014	3566	NA	NA	NA	NA	NA	0	NA	NA	NA	NA	NA	0	1.0
k141_148550	2514	NA	353709.7872715313	0.7107521732414165	medium	7.44985673352436	44	CheckV-062241	61.1	38.13	NA	NA	0	1.0
k141_26162	2304	NA	522342.41902006324	0.4410899662949838	medium	8.74144713788569	54	CheckV-001225	51.6	76.29	0.19	1.8	1	1.0
k141_77917	19551	NA	106233.0	18.4038857981983	medium	7.91573688186916	1	CheckV-000545	52.08	63.83	16.624755965376945	54.33168121436622	4	1.0
k141_80463	1027	NA	49813.16146036481	2.06170411572283	high	3.23699421965318	36	CheckV-018112	72.6	69.21	NA	NA	0	1.0
k141_12009	10905	NA	574452.5734324564	1.898329036083986	low	27.4561384438116	11	CheckV-045271	33.5	10.3	0.7373228772309356	6.467052460789616	2	1.0
k141_124991	3286	NA	89921.08838524287	3.6543151990354157	low	11.1946870712599	2	CheckV-060043	28.1	96.33	NA	NA	0	1.0
k141_37904	2573	NA	64767.27151792181	3.9726854933020035	medium	7.90591497421755	126	CheckV-011671	51.0	37.62	2.36	7.99	1	1.0
k141_132054	4821	NA	85840.26935281674	5.616245191618571	low	19.4362889019378	5	CheckV-000072	35.0	21.97	NA	NA	0	1.0
k141_82642	2587	NA	75482.28629895477	3.427294173038083	low	10.8819485366333	19	CheckV-044734	41.5	51.77	NA	NA	0	1.0
k141_47322	3583	NA	62085.43278137749	5.771080009407167	low	15.1657311952622	6	CheckV-044818	40.6	24.65	2.48	10.14	1	1.0
k141_14514	1524	NA	145989.5016271738	1.0439106805720677	low	10.7907508297973	6	CheckV-011238	47.4	32.25	0.68	0.89	1	1.0
k141_139212	4146	NA	31591.784068421937	13.1236652891161	low	19.5078163840247	2	CheckV-021495	27.5	42.3	NA	NA	0	1.0
k141_99169	3302	NA	NA	NA	NA	NA	0	NA	NA	NA	NA	NA	0	1.0
k141_42838	7145	NA	94021.04170021857	7.599362728591625	low	25.8572281138783	5	CheckV-000116	39.2	6.51	NA	NA	0	1.0
k141_23886	9147	NA	198615.74884430788	4.605374978179705	low	13.3435582822086	150	CheckV-062295	35.79	26.97	2.2575919403294313	4.0066114161400606	3	1.0
k141_4968	1270	NA	NA	NA	NA	NA	0	NA	NA	NA	NA	NA	0	1.0
k141_148604	6298	NA	36603.0	17.20623992568915	low	11.8740654837217	1	CheckV-060046	59.63	20.52	6.97	17.99	1	1.0
k141_66222	1106	NA	142894.70082054727	0.773996511871324	medium	5.99083426346975	173	CheckV-000016	55.7	100.0	NA	NA	0	1.0
k141_141519	2418	NA	37145.18601787781	6.509591845458057	medium	8.20276497695852	2	CheckV-060046	47.55	65.93	3.6199999999999997	7.930000000000001	1	1.0
k141_99195	3367	NA	NA	NA	NA	NA	0	NA	NA	NA	NA	NA	0	1.0
k141_87542	6706	NA	94771.2388888889	7.07598642649613	low	25.4390035413359	2	CheckV-040730	40.4	13.78	NA	NA	0	1.0
k141_134555	2877	NA	78982.80694837993	3.6425648962821673	low	21.1303462321792	6	CheckV-004503	31.7	38.55	3.2899999999999996	8.39	1	1.0
k141_87545	3526	NA	NA	NA	NA	NA	0	NA	NA	NA	0.79	1.04	1	1.0
k141_61593	3804	NA	NA	NA	NA	NA	0	NA	NA	NA	NA	NA	0	1.0
k141_28548	3630	NA	46858.83841924598	7.7466709002096765	low	15.1657311952622	6	CheckV-041896	37.7	25.51	NA	NA	0	1.0
k141_59183	11119	NA	81511.62033022183	13.640999841439099	low	23.5973739108457	161	CheckV-016986	47.1	11.05	12.190000000000001	27.78	1	1.0
k141_106277	1960	NA	NA	NA	NA	NA	0	NA	NA	NA	NA	NA	0	1.0
k141_134584	5203	NA	250647.7983920155	2.0758211455990767	low	25.7423874966316	4	CheckV-061139	36.2	13.68	7.786604361370716	9.358769470404983	2	1.02
k141_118089	3699	NA	NA	NA	NA	NA	0	NA	NA	NA	NA	NA	0	1.0
k141_73392	1565	NA	41667.16513258822	3.7559550668255115	medium	7.80727581216628	2	CheckV-060046	58.51	47.33	2.0879775280898873	4.074044943820225	2	1.0
k141_78071	1509	NA	56913.212189570324	2.651405432843471	low	12.9831144465291	36	CheckV-031110	35.6	60.16	NA	NA	0	1.0
k141_16937	2016	NA	92276.14015676135	2.1847467791513187	low	16.4303586321935	10	CheckV-001195	25.4	100.0	NA	NA	0	1.0
k141_132131	1192	NA	74722.57524653425	1.595234099021884	medium	6.28729461781732	17	CheckV-060044	54.4	56.12	NA	NA	0	1.0
k141_110987	5825	NA	39213.59721091059	14.854541318079539	low	10.2654867256637	6	CheckV-060046	49.8	39.14	6.45	16.64	1	1.0
k141_96888	2656	NA	315362.3273758865	0.8422058595585712	low	15.1381313075547	13	CheckV-000894	35.8	41.26	0.20999999999999996	0.43999999999999995	1	1.0
k141_49797	4164	NA	44982.81208413002	9.256869028579615	low	16.354663036079	3	CheckV-015555	38.3	19.94	2.14	9.72	1	1.0
k141_111002	5952	2192	55856.7985468969	3.924320865184594	low	15.1657311952622	128	CheckV-010663	42.06	25.0	3.55	5.53	1	1.0
k141_33291	2817	NA	705093.0812118866	0.3995217191974498	low	18.8069420012078	49	CheckV-014469	31.7	57.65	NA	NA	0	1.0
k141_63985	6488	NA	NA	NA	NA	NA	0	NA	NA	NA	NA	NA	0	1.0
k141_118142	2835	NA	35721.29132111402	7.936443211178925	medium	6.50440235702245	8	CheckV-060046	50.9	42.8	3.2159999999999997	9.0	2	1.0
k141_80573	6714	NA	58153.02844192493	11.54540043723604	low	16.354663036079	1319	CheckV-011698	37.8	21.17	3.61	22.740000000000002	1	1.0
k141_21575	5911	NA	NA	NA	NA	NA	0	NA	NA	NA	1.75	5.75	1	1.0
k141_56863	2973	NA	51679.746893291	5.752737152793508	medium	9.53752329324072	79	CheckV-056181	48.37	90.91	4.546124031007752	7.14468992248062	3	1.0
k141_68659	4673	NA	NA	NA	NA	NA	0	NA	NA	NA	NA	NA	0	1.0
k141_28623	1942	NA	341086.64045149484	0.5693568054818516	low	16.0955816050496	5	CheckV-048530	46.4	22.48	0.94	4.58	1	1.0
k141_47389	3896	NA	52362.52603276243	7.44043554652488	low	13.1821249631444	2	CheckV-060044	39.65	33.19	NA	NA	0	1.0
k141_12126	4855	NA	7219.572255642213	67.24775136374234	medium	5.43302927220296	114	CheckV-004439	41.7	100.0	45.26	100.0	1	1.0
k141_144000	5484	NA	152773.12975926287	3.5896364816519686	low	13.1821249631444	166	CheckV-039953	39.47	33.81	1.735634779927542	3.5761851537809295	3	1.0
k141_9841	1031	NA	83292.24500786705	1.2378103146368797	low	12.972234865726	115	CheckV-005417	40.4	52.46	0.55	2.33	1	1.0
k141_42938	5055	NA	125906.90252070688	4.014871225323525	medium	8.50356765363445	2	CheckV-044766	35.28	49.54	5.772406060779728	14.670749529945713	3	1.0
k141_38014	3655	NA	41870.887571951076	8.729215481088705	medium	9.77042178323545	33	CheckV-059090	44.8	46.19	3.25	12.24	1	1.0
k141_96916	2678	NA	NA	NA	NA	NA	0	NA	NA	NA	NA	NA	0	1.0
k141_89891	1181	NA	69941.39393300397	1.6885565665609494	low	11.7908597461902	4	CheckV-044786	43.1	39.42	NA	NA	0	1.0
k141_47438	5261	NA	143855.0	3.6571547739042787	low	25.7423874966316	1	CheckV-044766	35.5	14.95	NA	NA	0	1.0
k141_132240	1204	NA	352856.1577830315	0.34121552747290584	medium	7.29637658717869	11	CheckV-054979	48.68	100.0	0.5236826347305389	1.2311377245508983	2	1.0
k141_7544	6542	NA	76276.5344220486	8.57668750890308	low	16.7746825248758	16	CheckV-059154	37.0	26.8	NA	NA	0	1.0
k141_7549	6698	NA	253344.88842862594	2.6438267776170297	low	25.7423874966316	36	CheckV-001225	37.5	14.47	NA	NA	0	1.0
k141_82828	11254	NA	113689.7599501339	9.898868644754092	low	23.7881428775411	46	CheckV-061723	50.9	4.19	4.57	23.18	1	1.0
k141_61666	8370	NA	NA	NA	NA	NA	0	NA	NA	NA	NA	NA	0	1.0
k141_122981	2699	NA	46474.0	5.807548306580023	low	14.1004862236629	1	CheckV-059090	63.3	7.82	NA	NA	0	1.0
k141_125140	1908	NA	NA	NA	NA	NA	0	NA	NA	NA	NA	NA	0	1.0
k141_80643	2875	NA	63763.890827847645	4.50882147038681	low	17.1259981821213	26	CheckV-041905	44.9	12.73	1.22	1.6	1	1.0
k141_85202	4538	NA	32429.723170992373	13.993335607807884	medium	9.11498034181176	7	CheckV-022890	32.1	70.53	8.002173913043478	14.387391304347826	2	1.0
k141_12186	2701	NA	NA	NA	NA	NA	0	NA	NA	NA	NA	NA	0	1.0
k141_31085	3504	NA	56061.183689843914	6.250313977289044	medium	8.06270996640538	12	CheckV-017228	35.8	60.86	NA	NA	0	1.0
k141_92280	1260	NA	NA	NA	NA	NA	0	NA	NA	NA	1.62	4.56	1	1.0
k141_132285	3465	NA	505140.22125870764	0.6859481494793501	low	15.7159037542474	7	CheckV-001225	30.71	75.18	0.28	1.427962154294032	2	1.0
k141_2750	8713	NA	138751.89348886648	6.27955394403258	low	18.6356392398109	23	CheckV-016918	42.2	16.43	NA	NA	0	1.0
k141_28739	2762	NA	NA	NA	NA	NA	0	NA	NA	NA	NA	NA	0	1.01
k141_89936	3532	NA	NA	NA	NA	NA	0	NA	NA	NA	0.79	1.04	1	1.0
k141_87709	4645	NA	17189.0	27.023096166152772	low	17.2676003861331	1	CheckV-058714	52.9	6.8	NA	NA	0	1.0
k141_148757	2578	NA	159284.88183789942	1.6184837947292272	medium	8.41622724100411	620	CheckV-010090	47.6	28.54	NA	NA	0	1.0
k141_101719	2527	NA	111717.0	2.261965502116956	low	16.4303586321935	1	CheckV-032045	22.6	100.0	NA	NA	0	1.0
k141_80723	4961	NA	NA	NA	NA	NA	0	NA	NA	NA	NA	NA	0	1.0
k141_75872	4082	NA	126931.50101589793	3.215907767047313	medium	6.86392568381215	2	CheckV-016191	22.8	97.05	NA	NA	0	1.0
k141_75875	2700	NA	NA	NA	NA	NA	0	NA	NA	NA	NA	NA	0	1.0
k141_68776	4064	NA	70563.08252611072	5.759385580265974	low	26.9656238848579	5	CheckV-001051	41.9	9.01	NA	NA	0	1.0
k141_54739	3744	NA	NA	NA	NA	NA	0	NA	NA	NA	NA	NA	0	1.0
k141_9935	5219	NA	NA	NA	NA	NA	0	NA	NA	NA	NA	NA	0	1.0
k141_40491	5894	NA	NA	NA	NA	NA	0	NA	NA	NA	NA	NA	0	1.0
k141_92299	3646	NA	12364.946633898007	29.486580961090738	medium	8.28456428871274	2	CheckV-044210	40.0	49.28	NA	NA	0	1.0
k141_82914	4527	NA	42591.65076088063	10.628843726709782	medium	9.41844440769528	50	CheckV-004402	31.37	64.47	NA	NA	0	1.0
k141_87743	5610	NA	NA	NA	NA	NA	0	NA	NA	NA	1.0247448015122873	3.550812854442344	2	1.0
k141_97019	10887	NA	118541.86128981913	9.184097399468639	low	15.7472323702244	47	CheckV-002033	40.1	18.26	NA	NA	0	1.0
k141_40504	5287	NA	NA	NA	NA	NA	0	NA	NA	NA	NA	NA	0	1.0
k141_38161	18515	NA	169641.7203488181	10.914178400177367	low	26.8672114679771	16	CheckV-045085	40.6	5.84	7.42	13.609999999999998	1	1.0
k141_148792	1711	NA	NA	NA	NA	NA	0	NA	NA	NA	NA	NA	0	1.0
k141_125221	5489	NA	361000.6604654261	1.5204958331442429	medium	8.06270996640538	48	CheckV-000616	35.29	58.34	NA	NA	0	1.0
k141_19410	5141	NA	NA	NA	NA	NA	0	NA	NA	NA	NA	NA	0	1.01
k141_111190	7945	NA	143855.0	5.522922387125925	medium	7.17902053223105	1	CheckV-044766	48.23	52.33	7.03388620862698	24.191351923790815	3	1.0
k141_49975	3534	NA	NA	NA	NA	NA	0	NA	NA	NA	NA	NA	0	1.0
k141_111201	4312	NA	335346.00000000006	1.2858361214983924	low	14.0086581853272	1	CheckV-002356	28.3	37.59	NA	NA	0	1.01
k141_71078	4160	NA	157826.5729339089	2.6358045560186065	medium	6.46233739979285	248	CheckV-000645	37.4	68.56	1.79	2.69	1	1.0
k141_639	9127	NA	143855.0	6.344583087136352	medium	5.65610859728507	1	CheckV-044766	53.69	66.1	3.8263210702341133	16.28929765886288	2	1.0
k141_82977	3312	NA	55145.0	6.005984223411008	low	19.4474773902474	1	CheckV-054129	35.5	23.22	1.88	7.83	1	1.0
k141_80794	6347	NA	106233.0	5.974602995302778	medium	8.40200644930133	1	CheckV-000545	42.45	57.1	5.22	19.9	1	1.0
k141_80795	2530	NA	500993.2787170099	0.5049967948630087	low	12.1929432782492	29	CheckV-016977	40.1	35.57	NA	NA	0	1.0
k141_28812	3216	NA	43881.0	7.328912285499419	low	51.690248465207	1	CheckV-011590	20.3	52.73	NA	NA	0	1.0
k141_17142	2684	NA	137902.18211383224	1.9463071278919104	medium	9.89099717400081	10	CheckV-038831	44.9	39.36	NA	NA	0	1.0
k141_115842	6173	NA	353584.8643757712	1.7458326478136983	medium	6.64055213579556	18	CheckV-062241	42.65	64.04	1.39	1.82	1	1.0
k141_75967	1655	NA	36792.74694368361	4.49816917049767	low	15.5486016037551	3	CheckV-060046	42.6	25.62	1.92	6.44	1	1.0
k141_120557	2625	388	6394.963568550479	6.067274595716679	low	11.3595528049511	41	CheckV-010310	47.0	83.94	3.62	8.81	1	1.0
k141_684	1395	NA	NA	NA	NA	NA	0	NA	NA	NA	NA	NA	0	1.0
k141_73622	3218	NA	191523.45214010432	1.6802119865957463	low	18.9139941690962	25	CheckV-000484	30.8	22.08	NA	NA	0	1.0
k141_38202	11156	NA	114562.39865045788	9.737924599534747	low	20.6566983698812	2	CheckV-044766	34.0	15.38	7.2	30.26	1	1.0
k141_43161	3834	NA	93758.14022508652	4.089244934675177	low	13.1821249631444	57	CheckV-000715	37.77	36.71	NA	NA	0	1.0
k141_17159	6213	NA	NA	NA	NA	NA	0	NA	NA	NA	NA	NA	0	1.0
k141_21806	3774	NA	NA	NA	NA	NA	0	NA	NA	NA	NA	NA	0	1.0
k141_115888	5068	NA	122788.79210284971	4.127412537583209	high	4.90281702200531	34	CheckV-000545	67.23	38.22	NA	NA	0	1.0
k141_7778	3019	NA	76243.66927294152	3.959673017824481	low	17.1259981821213	16	CheckV-059154	43.1	16.16	NA	NA	0	1.0
k141_83000	1317	NA	118607.80753020267	1.1103822146485887	low	13.92	18	CheckV-027309	35.4	100.0	0.69	1.69	1	1.0
k141_99488	3326	NA	50973.07716729406	6.525013173295465	low	20.2028081123245	97	CheckV-029551	28.5	52.12	NA	NA	0	1.0
k141_5238	4685	NA	87303.06833128733	5.36636350766266	low	10.3161857728861	363	CheckV-003214	31.2	47.11	NA	NA	0	1.0
k141_21811	4635	NA	NA	NA	NA	NA	0	NA	NA	NA	NA	NA	0	1.0
k141_101825	3241	NA	NA	NA	NA	NA	0	NA	NA	NA	NA	NA	0	1.0
k141_40612	6928	NA	37950.0	18.255599472990777	low	27.3188716901985	1	CheckV-052005	25.3	19.09	NA	NA	0	1.0
k141_24189	3598	NA	65882.42828087787	5.461243754799952	low	13.1821249631444	58	CheckV-011374	38.7	33.37	NA	NA	0	1.0
k141_24200	7002	NA	313100.1009742248	2.2363454940490173	low	14.6911520575663	12	CheckV-039953	35.67	33.74	3.280166453265045	8.437682458386684	2	1.0
k141_17205	3980	NA	NA	NA	NA	NA	0	NA	NA	NA	NA	NA	0	1.0
k141_92447	3106	NA	91550.81574776082	3.3926513648524947	low	14.7807123818755	5	CheckV-025049	33.71	45.7	1.6284269662921345	5.125441412520064	2	1.0
k141_68875	2171	NA	303927.5258755606	0.7143150307777287	low	18.8069420012078	8	CheckV-000293	28.9	58.44	0.16135768435561681	0.48675396278428673	2	1.0
k141_33512	4024	NA	261627.89220269228	1.538062309076154	medium	6.36	157	CheckV-050294	39.2	86.08	0.2	1.01	1	1.0
k141_57122	2298	NA	34932.0	6.578495362418413	low	15.7159037542474	1	CheckV-012721	29.8	74.75	3.44	7.54	1	1.0
k141_120620	1567	285	NA	NA	NA	NA	0	NA	NA	NA	0.42	0.83	1	1.0
k141_26579	1418	NA	57790.99999999999	2.4536692564586184	low	10.7012750455373	1	CheckV-000145	41.0	65.02	NA	NA	0	1.0
k141_31329	5241	NA	NA	NA	NA	NA	0	NA	NA	NA	NA	NA	0	1.0
k141_125336	5648	NA	27944.000000000004	20.21185227598053	low	23.3177068073054	1	CheckV-022609	29.3	20.09	6.56	21.99	1	1.0
k141_12380	3413	NA	369286.0	0.9242159193687277	low	14.7807123818755	2	CheckV-062241	34.75	45.74	NA	NA	0	1.0
k141_40666	3117	NA	NA	NA	NA	NA	0	NA	NA	NA	6.690000000000001	8.01	1	1.0
k141_31355	3682	NA	302191.2535460453	1.2184336762873809	low	10.6438896189225	8	CheckV-018102	51.42	27.81	1.8534574468085105	3.0687765957446813	2	1.0
k141_35927	10608	NA	62420.39030705125	16.994446763018203	low	18.6356392398109	2	CheckV-000211	38.7	13.7	NA	NA	0	1.03
k141_38287	3059	NA	NA	NA	NA	NA	0	NA	NA	NA	NA	NA	0	1.0
k141_125361	1160	NA	44781.784514659834	2.5903389348413763	medium	7.92314988883452	12	CheckV-059782	54.0	37.04	1.9553868871825162	3.1890844654459536	3	1.0
k141_129983	2580	NA	130663.0221652446	1.9745448691192609	low	14.7807123818755	210	CheckV-001623	34.1	43.88	NA	NA	0	1.0
k141_90212	4307	NA	71903.63225806452	5.9899616538731095	low	23.0547056367741	2	CheckV-008068	28.5	25.53	NA	NA	0	1.0
k141_101917	6055	NA	226952.00040706366	2.667965027468224	medium	5.63060811237177	8	CheckV-039953	33.28	85.19	1.9072158712257137	10.436293296423507	3	1.01
k141_94824	1585	NA	85359.1398374924	1.8568603233555763	low	NA	3	CheckV-020112	21.9	100.0	NA	NA	0	1.0
k141_14905	2911	NA	369286.0	0.7882779200944525	low	12.3257720688713	2	CheckV-062241	34.0	64.77	0.76	0.89	1	1.0
k141_92500	1812	NA	292235.5029404332	0.6200478661106904	medium	6.41143235675985	13	CheckV-062241	53.46	50.7	NA	NA	0	1.0
k141_24289	11834	NA	235111.32489140678	5.0333602626185225	low	25.5595308871383	82	CheckV-018382	29.5	13.07	NA	NA	0	1.0
k141_31412	3923	NA	NA	NA	NA	NA	0	NA	NA	NA	NA	NA	0	1.0
k141_144226	5499	NA	47782.071968429496	11.508500518004517	low	16.7746825248758	82	CheckV-011205	33.7	24.3	1.84	15.8	1	1.01
k141_78514	5518	NA	46468.27388603034	11.87476860778955	low	10.4744923756553	78	CheckV-009333	29.7	49.49	NA	NA	0	1.0
k141_35969	2656	NA	355858.4662802118	0.7463641452072689	high	4.08059193313848	22	CheckV-062241	61.44	75.0	1.07	3.3099999999999996	1	1.0
k141_137266	2698	NA	200475.94921928347	1.34579734402399	low	23.4654606721646	3	CheckV-022616	24.7	67.33	NA	NA	0	1.0
k141_85443	5804	NA	1058104.2881032592	0.5485281616620379	low	10.738170664253	20	CheckV-000616	29.1	56.66	NA	NA	0	1.0
k141_85458	3774	NA	244857.98113632196	1.5413016077670212	medium	5.88604635628883	16	CheckV-000670	34.0	75.66	NA	NA	0	1.0
k141_106629	7083	NA	89300.25405678399	7.931668364007209	low	22.6418050767784	266	CheckV-037678	29.76	28.19	9.595233333333333	13.3962	2	1.0
k141_21953	1313	NA	92067.74257646796	1.4261238119414865	low	18.5122354407915	2	CheckV-023259	29.0	57.85	NA	NA	0	1.0
k141_55009	3670	NA	NA	NA	NA	NA	0	NA	NA	NA	NA	NA	0	1.0
k141_125387	3700	NA	92066.49402828571	4.018834472900906	low	10.3161857728861	4	CheckV-001119	30.0	46.76	NA	NA	0	1.0
k141_144254	2833	NA	114695.0	2.470029207899211	low	14.7561633975166	1	CheckV-009962	29.8	80.24	NA	NA	0	1.0
k141_111422	18344	NA	90070.9978380243	20.366156077218356	low	24.0809313623841	26	CheckV-012808	30.9	9.83	NA	NA	0	1.0
k141_123284	2851	NA	475947.8115693529	0.5990152556010997	low	14.953663227837	4	CheckV-000929	41.3	9.3	0.22999999999999998	0.6	2	1.0
k141_35995	6799	NA	115347.31784525262	5.894371994953005	low	16.7746825248758	2	CheckV-044766	33.8	25.19	4.39	18.44	1	1.0
k141_144270	5563	NA	112826.80036147336	4.930566126290311	low	27.3298538986542	269	CheckV-046063	35.6	11.99	NA	NA	0	1.0
k141_55036	3319	NA	NA	NA	NA	NA	0	NA	NA	NA	NA	NA	0	1.0
k141_68991	3982	NA	NA	NA	NA	NA	0	NA	NA	NA	NA	NA	0	1.0
k141_139668	5619	NA	52861.33342661256	10.629697807000769	low	25.8572281138783	4	CheckV-044710	40.0	7.14	NA	NA	0	1.0
k141_141920	3496	NA	84074.97642626827	4.158193256308443	medium	9.38815150534153	236	CheckV-007868	47.4	34.06	NA	NA	0	1.0
k141_144302	11299	NA	186263.00829291545	6.066153501736265	medium	7.75586858715155	163	CheckV-023449	39.68	48.56	NA	NA	0	1.0
k141_116033	3585	NA	NA	NA	NA	NA	0	NA	NA	NA	NA	NA	0	1.0
k141_38404	2745	NA	NA	NA	NA	NA	0	NA	NA	NA	NA	NA	0	1.0
k141_5409	3942	NA	94784.77229954345	4.1588958905153035	low	12.4955291822468	44	CheckV-059738	33.6	39.17	NA	NA	0	1.0
k141_876	2649	NA	367069.41574209445	0.7216618673186344	high	4.08059193313848	49	CheckV-008173	61.02	73.36	1.05	1.92	1	1.0
k141_127850	3924	NA	NA	NA	NA	NA	0	NA	NA	NA	NA	NA	0	1.0
k141_111437	3112	NA	NA	NA	NA	NA	0	NA	NA	NA	NA	NA	0	1.0
k141_109057	2040	NA	NA	NA	NA	NA	0	NA	NA	NA	2.37	7.94	1	1.0
k141_45549	3345	NA	246242.74972497256	1.3584156299976409	low	NA	6	CheckV-000366	33.8	10.89	NA	NA	0	1.0
k141_29062	10153	NA	69638.44240853957	14.579590882341396	low	27.4561384438116	152	CheckV-038979	36.2	10.32	NA	NA	0	1.0
k141_10163	1181	NA	36159.22590064467	3.2661097426284904	low	13.92	2	CheckV-044817	33.8	100.0	1.51	4.28	1	1.0
k141_149044	2622	NA	NA	NA	NA	NA	0	NA	NA	NA	NA	NA	0	1.0
k141_59616	2733	NA	36831.27211752486	7.42032474816312	low	14.8448260270765	3	CheckV-054009	40.9	32.16	NA	NA	0	1.0
k141_43374	1000	NA	NA	NA	NA	NA	0	NA	NA	NA	NA	NA	0	1.0
k141_85536	11296	NA	NA	NA	NA	NA	0	NA	NA	NA	NA	NA	0	1.0
k141_7903	4245	NA	NA	NA	NA	NA	0	NA	NA	NA	NA	NA	0	1.0
k141_130065	3757	NA	76248.85261496647	4.927287258959434	low	25.4390035413359	16	CheckV-059154	38.2	13.34	NA	NA	0	1.0
k141_92571	5418	NA	143855.0	3.7662924472559176	medium	8.72970391595033	1	CheckV-044766	48.21	53.25	0.25	13.13	1	1.0
k141_146637	5256	NA	106233.0	4.9476151478354184	low	10.2654867256637	1	CheckV-000545	49.07	40.85	2.82	17.8	1	1.0
k141_125473	4833	NA	303740.19846659724	1.5911624554138468	medium	8.28456428871274	47	CheckV-039953	41.23	48.68	1.9326494345718899	3.3524232633279483	2	1.01
k141_7918	4338	NA	369286.0	1.1746992845653503	low	16.354663036079	2	CheckV-062241	39.8	19.21	NA	NA	0	1.0
k141_90317	4156	NA	143855.0	2.889020193945292	medium	5.52694816340542	1	CheckV-044766	50.32	69.6	NA	NA	0	1.0
k141_26752	18137	NA	NA	NA	NA	NA	0	NA	NA	NA	NA	NA	0	1.0
k141_104277	1237	NA	36671.0	3.3732377082708407	medium	9.3902347558689	1	CheckV-008155	31.3	29.41	NA	NA	0	1.0
k141_113695	1352	NA	36603.0	3.6936863098653117	low	10.8503425550577	1	CheckV-060046	41.6	24.36	NA	NA	0	1.0
k141_50209	1357	NA	42443.91019718167	3.1971606614371417	medium	7.29637658717869	71	CheckV-005798	51.4	100.0	1.9299999999999997	3.71	1	1.0
k141_12526	5904	NA	93011.19776238479	6.347622804603502	low	25.7423874966316	6	CheckV-013099	36.0	14.48	NA	NA	0	1.0
k141_62020	3248	NA	117845.63426294821	2.7561479220797933	low	16.0955816050496	2	CheckV-044766	43.8	21.44	NA	NA	0	1.0
k141_106746	1141	NA	70323.26288037893	1.6225071950100787	medium	7.29637658717869	4	CheckV-060044	48.4	100.0	NA	NA	0	1.0
k141_83223	2812	NA	NA	NA	NA	NA	0	NA	NA	NA	NA	NA	0	1.0
k141_71402	5672	NA	NA	NA	NA	NA	0	NA	NA	NA	NA	NA	0	1.0
k141_81132	2997	NA	91150.30722310247	3.2879757526921383	medium	7.41878841088674	8	CheckV-017304	49.5	36.73	NA	NA	0	1.0
k141_118638	3122	NA	110575.50602409638	2.8234100952878847	low	NA	2	CheckV-042432	22.2	100.0	NA	NA	0	1.0
k141_12582	2023	NA	NA	NA	NA	NA	0	NA	NA	NA	NA	NA	0	1.0
k141_90383	3159	NA	297553.11560122645	1.0616591910378839	low	15.1381313075547	91	CheckV-049466	36.1	41.67	0.26	2.48	1	1.0
k141_17455	6263	NA	NA	NA	NA	NA	0	NA	NA	NA	NA	NA	0	1.0
k141_36175	1136	NA	61304.0	1.853060159206577	low	12.972234865726	1	CheckV-000211	38.0	49.87	1.71	3.2400000000000007	1	1.0
k141_45651	3713	NA	165522.44930162624	2.243200252090228	low	13.9757982883961	217	CheckV-001623	41.8	29.04	NA	NA	0	1.0
k141_76249	7816	NA	143855.0	5.4332487574293555	medium	8.09239400932085	1	CheckV-044766	49.69	54.84	4.317449334601469	16.164826405357957	3	1.0
k141_43498	1155	NA	146341.85335995283	0.7892478969492616	low	19.0715755774068	21	CheckV-032716	29.1	100.0	NA	NA	0	1.0
k141_106787	2899	NA	17189.0	16.865437198208156	low	16.0809671071127	1	CheckV-058714	51.9	10.33	NA	NA	0	1.0
k141_45697	3716	NA	159251.93501099074	2.3334096378443006	low	14.2776536177134	150	CheckV-051944	26.48	60.0	NA	NA	0	1.0
k141_57437	2623	NA	93791.84994842192	2.7966182578149827	medium	9.38815150534153	7	CheckV-044766	44.4	36.54	0.12	6.36	1	1.0
k141_8021	3521	NA	NA	NA	NA	NA	0	NA	NA	NA	NA	NA	0	1.0
k141_88209	1111	NA	44640.46217183096	2.4887735161063445	medium	6.03013749241285	41	CheckV-021486	50.3	73.51	0.77	3.7899999999999996	1	1.0
k141_81185	3536	NA	NA	NA	NA	NA	0	NA	NA	NA	NA	NA	0	1.0
k141_62104	3222	NA	124790.09773055227	2.5819356331917995	low	16.7547169811321	2	CheckV-044766	35.1	28.85	NA	NA	0	1.0
k141_17531	5176	NA	106233.0	4.872308981201698	high	3.19149579737011	1	CheckV-000545	63.15	77.14	NA	NA	0	1.0
k141_116195	10596	NA	56593.0	18.723163642146556	low	26.2150433075829	1	CheckV-060044	40.7	2.14	NA	NA	0	1.0
k141_55203	3528	NA	NA	NA	NA	NA	0	NA	NA	NA	0.5	1.9399999999999997	1	1.0
k141_59733	2562	NA	NA	NA	NA	NA	0	NA	NA	NA	NA	NA	0	1.0
k141_57472	1596	NA	NA	NA	NA	NA	0	NA	NA	NA	NA	NA	0	1.0
k141_120943	2539	NA	NA	NA	NA	NA	0	NA	NA	NA	NA	NA	0	1.0
k141_123487	4580	NA	352004.0113111286	1.3011215363542656	medium	8.89537258399073	17	CheckV-000293	43.28	48.13	0.37	1.995975195849706	4	1.0
k141_83337	5971	NA	NA	NA	NA	NA	0	NA	NA	NA	NA	NA	0	1.0
k141_132826	4325	NA	NA	NA	NA	NA	0	NA	NA	NA	NA	NA	0	1.0
k141_26892	2799	NA	74243.63470382153	3.7700201655885897	low	11.6206370876712	414	CheckV-015276	49.4	25.03	NA	NA	0	1.0
k141_33852	10919	NA	52200.87681607382	20.917273168556807	medium	9.84324247987572	78	CheckV-001008	37.84	38.51	9.303506912298198	26.092995175138192	4	1.0
k141_8066	1794	NA	73229.11666630994	2.4498452004752287	low	11.7390330599321	108	CheckV-037509	41.2	38.54	2.05	5.23	1	1.0
k141_55227	2764	NA	89048.95985361292	3.1039104831136983	high	4.93937043075139	5	CheckV-000545	52.1	47.68	NA	NA	0	1.0
k141_92724	4298	NA	243606.68514428436	1.764319397661178	low	16.7746825248758	7	CheckV-043352	35.5	25.76	NA	NA	0	1.0
k141_47874	6627	NA	103324.47018672618	6.413775931319853	low	16.354663036079	4	CheckV-000545	41.81	21.82	NA	NA	0	1.0
k141_50339	4814	NA	NA	NA	NA	NA	0	NA	NA	NA	NA	NA	0	1.0
k141_62143	1413	NA	335371.19858457183	0.4213241941954292	medium	6.03013749241285	4	CheckV-002649	50.75	73.29	0.32	0.49	1	1.0
k141_5667	2651	NA	33719.161073825504	7.861998684355877	low	12.2982618713685	2	CheckV-044737	37.5	76.25	2.36	8.88	1	1.0
k141_128051	2716	NA	NA	NA	NA	NA	0	NA	NA	NA	NA	NA	0	1.0
k141_76310	3273	NA	320533.85565368325	1.0211089849854336	low	11.8649517684887	15	CheckV-062204	34.13	72.29	0.8984178498985801	2.779533468559838	2	1.0
k141_36283	2598	567	51530.0	1.1003299049097612	low	16.0955816050496	2	CheckV-009466	45.1	18.94	0.2	1.24	1	1.0
k141_69224	1629	NA	NA	NA	NA	NA	0	NA	NA	NA	0.69	0.91	1	1.0
k141_36295	2911	NA	187663.06864661927	1.5511842692296514	low	12.1929432782492	85	CheckV-001071	39.6	35.71	NA	NA	0	1.0
k141_33923	2610	NA	NA	NA	NA	NA	0	NA	NA	NA	NA	NA	0	1.0
k141_142134	1591	NA	38059.0	4.180351559420899	low	10.8990753492032	1	CheckV-054009	43.7	78.22	2.04	5.76	1	1.0
k141_17591	20062	NA	97733.63383580899	20.527222014177692	medium	8.76998172438522	28	CheckV-000545	50.73	20.59	13.869999999999997	56.78	1	1.0
k141_10471	3058	NA	59755.560123120435	5.117515413961969	medium	9.38815150534153	271	CheckV-016669	43.95	37.21	2.24	8.86	1	1.0
k141_17595	2821	NA	NA	NA	NA	NA	0	NA	NA	NA	NA	NA	0	1.0
k141_45776	1118	NA	378574.40856696304	0.2953184300629359	medium	6.28729461781732	32	CheckV-008173	57.1	54.44	0.47755166931637516	2.276232114467409	2	1.0
k141_149240	2715	NA	NA	NA	NA	NA	0	NA	NA	NA	NA	NA	0	1.0
k141_33938	6860	NA	143855.0	4.768690695491989	medium	6.64055213579556	1	CheckV-044766	44.33	64.7	NA	NA	0	1.0
k141_102182	3352	NA	55366.54217096336	6.054197839643914	low	23.4654606721646	2	CheckV-013796	27.1	65.74	3.71	9.57	1	1.0
k141_3231	4643	3548	119420.6056589499	2.971011560712259	low	23.0547056367741	22	CheckV-007432	30.18	27.47	1.8983164627458955	8.991533076657356	3	1.0
k141_116256	1484	NA	45567.790796787514	3.2566862997988935	high	3.90091512983695	6	CheckV-060045	63.51	100.0	2.79	4.38	1	1.0
k141_24615	2856	NA	NA	NA	NA	NA	0	NA	NA	NA	NA	NA	0	1.0
k141_128100	3153	NA	106233.0	2.968004292451498	low	11.2581598019399	1	CheckV-000545	56.0	22.24	NA	NA	0	1.01
k141_71529	2722	NA	NA	NA	NA	NA	0	NA	NA	NA	NA	NA	0	1.0
k141_106941	3540	NA	NA	NA	NA	NA	0	NA	NA	NA	NA	NA	0	1.0
k141_59832	3671	NA	NA	NA	NA	NA	0	NA	NA	NA	NA	NA	0	1.0
k141_123588	4521	NA	101356.6946967764	4.460484838742269	medium	8.06270996640538	74	CheckV-000642	37.41	58.93	NA	NA	0	1.0
k141_64701	2507	NA	72671.12428076129	3.4497883785509216	low	11.8649517684887	4	CheckV-044765	34.16	68.5	NA	NA	0	1.0
k141_123599	2665	NA	NA	NA	NA	NA	0	NA	NA	NA	NA	NA	0	1.0
k141_55318	1027	NA	NA	NA	NA	NA	0	NA	NA	NA	1.0857707509881422	2.9550790513833993	2	1.0
k141_47960	1479	NA	50334.31903089091	2.938353053097462	low	10.0651710208396	84	CheckV-027681	51.4	24.3	2.1	4.05	1	1.0
k141_38659	5991	NA	236512.97950121044	2.5330533709543577	low	19.4362889019378	44	CheckV-042465	37.4	18.12	NA	NA	0	1.0
k141_57612	5840	NA	267389.0037568189	2.1840838321501357	low	14.6911520575663	16	CheckV-046198	35.01	33.96	NA	NA	0	1.0
k141_64729	2142	NA	45853.29160911511	4.671420360090779	low	15.1381313075547	18	CheckV-056910	32.7	41.84	3.882377740303541	6.379156829679595	2	1.0
k141_10517	3182	NA	184874.5654204169	1.7211669938284495	low	19.7445197918309	38	CheckV-044818	39.9	20.24	NA	NA	0	1.0
k141_3283	2607	NA	118182.66232391723	2.2059073206987723	medium	5.24868308593221	95	CheckV-002418	73.2	31.52	1.28	7.41	1	1.0
k141_118797	12396	NA	NA	NA	NA	NA	0	NA	NA	NA	11.28	15.84	1	1.0
k141_111692	5356	NA	NA	NA	NA	NA	0	NA	NA	NA	NA	NA	0	1.01
k141_88355	2530	NA	56010.93935785061	4.51697477136739	low	20.2028081123245	4	CheckV-007712	29.5	51.52	NA	NA	0	1.0
k141_59877	3848	NA	206126.70485836198	1.8668129404407434	medium	7.95841548664635	132	CheckV-061348	41.78	61.15	1.4296015936254978	7.3966135458167335	2	1.0
k141_123611	14744	NA	819808.0390421666	1.7984697999822428	medium	7.94642646608031	17	CheckV-001458	27.87	47.06	1.7040926225428779	10.568170704026059	7	1.0
k141_47991	3225	NA	88665.02982656342	3.637285191589495	low	19.8204252802495	4	CheckV-000334	27.5	88.14	NA	NA	0	1.0
k141_45806	6699	NA	920094.6766902707	0.7280772478868572	low	16.7746825248758	20	CheckV-049873	36.2	25.14	0.548205574912892	3.6877003484320556	2	1.0
k141_27141	3071	NA	60279.0	5.094643242256839	low	21.9134402169615	1	CheckV-061284	27.1	86.0	NA	NA	0	1.0
k141_8191	1606	NA	74644.02862280833	2.1515451800109147	medium	7.60627655447017	17	CheckV-060044	54.2	41.51	0.61	2.34	1	1.0
k141_52625	6272	NA	NA	NA	NA	NA	0	NA	NA	NA	1.75	5.86	1	1.0
k141_107004	13498	NA	NA	NA	NA	NA	0	NA	NA	NA	NA	NA	0	1.0
k141_55352	1436	NA	106232.99999999999	1.351745691075278	medium	6.26294622599734	1	CheckV-000545	61.4	57.42	1.7631388329979878	4.754466800804828	2	1.0
k141_90530	9600	NA	143015.1304906249	6.712576471500903	low	17.4785801713586	53	CheckV-001831	33.0	21.31	NA	NA	0	1.01
k141_107010	1102	NA	NA	NA	NA	NA	0	NA	NA	NA	NA	NA	0	1.0
k141_12768	5978	NA	61303.99999999999	9.751402844838838	medium	8.40200644930133	1	CheckV-000211	40.25	52.87	5.415347721822543	20.46031175059952	2	1.0
k141_74045	4246	NA	356107.17370776896	1.1923376762649496	low	10.738170664253	15	CheckV-001458	29.9	55.39	0.68	1.97	1	1.0
k141_24663	1591	NA	61470.66367263581	2.5882264887734525	medium	5.86385453857612	18	CheckV-000457	47.8	100.0	1.58	4.37	1	1.0
k141_78898	18276	NA	83084.5737394316	21.996863168988355	low	26.8672114679771	11	CheckV-044766	40.9	4.99	22.77	47.14	1	1.0
k141_34020	1548	NA	36796.051157473565	4.206973170504437	low	14.855914629916	3	CheckV-044817	49.2	16.44	1.99	5.610000000000001	1	1.0
k141_149330	2691	NA	106233.0	2.533111180141764	high	2.5492837895334	1	CheckV-000545	74.8	77.6	NA	NA	0	1.0
k141_107033	17519	NA	143855.0	12.178235028327135	medium	6.32637255557656	1	CheckV-044766	41.19	56.4	16.192910838167087	52.47681731969198	3	1.0
k141_1240	2588	NA	NA	NA	NA	NA	0	NA	NA	NA	NA	NA	0	1.0
k141_90556	2693	NA	185403.0	1.4525115559079411	low	NA	1	CheckV-002524	22.5	100.0	NA	NA	0	1.0
k141_50427	5593	NA	143855.0	3.8879427201001007	low	15.1657311952622	1	CheckV-044766	38.7	24.28	NA	NA	0	1.0
k141_3379	1359	NA	30051.69090644127	4.522208098808552	medium	7.69344577600237	3	CheckV-054007	54.4	39.64	NA	NA	0	1.0
k141_107067	3077	NA	287063.14135415404	1.071889614767317	low	11.3661940130542	33	CheckV-001528	39.67	57.17	0.25	1.114986945169713	2	1.0
k141_27209	3150	NA	NA	NA	NA	NA	0	NA	NA	NA	NA	NA	0	1.0
k141_104620	3478	NA	133133.0	2.6124251688161464	low	22.3173989712224	1	CheckV-036384	22.8	78.43	NA	NA	0	1.0
k141_48076	1742	NA	NA	NA	NA	NA	0	NA	NA	NA	NA	NA	0	1.0
k141_74107	4785	NA	188166.18320123412	2.542964903998019	low	23.3876629889669	3	CheckV-000105	26.6	35.29	NA	NA	0	1.02
k141_86010	1300	NA	62818.820398588934	2.069443507139146	low	11.7908597461902	10	CheckV-010491	44.0	39.67	NA	NA	0	1.0
k141_38741	6397	NA	520360.8359088991	1.229339250488855	low	13.9757982883961	67	CheckV-061346	40.1	30.72	NA	NA	0	1.0
k141_59957	2946	NA	163481.74458115918	1.802036066808354	high	3.94930684093227	2	CheckV-058914	70.1	58.72	NA	NA	0	1.0
k141_3397	3775	NA	369931.2555201631	1.0204598675210463	medium	9.41844440769528	33	CheckV-008173	32.0	62.53	0.8550892857142857	1.1150892857142858	2	1.0
k141_137744	2637	NA	76821.0	3.4326551333619713	low	18.9139941690962	1	CheckV-060034	31.3	22.3	NA	NA	0	1.0
k141_123724	5873	NA	219320.70969690476	2.6778136948928926	medium	8.28456428871274	256	CheckV-001180	40.72	50.74	0.7544130853110969	3.521751122514432	2	1.0
k141_97585	1571	NA	134246.9836467455	1.1702311346777772	medium	7.56667930805488	146	CheckV-016916	46.1	100.0	NA	NA	0	1.0
k141_52707	3882	NA	122955.29916229783	3.15724497150453	low	13.9757982883961	26	CheckV-000976	37.6	31.13	NA	NA	0	1.0
k141_12894	2692	NA	96228.55863250257	2.79750631024285	medium	9.89099717400081	84	CheckV-034826	43.2	42.1	3.2	8.36	1	1.0
k141_74127	3029	NA	NA	NA	NA	NA	0	NA	NA	NA	NA	NA	0	1.0
k141_118866	9657	NA	129442.28608401955	7.460467743695247	low	13.3435582822086	25	CheckV-001852	34.15	24.78	NA	NA	0	1.0
k141_43779	6766	NA	280388.28869522107	2.4130822408758186	low	23.3177068073054	175	CheckV-000846	31.1	18.67	0.891600985221675	4.1579310344827585	2	1.0
k141_146997	4749	NA	68101.43589721233	6.973421246459204	low	23.0547056367741	11	CheckV-032581	32.5	25.7	5.275179704016913	16.736945031712473	2	1.0
k141_142330	2890	NA	72289.62644996475	3.997807350685804	low	10.5427046263345	22	CheckV-060033	42.94	67.72	2.8199999999999994	7.53	1	1.0
k141_137785	2033	NA	NA	NA	NA	NA	0	NA	NA	NA	2.61	7.36	1	1.0
k141_38794	3439	NA	317993.1156024302	1.081469953676481	low	10.7660094224394	98	CheckV-002553	41.7	87.85	0.27	0.56	1	1.0
k141_97617	2009	NA	39809.10202948753	5.046584568805112	medium	9.89099717400081	55	CheckV-005789	47.3	39.76	NA	NA	0	1.0
k141_128328	1140	NA	107285.17073656393	1.0625886058374663	low	13.8001033911972	11	CheckV-052014	38.8	34.93	0.51	0.8600000000000001	1	1.0
k141_81478	3753	NA	98123.25078136053	3.824781558004516	medium	8.51611620017901	2	CheckV-049710	25.5	89.03	NA	NA	0	1.0
k141_66980	3163	NA	36640.785245450614	8.632456916006525	medium	8.20276497695852	3	CheckV-044817	49.73	63.05	2.658945054945055	9.339260073260073	2	1.0
k141_83588	2546	NA	NA	NA	NA	NA	0	NA	NA	NA	1.34	7.44	1	1.0
k141_76504	1683	NA	NA	NA	NA	NA	0	NA	NA	NA	1.94	4.93	1	1.0
k141_86096	2546	NA	NA	NA	NA	NA	0	NA	NA	NA	NA	NA	0	1.0
k141_114151	14400	NA	143855.0	10.01007959403566	medium	7.17902053223105	1	CheckV-044766	48.46	50.05	9.313239436619718	16.72480046948357	2	1.0
k141_24759	3208	NA	NA	NA	NA	NA	0	NA	NA	NA	NA	NA	0	1.0
k141_41152	5195	NA	415334.0858532138	1.250800301961251	low	23.0547056367741	2	CheckV-043205	28.8	24.16	NA	NA	0	1.0
k141_12956	5369	NA	90104.33882095442	5.958647574861733	low	16.0458909824481	152	CheckV-012634	32.8	29.2	5.36	13.56	1	1.0
k141_8443	2676	NA	35270.0	7.5871845761270205	high	3.52700946723594	1	CheckV-060045	68.75	64.07	NA	NA	0	1.0
k141_29601	1842	NA	49863.01700588706	3.6941206341014725	low	10.8990753492032	20	CheckV-017068	47.03	81.85	1.1	4.9	1	1.0
k141_50501	5764	NA	189493.3214499067	3.041795856390504	medium	6.78473434771764	204	CheckV-006215	35.86	65.52	NA	NA	0	1.0
k141_100138	4100	NA	NA	NA	NA	NA	0	NA	NA	NA	NA	NA	0	1.0
k141_90656	3540	NA	NA	NA	NA	NA	0	NA	NA	NA	NA	NA	0	1.0
k141_125857	1377	NA	304690.23322073725	0.4519344074289419	low	14.4123550401427	4	CheckV-061425	37.0	55.69	NA	NA	0	1.0
k141_123809	2650	NA	88136.92036041165	3.0066854947547013	medium	7.90591497421755	12	CheckV-000545	51.7	38.32	2.35	8.29	1	1.0
k141_79060	2436	NA	105769.08946852767	2.3031303495572293	low	16.7547169811321	12	CheckV-034826	33.5	29.12	2.186015625	4.4308203125	2	1.0
k141_128362	2957	NA	185617.803470514	1.5930583945681318	medium	9.69093101478708	140	CheckV-008173	46.7	47.82	1.32	7.56	1	1.0
k141_13010	2336	NA	29433.0	7.936669724458941	low	11.7003954408002	1	CheckV-033378	28.94	89.75	2.982676371780515	8.800918253079507	2	1.0
k141_118939	3041	NA	42073.49385264564	7.22782854842177	low	19.4474773902474	4	CheckV-054117	36.1	23.15	NA	NA	0	1.0
k141_133096	6841	NA	141309.96162341067	4.841130746487061	low	12.4955291822468	16	CheckV-004961	33.23	42.06	NA	NA	0	1.0
k141_17876	3214	NA	131841.85517459502	2.437769095211666	medium	9.51279933938893	2	CheckV-044766	35.61	100.0	2.746566970091027	7.171833550065019	2	1.0
k141_130528	7220	NA	185683.76357469824	3.888331354882025	low	16.0458909824481	189	CheckV-039953	35.0	27.79	3.079195938483854	5.017944187119851	3	1.0
k141_76610	1131	NA	50156.067914831125	2.2549614573465475	low	14.386066809884	59	CheckV-008312	36.9	83.42	NA	NA	0	1.0
k141_118975	2628	NA	76821.0	3.4209395868317256	low	19.2245446878348	1	CheckV-060034	35.4	21.58	NA	NA	0	1.0
k141_76611	3167	NA	74593.32570521093	4.245688163195491	low	10.9454880691546	20	CheckV-044734	42.36	87.07	4.74	10.39	1	1.0
k141_60078	5809	NA	NA	NA	NA	NA	0	NA	NA	NA	NA	NA	0	1.01
k141_130555	5999	NA	88487.53562117675	6.779485899214404	low	22.9181591811457	36	CheckV-014300	48.2	8.26	NA	NA	0	1.0
k141_93029	6610	NA	115013.19867023914	5.747166478650772	medium	9.04973946797384	2	CheckV-044766	37.48	43.24	4.59	22.53	1	1.0
k141_111927	3131	NA	NA	NA	NA	NA	0	NA	NA	NA	NA	NA	0	1.0
k141_29668	1526	NA	44621.149525123794	3.419902929978957	low	14.0347901471891	2	CheckV-012191	32.4	85.84	1.25	8.7	1	1.0
k141_140199	13770	NA	673611.1243535081	2.0442061453803375	medium	9.84324247987572	17	CheckV-050294	38.39	40.82	2.3890784423187474	14.279304927123622	3	1.0
k141_57935	3460	NA	NA	NA	NA	NA	0	NA	NA	NA	NA	NA	0	1.0
k141_60104	3721	NA	NA	NA	NA	NA	0	NA	NA	NA	NA	NA	0	1.0
k141_34224	2198	NA	NA	NA	NA	NA	0	NA	NA	NA	NA	NA	0	1.01
k141_34225	3830	NA	NA	NA	NA	NA	0	NA	NA	NA	NA	NA	0	1.0
k141_10763	2842	NA	75519.49573913765	3.7632666534439605	medium	5.70841889117043	386	CheckV-015072	60.1	55.14	NA	NA	0	1.0
k141_22514	2541	NA	36737.117872860166	6.9167102568957475	medium	9.97120230381569	3	CheckV-044817	43.3	66.98	NA	NA	0	1.0
k141_48259	7264	NA	106233.0	6.837799930341796	high	4.56709794829606	1	CheckV-000545	53.49	75.69	NA	NA	0	1.0
k141_123903	2538	NA	14743.497355060887	17.214368740865954	low	14.7561633975166	3	CheckV-043709	30.9	80.52	6.04	17.0	1	1.0
k141_140266	10399	NA	655381.1428202102	1.5867102851405572	low	29.1891156069426	54	CheckV-021173	32.2	11.82	1.1733775351014042	4.688572542901717	2	1.0
k141_123914	2173	NA	NA	NA	NA	NA	0	NA	NA	NA	NA	NA	0	1.0
k141_38988	3341	NA	38478.1736866402	8.682844532093815	high	4.70588235294118	5	CheckV-060046	58.9	67.27	NA	NA	0	1.0
k141_22526	3001	NA	79539.0	3.772991865625668	low	14.953663227837	1	CheckV-000905	38.7	10.37	NA	NA	0	1.0
k141_13118	4908	NA	32797.062633944006	14.964754785449484	low	25.7555927270877	2	CheckV-032309	29.6	16.87	NA	NA	0	1.0
k141_24922	1363	NA	364645.5433256528	0.3737876480181605	low	10.6764514907398	32	CheckV-008173	45.73	100.0	0.55	1.7000000000000002	1	1.0
k141_8583	4435	NA	71560.69125214408	6.197536555891109	medium	8.82865440464666	2	CheckV-060033	29.2	75.75	NA	NA	0	1.0
k141_50601	11755	NA	67993.0	17.288544408983277	low	26.7589582006503	1	CheckV-032919	37.0	3.15	NA	NA	0	1.0
k141_147192	5143	NA	NA	NA	NA	NA	0	NA	NA	NA	NA	NA	0	1.0
k141_109555	2505	NA	52699.14107766111	4.753398155595095	low	10.513691784929	1237	CheckV-032520	45.8	73.71	1.93	6.96	1	1.0
k141_3590	4061	NA	106233.0	3.8227292837442226	low	14.8948266060262	1	CheckV-000545	51.03	18.41	NA	NA	0	1.0
k141_15619	1722	NA	NA	NA	NA	NA	0	NA	NA	NA	NA	NA	0	1.0
k141_3608	1723	NA	146355.82306159593	1.177267814806966	medium	7.90591497421755	112	CheckV-018102	50.9	38.52	0.76	4.24	1	1.0
k141_46066	2993	NA	NA	NA	NA	NA	0	NA	NA	NA	NA	NA	0	1.0
k141_93125	9395	NA	NA	NA	NA	NA	0	NA	NA	NA	NA	NA	0	1.0
k141_46068	4162	NA	NA	NA	NA	NA	0	NA	NA	NA	NA	NA	0	1.0
k141_44025	3244	NA	NA	NA	NA	NA	0	NA	NA	NA	NA	NA	0	1.0
k141_13171	3755	NA	NA	NA	NA	NA	0	NA	NA	NA	NA	NA	0	1.0
k141_112042	8797	NA	106233.0	8.28085434846046	high	3.6651377210874	1	CheckV-000545	61.07	63.59	10.92788817866672	30.27387330555209	3	1.0
k141_100319	2579	NA	320524.2704320195	0.8046192559845431	low	13.957011667213	19	CheckV-018232	33.0	51.63	NA	NA	0	1.0
k141_86305	2714	NA	277546.27194689005	0.9778549648540544	medium	8.20276497695852	24	CheckV-000597	49.13	67.01	NA	NA	0	1.0
k141_36804	1067	NA	45737.65503886769	2.3328699276193046	low	28.2796463774007	4	CheckV-017839	26.9	100.0	NA	NA	0	1.0
k141_88702	5242	NA	135828.76655968	3.8592708545997048	low	18.4087537011378	58	CheckV-019287	69.2	11.59	0.26	1.51	1	1.0
k141_125975	5180	NA	48292.31169626454	10.726345080723643	low	19.4362889019378	3	CheckV-032581	36.3	21.05	NA	NA	0	1.0
k141_52957	2823	NA	83260.99306774898	3.390543273610659	low	14.8448260270765	202	CheckV-016766	38.87	30.16	1.52	7.7	1	1.0
k141_36826	3806	NA	NA	NA	NA	NA	0	NA	NA	NA	NA	NA	0	1.0
k141_145091	1381	NA	30701.0	4.498224813523989	low	15.6775484311716	1	CheckV-003208	29.8	34.03	NA	NA	0	1.0
k141_22588	3153	NA	NA	NA	NA	NA	0	NA	NA	NA	NA	NA	0	1.0
k141_138007	3198	NA	299494.92680595827	1.0677977200167978	medium	9.53752329324072	78	CheckV-054979	50.8	89.81	0.9344767441860466	1.3309302325581396	2	1.0
k141_62710	4218	NA	NA	NA	NA	NA	0	NA	NA	NA	NA	NA	0	1.0
k141_119174	6425	NA	NA	NA	NA	NA	0	NA	NA	NA	0.53	3.74	1	1.0
k141_20234	1535	NA	43259.88409665567	3.548322035653969	low	10.5427046263345	33	CheckV-007306	45.46	69.12	1.07	5.23	1	1.0
k141_62718	3120	NA	NA	NA	NA	NA	0	NA	NA	NA	NA	NA	0	1.0
k141_20252	5136	NA	72965.27030757858	7.038965220507853	low	13.1821249631444	22	CheckV-060044	40.76	36.51	5.875872576177286	12.715401662049862	2	1.0
k141_140406	14665	NA	137630.44081549946	10.655346239615094	high	2.85943775100402	61	CheckV-000545	84.08	27.93	NA	NA	0	1.0
k141_1634	3046	NA	NA	NA	NA	NA	0	NA	NA	NA	NA	NA	0	1.0
k141_104909	2840	NA	NA	NA	NA	NA	0	NA	NA	NA	NA	NA	0	1.0
k141_79223	4090	NA	668031.0	0.6122470364399257	low	23.0547056367741	1	CheckV-050294	30.7	25.43	0.27047848990342405	2.829135206321335	2	1.0
k141_104910	9329	NA	56018.35206432236	16.65347097195593	low	27.4561384438116	56	CheckV-013597	35.2	11.3	NA	NA	0	1.0
k141_62755	4099	NA	976089.4310889497	0.419941028910338	low	22.5747580936448	13	CheckV-002553	45.5	5.64	0.33	0.87	2	1.0
k141_121415	2675	NA	1124772.0599126276	0.2378259645076705	low	21.1303462321792	2	CheckV-044696	29.7	39.35	2.9999999999999996	7.77	1	1.01
k141_3716	1074	NA	48202.86157823294	2.228083488895996	medium	6.35063036659548	219	CheckV-044735	60.5	86.43	1.0200520156046815	2.88556566970091	2	1.0
k141_67311	2574	NA	41207.0	6.246511515033854	low	28.6070582969958	1	CheckV-057472	24.8	40.19	4.6	6.78	1	1.0
k141_65092	2569	NA	NA	NA	NA	NA	0	NA	NA	NA	NA	NA	0	1.0
k141_135784	3191	NA	143855.0	2.2182058322616522	medium	9.69093101478708	1	CheckV-044766	45.19	47.9	NA	NA	0	1.0
k141_58095	4123	2123	NA	NA	NA	NA	0	NA	NA	NA	1.5	5.22	1	1.0
k141_128652	4206	NA	44559.04917732733	9.439160120454522	low	12.4955291822468	33	CheckV-000253	34.3	41.87	NA	NA	0	1.0
k141_39110	2826	NA	11997.588830023862	23.55473287205809	low	10.3754165273183	2	CheckV-044210	38.9	79.64	NA	NA	0	1.0
k141_46245	7210	NA	NA	NA	NA	NA	0	NA	NA	NA	NA	NA	0	1.0
k141_128698	3692	NA	33253.0	11.102757645926683	medium	7.95841548664635	1	CheckV-048174	39.08	58.1	NA	NA	0	1.0
k141_69752	3707	NA	103363.35199848383	3.58637750065843	high	3.19149579737011	4	CheckV-000545	66.3	76.54	1.59	2.4	1	1.0
k141_3785	3608	NA	71562.49817721325	5.041746853310454	medium	8.73964953649821	2	CheckV-060033	28.4	87.37	NA	NA	0	1.0
k141_109744	5136	NA	31253.8963835037	16.433151044523402	low	26.9656238848579	10	CheckV-061688	42.5	8.04	NA	NA	0	1.04
k141_27688	3438	NA	40156.0	8.561609722083872	low	25.0908173089957	1	CheckV-011235	26.7	56.81	NA	NA	0	1.0
k141_147326	2705	NA	NA	NA	NA	NA	0	NA	NA	NA	NA	NA	0	1.0
k141_142638	3222	NA	59214.649604685845	5.441221085508261	low	12.3257720688713	20	CheckV-017228	35.3	66.84	NA	NA	0	1.0
k141_71912	2503	NA	372738.0	0.6715172587715769	low	30.4660239344517	1	CheckV-061291	26.6	24.3	1.31	6.61	1	1.0
k141_86448	2414	NA	53654.794201270925	4.499131971216879	low	15.760181986278	54	CheckV-012075	34.4	36.15	NA	NA	0	1.0
k141_95788	3769	NA	143855.0	2.619999304855584	medium	7.02632877950927	1	CheckV-044766	59.5	29.96	NA	NA	0	1.0
k141_100481	2715	NA	NA	NA	NA	NA	0	NA	NA	NA	NA	NA	0	1.0
k141_105024	1611	NA	99803.40945269831	1.6141733121487511	medium	9.89099717400081	34	CheckV-011595	43.6	38.05	2.11	3.73	1	1.0
k141_145191	3023	NA	73907.34830890458	4.09025634009356	low	10.9454880691546	17	CheckV-002409	38.6	83.45	NA	NA	0	1.01
k141_112267	12855	NA	62996.46634654798	20.405906466695676	medium	8.63432559025156	3	CheckV-000211	36.46	45.55	16.895333333333333	33.60733333333333	2	1.0
k141_83858	5345	NA	357481.3046544798	1.4951830852150882	high	4.80727376725394	22	CheckV-062241	56.5	65.64	1.691749750455053	4.634657389466268	3	1.0
k141_76969	7437	NA	442022.55990164384	1.682493310218111	medium	9.04973946797384	3	CheckV-000616	33.48	45.83	0.6	3.651093892433911	2	1.0
k141_145212	2528	NA	NA	NA	NA	NA	0	NA	NA	NA	NA	NA	0	1.0
k141_149828	3683	NA	NA	NA	NA	NA	0	NA	NA	NA	1.9300000000000002	10.77	1	1.0
k141_135864	1429	NA	371225.685297596	0.3849410363009852	low	11.4280975286117	34	CheckV-062241	42.5	100.0	0.61	0.91	1	1.0
k141_22754	3362	NA	NA	NA	NA	NA	0	NA	NA	NA	NA	NA	0	1.0
k141_128784	1263	NA	106233.0	1.188896105729858	medium	8.35028413344106	1	CheckV-000545	52.4	49.88	NA	NA	0	1.1
k141_130859	5529	NA	360944.32062990253	1.5318152091577608	medium	9.77042178323545	15	CheckV-062241	42.73	43.52	2.69	3.34	1	1.0
k141_109859	10291	NA	NA	NA	NA	NA	0	NA	NA	NA	NA	NA	0	1.0
k141_46367	4935	NA	89401.85335257924	5.520019792584787	low	15.8221246969266	597	CheckV-013670	55.0	16.81	2.22	13.439999999999998	1	1.0
k141_1729	2129	NA	366232.74591538653	0.5813243145908855	high	3.50672951331705	49	CheckV-062241	64.9	80.93	0.84	1.54	1	1.0
k141_48486	1206	NA	106233.0	1.1352404620033323	low	28.2796463774007	1	CheckV-000545	24.8	100.0	1.38	3.52	1	1.0
k141_138253	2641	NA	NA	NA	NA	NA	0	NA	NA	NA	NA	NA	0	1.0
k141_76998	2390	NA	164173.0	1.4557814013266492	low	21.9381688466112	1	CheckV-062297	28.0	22.83	NA	NA	0	1.0
k141_147402	3460	NA	NA	NA	NA	NA	0	NA	NA	NA	NA	NA	0	1.0
k141_41462	15753	NA	346378.3078995877	4.547917592046979	medium	8.40707262595249	47	CheckV-031170	33.54	33.55	9.87229801812319	23.926227091115553	8	1.01
k141_37092	2464	NA	143855.0	1.712835841646102	low	11.7003954408002	1	CheckV-044766	30.6	88.11	0.94	3.5899999999999994	1	1.0
k141_60377	3739	NA	34370.0	10.878673261565318	low	27.3298538986542	1	CheckV-013685	36.7	11.55	NA	NA	0	1.0
k141_71974	2776	NA	169768.91082862884	1.6351639334025059	low	12.9831144465291	43	CheckV-000283	35.3	58.8	NA	NA	0	1.0
k141_140526	2874	NA	NA	NA	NA	NA	0	NA	NA	NA	NA	NA	0	1.01
k141_58281	2772	NA	143855.0	1.9269403218518648	medium	7.44864970773602	1	CheckV-044766	57.1	29.82	1.21	5.42	1	1.0
k141_105112	4646	NA	244077.0	1.9034976667199286	low	12.682199503915	1	CheckV-000715	24.4	72.95	NA	NA	0	1.0
k141_107446	1113	NA	36753.045306522494	3.0283204853299	medium	7.29637658717869	2	CheckV-018775	52.27	100.0	2.48	3.4	1	1.0
k141_39219	6317	NA	48047.230586959806	13.1474799334521	low	10.2654867256637	6	CheckV-054009	51.14	40.58	7.0	18.04	1	1.0
k141_15912	3191	NA	NA	NA	NA	NA	0	NA	NA	NA	NA	NA	0	1.0
k141_112361	2615	NA	NA	NA	NA	NA	0	NA	NA	NA	NA	NA	0	1.0
k141_18266	4725	NA	250554.47228947197	1.88581746588865	low	25.6613586747143	3	CheckV-001690	46.4	7.79	NA	NA	0	1.0
k141_22857	4085	NA	44332.93548712634	9.214368403793667	medium	5.9815914629818	61	CheckV-044735	56.11	51.72	3.1954034451495916	11.770988213961925	2	1.0
k141_27784	1333	NA	35270.0	3.779415934221718	low	NA	1	CheckV-060045	68.9	10.85	NA	NA	0	1.0
k141_95887	3568	NA	50941.59907781956	7.004098937980806	low	12.4955291822468	16	CheckV-022927	34.5	42.37	NA	NA	0	1.0
k141_100607	3512	NA	526506.1777686584	0.6670387069120276	medium	8.16402444995913	59	CheckV-001225	49.6	42.98	0.28	2.75	1	1.0
k141_27810	3551	NA	NA	NA	NA	NA	0	NA	NA	NA	NA	NA	0	1.0
k141_13472	3553	NA	90534.61716069335	3.924465703205708	low	22.6418050767784	4	CheckV-024515	27.7	32.48	2.84	8.57	1	1.0
k141_58322	1865	NA	NA	NA	NA	NA	0	NA	NA	NA	NA	NA	0	1.0
k141_124267	3752	NA	52811.952856767515	7.104452301121838	low	22.1130987526063	492	CheckV-036214	47.5	14.61	3.802594296228151	10.829604415823368	2	1.0
k141_89056	2806	NA	75075.68909087668	3.7375614316419106	low	10.7660094224394	20	CheckV-060035	41.68	90.13	4.2	9.2	1	1.0
k141_119395	2504	NA	NA	NA	NA	NA	0	NA	NA	NA	NA	NA	0	1.0
k141_74642	2932	NA	NA	NA	NA	NA	0	NA	NA	NA	NA	NA	0	1.0
k141_133554	2040	NA	52632.401883828235	3.8759393966149354	low	16.0955816050496	103	CheckV-044818	42.7	21.19	2.501157184185149	5.661581485053038	2	1.0
k141_69915	2047	NA	96007.06033504356	2.132134858474387	low	12.2982618713685	171	CheckV-000715	36.1	73.17	NA	NA	0	1.0
k141_20462	2895	NA	NA	NA	NA	NA	0	NA	NA	NA	NA	NA	0	1.0
k141_62975	2809	NA	NA	NA	NA	NA	0	NA	NA	NA	NA	NA	0	1.0
k141_107504	8556	NA	NA	NA	NA	NA	0	NA	NA	NA	NA	NA	0	1.0
k141_124290	1513	NA	93268.64698385728	1.6221957205639173	low	10.8819485366333	5	CheckV-003080	40.4	51.59	NA	NA	0	1.0
k141_46544	6378	NA	6393.472496154505	99.75799542167717	medium	6.29168364601544	6	CheckV-004439	38.39	68.89	59.46000000000001	100.0	1	1.0
k141_55914	10160	NA	161760.73107330914	6.280881603703645	low	20.455764075067	74	CheckV-050294	27.49	36.4	1.3679050984351335	6.770121150933871	2	1.0
k141_82026	5992	NA	67748.61846414147	8.844460796158513	low	16.0736975857687	3	CheckV-018494	44.6	18.37	NA	NA	0	1.0
k141_30092	3972	NA	NA	NA	NA	NA	0	NA	NA	NA	0.2	2.32	1	1.0
k141_110019	3132	NA	77838.29393061319	4.023726422873471	low	16.7547169811321	180	CheckV-011393	35.5	27.85	4.39	7.34	1	1.0
k141_136040	2531	NA	35270.0	7.176070314715055	high	4.66262623586707	1	CheckV-060045	62.83	50.28	2.33	8.42	1	1.0
k141_55945	3469	NA	35270.0	9.835554295435214	medium	7.36886830689784	1	CheckV-060045	56.41	44.99	NA	NA	0	1.0
k141_27865	2857	NA	368225.36344986514	0.7758835440429915	medium	9.43309616708745	24	CheckV-008173	48.18	82.87	0.7572365304756694	1.2302917505980124	4	1.0
k141_140616	5532	NA	64969.59657281865	8.514751963712246	low	22.5747580936448	6	CheckV-040384	43.4	6.34	NA	NA	0	1.0
k141_65363	1035	NA	225949.3434141839	0.4580672748859283	low	10.6764514907398	14	CheckV-023650	44.8	100.0	0.63	3.08	1	1.0
k141_74728	27827	NA	NA	NA	NA	NA	0	NA	NA	NA	NA	NA	0	1.0
k141_128990	4327	NA	65928.52790001471	6.563167930220136	low	17.2676003861331	33	CheckV-002554	54.2	6.26	0.79	5.31	1	1.01
k141_110029	3343	NA	36980.55670065249	9.039885545965877	high	3.8353196099675	3	CheckV-054009	65.97	70.08	3.88	13.020000000000001	1	1.0
k141_131066	5422	NA	NA	NA	NA	NA	0	NA	NA	NA	NA	NA	0	1.0
k141_112498	2390	NA	106233.0	2.2497717281823917	low	10.586319218241	1	CheckV-000545	42.09	71.09	2.78	9.31	1	1.0
k141_65388	10347	NA	108389.46212180947	9.54613095908891	low	23.7881428775411	66	CheckV-061723	51.4	4.52	4.21	21.31	1	1.0
k141_74757	6494	NA	NA	NA	NA	NA	0	NA	NA	NA	NA	NA	0	1.01
k141_20567	1868	NA	52318.01655893674	3.570471747329489	low	10.9970674486804	5	CheckV-011971	38.7	43.2	1.21	5.07	1	1.0
k141_20574	1770	NA	335023.3143476906	0.5283214403887951	low	18.8068221050936	13	CheckV-050998	38.8	23.02	0.4	0.53	1	1.0
k141_1892	5826	NA	149683.42329856483	3.8922145629841833	high	3.47620096959013	109	CheckV-000545	86.6	22.72	NA	NA	0	1.0
k141_91229	5469	NA	55102.900798988834	9.925067320775895	low	12.610489098409	27	CheckV-059090	39.6	39.61	NA	NA	0	1.0
k141_102998	1767	NA	33981.0	5.1999646861481414	low	NA	1	CheckV-020112	22.4	100.0	NA	NA	0	1.0
k141_11257	1358	NA	143855.0	0.944006117270863	low	14.4123550401427	1	CheckV-044766	33.3	53.27	NA	NA	0	1.0
k141_91244	6426	NA	143855.0	4.466998018838414	medium	5.51537070524412	1	CheckV-044766	55.54	39.0	0.3	15.58	1	1.0
k141_72146	6519	NA	591389.1400815218	1.1023198699762002	low	15.2023692003949	2	CheckV-050294	23.83	42.94	0.52	3.71	1	1.0
k141_9043	6367	NA	NA	NA	NA	NA	0	NA	NA	NA	NA	NA	0	1.0
k141_23046	4340	NA	71560.16143025346	6.064827011646707	medium	5.63060811237177	2	CheckV-060038	33.1	84.31	NA	NA	0	1.0
k141_117073	8476	NA	NA	NA	NA	NA	0	NA	NA	NA	NA	NA	0	1.0
k141_89208	9394	NA	238706.64747458894	3.935374276076673	medium	9.14234112693525	137	CheckV-000616	45.4	30.63	7.407751389590703	57.042294087923196	2	1.0
k141_98241	4925	NA	365923.25795729534	1.3459106227608977	medium	8.72970391595033	18	CheckV-062241	48.71	53.87	1.29	3.7200000000000006	1	1.0
k141_98257	1650	NA	35270.0	4.678196767791324	high	3.8353196099675	1	CheckV-060045	62.73	68.45	NA	NA	0	1.0
k141_129057	3619	NA	NA	NA	NA	NA	0	NA	NA	NA	1.18	2.04	1	1.03
k141_79605	2949	NA	NA	NA	NA	NA	0	NA	NA	NA	NA	NA	0	1.0
k141_44494	6607	NA	NA	NA	NA	NA	0	NA	NA	NA	NA	NA	0	1.01
k141_131130	1426	NA	36377.0384351407	3.9200552363340972	medium	6.53280625218078	3	CheckV-060045	59.1	51.09	1.27	4.78	1	1.0
k141_114855	3769	NA	874907.2536242332	0.4307885189415472	low	25.4390035413359	5	CheckV-001180	40.3	17.4	0.3	2.11	1	1.0
k141_77228	3191	NA	NA	NA	NA	NA	0	NA	NA	NA	NA	NA	0	1.0
k141_65497	3250	NA	NA	NA	NA	NA	0	NA	NA	NA	NA	NA	0	1.0
k141_142974	5577	NA	210207.47147025698	2.653093137457348	medium	6.04248823304923	124	CheckV-027970	45.89	71.85	NA	NA	0	1.0
k141_77254	5925	NA	129908.0	4.560920035717585	low	19.6393904741643	1	CheckV-042353	48.6	6.06	2.4922613065326633	11.789346733668342	2	1.0
k141_77271	1139	NA	35005.4155045546	3.2537822607813447	high	4.7385831317676	497	CheckV-004039	58.6	100.0	1.7	3.74	1	1.0
k141_46759	1497	NA	79653.64535725888	1.879386678771228	low	19.9779518633113	28	CheckV-012837	31.9	89.57	1.38	4.08	1	1.0
k141_34801	2640	NA	NA	NA	NA	NA	0	NA	NA	NA	NA	NA	0	1.0
k141_58564	1083	NA	NA	NA	NA	NA	0	NA	NA	NA	1.39	3.9200000000000004	1	1.0
k141_143050	2598	NA	NA	NA	NA	NA	0	NA	NA	NA	NA	NA	0	1.0
k141_48889	1847	NA	362864.7099458854	0.5090051331460274	high	3.27257663628832	32	CheckV-062241	59.75	92.09	0.47789473684210526	0.7589244851258581	2	1.0
k141_121773	1040	NA	81592.06973554088	1.2746336787029489	low	19.0715755774068	6	CheckV-051974	28.4	100.0	NA	NA	0	1.0
k141_105457	10995	NA	366696.55537911184	2.9983919507050567	medium	5.01464616203981	10	CheckV-061348	33.45	100.0	2.485267857142857	3.250357142857143	2	1.0
k141_107724	2022	NA	NA	NA	NA	NA	0	NA	NA	NA	NA	NA	0	1.0
k141_86758	2768	NA	66356.2707472775	4.171421884967168	low	23.4654606721646	2	CheckV-001316	23.5	65.8	NA	NA	0	1.0
k141_23160	2494	NA	369286.0	0.6753573111355426	low	14.8448260270765	2	CheckV-062241	39.97	31.0	1.313118932038835	1.650376213592233	2	1.0
k141_140744	7181	NA	NA	NA	NA	NA	0	NA	NA	NA	NA	NA	0	1.0
k141_150240	2543	NA	82093.83881867508	3.0976746082210336	low	14.7807123818755	3	CheckV-000072	34.2	44.88	NA	NA	0	1.0
k141_91385	12274	NA	517433.63663301145	2.3720916328262023	low	20.6566983698812	2	CheckV-050294	35.2	15.6	NA	NA	0	1.0
k141_4066	2954	NA	88318.27746589805	3.344721030299323	low	14.0347901471891	4	CheckV-030959	29.6	82.62	NA	NA	0	1.0
k141_60707	4952	NA	54304.65629919684	9.118923380559615	low	13.5948759007206	32	CheckV-033224	25.47	71.94	NA	NA	0	1.0
k141_53516	3672	NA	106233.0	3.4565530484877582	medium	7.95841548664635	1	CheckV-000545	40.13	58.14	NA	NA	0	1.0
k141_117146	3227	NA	NA	NA	NA	NA	0	NA	NA	NA	NA	NA	0	1.0
k141_63323	7867	NA	301706.29924892983	2.60750273348093	low	11.345462708111	71	CheckV-039953	37.2	28.65	2.3055688664364284	3.6976009839551387	3	1.0
k141_13802	2616	NA	NA	NA	NA	NA	0	NA	NA	NA	NA	NA	0	1.03
k141_89305	4089	NA	56922.297220242355	7.1834767739238305	high	4.16323039799627	49	CheckV-019994	61.87	93.19	4.423038922155689	11.439416167664671	2	1.0
k141_6707	2729	NA	24588.23508582865	11.098803921770092	low	21.1660950514454	3	CheckV-002724	28.3	44.17	NA	NA	0	1.0
k141_2063	3424	NA	NA	NA	NA	NA	0	NA	NA	NA	NA	NA	0	1.0
k141_56207	2585	NA	NA	NA	NA	NA	0	NA	NA	NA	NA	NA	0	1.0
k141_119676	2848	NA	NA	NA	NA	NA	0	NA	NA	NA	4.65	9.3	1	1.0
k141_124585	2564	NA	89232.87793245768	2.873380372132285	medium	7.90591497421755	20	CheckV-000545	50.0	40.88	NA	NA	0	1.0
k141_126506	1655	NA	NA	NA	NA	NA	0	NA	NA	NA	0.14	1.3	1	1.0
k141_53547	3018	NA	47377.856681888166	6.370064438043133	medium	8.74144713788569	11	CheckV-054009	48.2	74.49	NA	NA	0	1.0
k141_39543	13487	NA	157261.0	8.576188629094307	medium	8.32540437678401	1	CheckV-039953	34.74	57.15	5.614590776046171	13.24313970864689	7	1.0
k141_58662	4747	NA	95033.60849276715	4.995074979565031	low	27.3298538986542	2	CheckV-000545	36.8	8.33	NA	NA	0	1.0
k141_72280	2716	NA	NA	NA	NA	NA	0	NA	NA	NA	NA	NA	0	1.0
k141_2074	2684	NA	113227.31128448033	2.370452825870366	low	11.6206370876712	26	CheckV-061690	52.22	26.51	2.14	8.41	1	1.0
k141_20735	2790	NA	41280.94148907325	6.758566784961752	low	10.9970674486804	3	CheckV-032419	37.7	45.04	NA	NA	0	1.0
k141_91448	1057	NA	56108.734408561635	1.8838421702819808	high	4.65983116385467	3	CheckV-052246	65.1	51.44	1.2930450236966824	3.288305687203791	2	1.0
k141_20762	2976	NA	94262.1570318322	3.1571524498373282	low	10.9394929934521	4	CheckV-044766	39.0	62.17	NA	NA	0	1.0
k141_25635	1512	NA	108085.08661603909	1.3988978936300631	medium	7.44985673352436	227	CheckV-005546	57.9	39.79	NA	NA	0	1.0
k141_79818	1768	NA	368193.0	0.4801829475302355	low	16.0119781574775	1	CheckV-061367	29.12	69.5	0.4	0.52	1	1.0
k141_72341	4993	NA	141656.80681444204	3.5247159047855647	low	12.4955291822468	65	CheckV-020818	34.87	41.53	NA	NA	0	1.0
k141_28083	5837	NA	118422.48279726214	4.928962695363239	low	10.0351978014638	207	CheckV-039955	40.36	45.06	1.6766666666666667	8.056111111111111	2	1.0
k141_34943	3131	NA	NA	NA	NA	NA	0	NA	NA	NA	NA	NA	0	1.0
k141_86907	4654	NA	68362.24299020688	6.807851522172409	low	13.6363636363636	4	CheckV-015435	27.5	64.66	NA	NA	0	1.0
k141_60793	2893	NA	52991.77066682119	5.459338239873806	low	10.7907508297973	107	CheckV-000338	45.8	29.52	1.61	8.43	1	1.0
k141_114989	3063	NA	NA	NA	NA	NA	0	NA	NA	NA	NA	NA	0	1.0
k141_112742	5365	NA	61303.99999999999	8.751468093435992	medium	8.50356765363445	1	CheckV-000211	36.37	51.23	3.46	14.55	1	1.0
k141_107824	2953	NA	NA	NA	NA	NA	0	NA	NA	NA	NA	NA	0	1.0
k141_117288	3513	NA	76335.23979836097	4.6020684670403424	low	16.0458909824481	8	CheckV-019949	33.2	31.19	NA	NA	0	1.0
k141_112759	2809	NA	372170.84485213563	0.7547608951249318	medium	8.75658521623847	26	CheckV-000962	52.24	71.18	0.9377022641200073	2.3262445074920297	4	1.0
k141_58686	5764	NA	NA	NA	NA	NA	0	NA	NA	NA	0.26	1.6200000000000003	1	1.01
k141_20785	1071	NA	48401.18276739872	2.212755843481963	low	11.6489254870456	75	CheckV-016676	40.9	83.33	1.68	2.66	1	1.0
k141_53586	1121	NA	178812.56567012917	0.6269134363118555	low	10.9098357507713	108	CheckV-062175	42.16	77.04	0.46391411042944786	1.7888957055214725	2	1.0
k141_140888	1180	NA	370491.4371744209	0.31849588994535294	medium	5.34451919204702	37	CheckV-061348	56.2	73.87	0.4699999999999999	1.13	1	1.0
k141_46941	6119	NA	375042.399836581	1.6315488602532036	medium	9.11498034181176	16	CheckV-001180	31.59	68.24	0.52	4.37	1	1.0
k141_143162	2519	NA	47596.815813338755	5.29237083816448	low	13.5571486856677	32	CheckV-033035	35.63	55.45	4.98	6.8500000000000005	1	1.0
k141_86926	2968	NA	NA	NA	NA	NA	0	NA	NA	NA	NA	NA	0	1.0
k141_96287	3485	NA	NA	NA	NA	NA	0	NA	NA	NA	NA	NA	0	1.0
k141_39629	2978	NA	67634.71613724597	4.403064239904507	medium	7.36886830689784	95	CheckV-000545	53.5	47.48	2.73	9.25	1	1.0
k141_20825	3727	NA	143855.0	2.59080323937298	high	4.80727376725394	1	CheckV-044766	55.14	65.22	NA	NA	0	1.0
k141_70267	4151	NA	365302.97788406344	1.136317044017475	high	3.86427920674238	36	CheckV-061367	50.15	100.0	1.2391539245667686	2.8588481141692155	3	1.0
k141_107869	2225	NA	58220.469917745235	3.82167990595664	high	4.93937043075139	12	CheckV-060046	48.3	50.83	2.7064732650739476	7.038521046643914	2	1.0
k141_60824	6599	NA	167142.72157641445	3.9481228603682057	low	16.0736975857687	437	CheckV-001900	43.69	21.43	2.3	4.16	1	1.0
k141_138615	1075	NA	48369.28641793847	2.22248472038926	low	10.4094095052806	23	CheckV-003315	44.6	35.16	1.52	3.11	1	1.0
k141_140952	3191	NA	74056.58939020263	4.308867078912705	low	19.7445197918309	3	CheckV-054129	42.2	20.97	NA	NA	0	1.0
k141_39647	2845	NA	NA	NA	NA	NA	0	NA	NA	NA	NA	NA	0	1.0
k141_30539	2935	NA	154522.6628200177	1.899397762397209	low	12.1929432782492	171	CheckV-001071	40.8	34.77	NA	NA	0	1.0
k141_145799	5140	NA	NA	NA	NA	NA	0	NA	NA	NA	NA	NA	0	1.0
k141_138640	2846	NA	48008.94544593398	5.928061892559309	low	12.2982618713685	47	CheckV-018237	32.6	76.05	NA	NA	0	1.0
k141_47050	1427	NA	106233.0	1.3432737473289844	medium	6.12369555934197	1	CheckV-000545	55.1	64.93	NA	NA	0	1.0
k141_49072	3652	NA	369286.0	0.9889354050789902	medium	5.88604635628883	2	CheckV-062241	36.28	76.46	0.8400000000000001	3.08	1	1.0
k141_105620	1608	NA	NA	NA	NA	NA	0	NA	NA	NA	2.28	4.61	1	1.0
k141_35041	4848	NA	NA	NA	NA	NA	0	NA	NA	NA	NA	NA	0	1.0
k141_37662	8097	NA	NA	NA	NA	NA	0	NA	NA	NA	NA	NA	0	1.0
k141_6861	3281	NA	NA	NA	NA	NA	0	NA	NA	NA	NA	NA	0	1.0
k141_25750	3656	NA	35270.0	10.36574992911823	medium	7.1940049958368	1	CheckV-060045	66.77	28.32	NA	NA	0	1.0
k141_131383	4390	NA	123966.91115259696	3.541267552110041	low	16.0458909824481	11	CheckV-020767	36.4	28.11	NA	NA	0	1.0
k141_103338	4970	NA	46378.10768538315	10.716263012961136	low	22.1130987526063	3	CheckV-039856	44.4	13.22	NA	NA	0	1.0
k141_23344	4203	NA	106294.99200590074	3.9540903298310415	low	13.1821249631444	500	CheckV-044786	40.1	32.96	NA	NA	0	1.0
k141_115110	3588	NA	76392.08344323559	4.696821762514336	low	13.9757982883961	31	CheckV-011871	41.0	29.25	NA	NA	0	1.0
k141_2245	2215	NA	NA	NA	NA	NA	0	NA	NA	NA	0.3360216277746158	1.0969038133181561	2	1.0
k141_16409	3221	NA	61346.582136703044	5.2504962588175035	low	16.0119781574775	2	CheckV-004142	27.64	68.25	NA	NA	0	1.0
k141_58783	3805	NA	NA	NA	NA	NA	0	NA	NA	NA	NA	NA	0	1.0
k141_16413	2737	NA	NA	NA	NA	NA	0	NA	NA	NA	NA	NA	0	1.0
k141_70328	4652	NA	51151.93579915677	9.09447497405697	low	26.9656238848579	26	CheckV-019787	39.1	11.11	NA	NA	0	1.0
k141_143286	2859	NA	78184.14199235344	3.6567517749054734	low	17.1259981821213	2	CheckV-000545	43.5	13.99	2.35	8.97	1	1.0
k141_107929	5317	NA	226468.01898851423	2.3477928688331318	low	16.0458909824481	2	CheckV-044766	33.3	30.62	NA	NA	0	1.0
k141_105662	5635	NA	22474.261254711037	25.073126703191615	low	10.6210882725127	8	CheckV-001158	25.9	77.76	1.21	12.28	1	1.0
k141_70339	12139	NA	141461.0	8.581163712966825	medium	7.36595006675403	1	CheckV-058914	50.01	68.91	NA	NA	0	1.0
k141_11641	1758	NA	NA	NA	NA	NA	0	NA	NA	NA	NA	NA	0	1.06
k141_32661	8453	NA	38492.0	21.96040735737296	low	25.5595308871383	1	CheckV-029881	28.8	13.52	NA	NA	0	1.0
k141_51310	1297	NA	72576.68461581312	1.7870752940365198	low	11.6489254870456	73	CheckV-020408	40.2	83.65	0.95	3.12	1	1.0
k141_134050	2699	NA	NA	NA	NA	NA	0	NA	NA	NA	NA	NA	0	1.0
k141_6911	1490	NA	58074.04759392601	2.565689945392819	medium	5.75210558051383	23	CheckV-000211	47.6	83.27	0.96	4.04	1	1.0
k141_145903	9099	NA	NA	NA	NA	NA	0	NA	NA	NA	NA	NA	0	1.0
k141_119869	2709	NA	353985.77239916986	0.7652849948288919	medium	9.82267274135623	3	CheckV-062241	44.93	42.52	0.8742857142857143	4.282932330827068	2	1.0
k141_72463	5562	NA	60307.860008834265	9.222678435589065	low	15.8221246969266	187	CheckV-057860	53.1	15.24	2.6457844267811015	8.525637816439245	4	1.01
k141_150499	2917	NA	NA	NA	NA	NA	0	NA	NA	NA	NA	NA	0	1.04
k141_103379	3784	NA	NA	NA	NA	NA	0	NA	NA	NA	NA	NA	0	1.0
k141_11665	2669	NA	88506.77609303349	3.015588317435145	low	11.1946870712599	4	CheckV-000334	28.5	96.29	NA	NA	0	1.0
k141_4294	8067	NA	240842.00000000003	3.3494988415641784	low	11.9600418915653	1	CheckV-059243	39.57	22.77	3.056430801248699	16.40210197710718	2	1.0
k141_42002	2842	NA	39374.84430158314	7.217806318755987	low	10.513691784929	5	CheckV-060046	45.0	76.6	NA	NA	0	1.0
k141_84462	9935	NA	73609.0	13.496990857096279	low	29.17924392698	2	CheckV-033422	24.8	17.18	NA	NA	0	1.0
k141_25851	2872	NA	NA	NA	NA	NA	0	NA	NA	NA	NA	NA	0	1.0
k141_96511	1115	NA	361177.5499038165	0.3087124325132973	high	3.43229860600155	22	CheckV-062241	64.43	59.84	0.25	0.39	1	1.0
k141_72524	1645	NA	346754.09439013177	0.474399589395826	medium	7.56667930805488	12	CheckV-050294	45.49	100.0	0.12999999999999998	1.4715299446401608	2	1.02
k141_141062	2581	NA	87488.75496749622	2.9500934159583045	low	23.4654606721646	4	CheckV-030959	26.8	63.14	NA	NA	0	1.0
k141_141069	5747	NA	148149.59307872766	3.8791871651959293	high	3.1679071702649	67	CheckV-000545	73.25	69.06	NA	NA	0	1.0
k141_143383	4501	NA	NA	NA	NA	NA	0	NA	NA	NA	NA	NA	0	1.01
k141_141100	3285	NA	42530.68130681961	7.723835826427884	low	11.7390330599321	331	CheckV-031569	42.4	37.63	2.8114871794871794	14.64697435897436	2	1.0
k141_11750	5871	NA	NA	NA	NA	NA	0	NA	NA	NA	NA	NA	0	1.0
k141_4321	3229	NA	NA	NA	NA	NA	0	NA	NA	NA	NA	NA	0	1.0
k141_141124	2909	NA	NA	NA	NA	NA	0	NA	NA	NA	NA	NA	0	1.0
k141_126801	4078	NA	NA	NA	NA	NA	0	NA	NA	NA	NA	NA	0	1.0
k141_11757	4023	NA	NA	NA	NA	NA	0	NA	NA	NA	0.4688093498904309	1.693418553688824	2	1.0
k141_72658	10911	NA	521648.13539282413	2.091639796964583	low	28.292853557284	4	CheckV-000691	24.63	19.49	0.8522903099342377	5.4937416886291635	6	1.0
k141_35172	3310	NA	61427.17982103787	5.388494164380269	low	10.9454880691546	33	CheckV-012630	37.73	83.86	4.65	8.09	1	1.0
k141_39905	16878	NA	146828.56622952368	11.495038352152921	medium	6.77694068528799	79	CheckV-000545	83.42	21.77	NA	NA	0	1.01
k141_108047	1597	NA	NA	NA	NA	NA	0	NA	NA	NA	2.41	4.19	1	1.0
k141_122143	7807	NA	278476.2873953015	2.80347029652756	low	13.3435582822086	29	CheckV-045861	35.35	23.68	0.5995425659447039	2.88408391008802	4	1.0
k141_53809	1585	NA	42628.530921143065	3.7181670720298396	medium	9.97120230381569	3	CheckV-043375	44.7	65.96	1.6	4.36	1	1.0
k141_126847	2874	NA	71725.32212741606	4.006953074249703	low	12.9948120840075	207	CheckV-014036	51.9	17.6	NA	NA	0	1.0
k141_4368	2511	NA	NA	NA	NA	NA	0	NA	NA	NA	NA	NA	0	1.02
k141_122170	2657	NA	112107.22900785913	2.3700523360663337	high	4.93937043075139	554	CheckV-044766	48.6	51.39	NA	NA	0	1.0
k141_91764	4262	NA	NA	NA	NA	NA	0	NA	NA	NA	NA	NA	0	1.0
k141_53883	3443	NA	53257.34427871773	6.464836064639941	low	NA	3	CheckV-003040	32.0	12.44	NA	NA	0	1.0
k141_91777	2608	NA	NA	NA	NA	NA	0	NA	NA	NA	NA	NA	0	1.0
k141_117616	22989	NA	41451.84823051595	55.4595295055529	low	24.0809313623841	34	CheckV-021673	32.4	9.46	25.46	65.66	1	1.0
k141_108136	2557	NA	71419.67556432626	3.5802458913397914	low	10.8819485366333	39	CheckV-044734	42.2	48.5	2.9242105263157896	6.3364265927977845	2	1.0
k141_72789	5584	NA	NA	NA	NA	NA	0	NA	NA	NA	NA	NA	0	1.0
k141_131554	5243	NA	84841.02614081909	6.179793242125186	low	23.3876629889669	28	CheckV-003793	26.8	37.09	NA	NA	0	1.0
k141_117669	1084	NA	NA	NA	NA	NA	0	NA	NA	NA	0.61	2.56	1	1.0
k141_35304	3274	NA	NA	NA	NA	NA	0	NA	NA	NA	NA	NA	0	1.0
k141_53965	4821	NA	46474.0	10.37354219563627	low	25.7555927270877	1	CheckV-059090	28.2	16.99	NA	NA	0	1.0
k141_72925	5390	NA	186250.0	2.893959731543624	low	26.7004593115816	1	CheckV-042388	22.3	31.58	NA	NA	0	1.0
k141_98857	2653	NA	NA	NA	NA	NA	0	NA	NA	NA	NA	NA	0	1.0
k141_84694	9714	NA	59020.887625110874	16.45857998900563	low	17.7188662440404	196	CheckV-058880	31.8	25.61	NA	NA	0	1.0
k141_108254	2735	NA	454290.4906184689	0.6020376953690103	low	13.957011667213	66	CheckV-049466	37.0	47.93	0.23	2.15	1	1.0
k141_94071	1045	NA	NA	NA	NA	NA	0	NA	NA	NA	1.64	2.6	1	1.0
k141_94086	1575	419	NA	NA	NA	NA	0	NA	NA	NA	0.62	1.22	1	1.01
k141_127084	6348	NA	327332.73035603063	1.9393111080262149	medium	9.60676095205243	68	CheckV-000545	53.73	25.94	3.94	17.32	1	1.0
k141_51734	2628	NA	NA	NA	NA	NA	0	NA	NA	NA	NA	NA	0	1.0
k141_4614	1842	NA	NA	NA	NA	NA	0	NA	NA	NA	NA	NA	0	1.0
k141_4666	4183	NA	88091.72891987603	4.748459419844801	low	16.7746825248758	32	CheckV-000993	36.9	26.39	NA	NA	0	1.0
