Contig	Lost_city.sorted RPKM
k141_234942	237.6937
k141_563144	45.99636
k141_575617	208.74092
k141_429116	40.17182
k141_67379	16.094288
k141_140105	123.75987
k141_171080	411.88605
k141_75277	154.92345
k141_127639	1381.346
k141_202567	20.070879
k141_300335	55.7101
k141_220317	25.929867
k141_244770	20.706358
k141_187696	17.054539
k141_343419	407.72552
k141_68853	22.821833
k141_143281	129.94145
k141_1612208	17.001217
k141_1434497	51.285027
k141_464890	20.366402
k141_1180078	10.588398
k141_1206812	16.030079
k141_1591223	14.501386
k141_135378	24.669916
k141_187785	11.782376
k141_1286795	150.18906
k141_443577	26.711416
k141_1238006	28.90114
k141_1595562	18.70033
k141_599216	8.561588
k141_625081	30.342497
k141_321983	231.7695
k141_1293396	26.786823
k141_1063507	36.78791
k141_757226	30.704195
k141_1218266	31.858856
k141_553898	19.80034
k141_503781	25.323912
k141_18842	18.577503
k141_1323548	381.70886
k141_509249	16.877665
k141_1480442	20.210567
k141_1556969	10.452767
k141_126795	24.668459
k141_765427	20.454481
k141_791677	12.502257
k141_639724|provirus_6003_41730	10.328276
k141_1371454	19.04259
k141_685883	7.16826
k141_655317	15.524285
k141_219260	19.099653
k141_1933043	59.07835
k141_1685083	12.832291
k141_96962	7.7359033
k141_191247	41.50935
k141_1594319	14.449477
k141_161516	21.7503
k141_941036	33.848854
k141_225779	21.63159
k141_600422	17.965853
k141_1193084	17.033941
k141_1941218	12.84417
k141_445381	16.7989
k141_258741	14.4799385
k141_1942864	18.907322
k141_72241	11.672498
k141_508874	18.356022
k141_1695635	14.925396
k141_573622	15.595995
k141_1291520	12.855645
k141_482304	7.9417157
k141_326790	16.994669
k141_264712	10.416437
k141_202576	17.463945
k141_1045554	9.079996
k141_1982517	8.045897
k141_175248	16.418787
k141_332199	70.17734
k141_1049591	12.4840555
k141_986841	11.746937
k141_176877	14.4065695
k141_1922395	20.528769
k141_802382	15.130604
k141_864539	36.986744
k141_833926	18.578373
k141_647287	23.444403
k141_243285	11.039554
k141_1178823	8.721374
k141_1428070	62.935326
k141_1524183	21.390335
k141_59774	16.237146
k141_185176	15.898473
k141_309239	13.924406
k141_715113	8.446882
k141_1245202	5.3988786
k141_117963	51.155598
k141_23375	80.028694
k141_106574	25.193773
k141_13643	9.609157
k141_41414	71.8227
k141_2115	2181.069
k141_135529	28.257608
k141_123398	19.36535
k141_150459|provirus_199_7183	9.9578085
k141_64730	29.408459
k141_181487	99.80956
k141_394111	62.243046
k141_272099	26.855167
k141_368814	41.40933
k141_253187	8.524716
k141_124671	72.46357
k141_227715	46.320934
k141_118455	15.756624
k141_259464	8.835693
k141_131982	31.316175
k141_228849	65.28582
k141_209195	5.909253
k141_93524	71.88559
k141_138629	432.47012
k141_81941	19.69847
k141_23585	49.796013
k141_114259	40.56753
k141_146787	45.988914
k141_191449	142.04932
k141_114551	9.169466
k141_321285	7.354905
k141_223822	44.49345
k141_69972	56.163292
k141_223976	46.51294
k141_178800	39.647083
k141_410638	770.34894
k141_37961	56.92499
k141_637018	50.027733
k141_724646	72.457535
k141_587314	55.116154
k141_87779	843.5186
k141_425056	35.28483
k141_612535	46.743057
k141_562648	32.923656
k141_187848	18.680513
k141_150633	29.699614
k141_400513	40.018806
k141_200910	13.017732
k141_738014	73.77151
k141_425932	6.100409
k141_413402	160.38101
k141_26377	98.47381
k141_138867	48.950798
k141_788698	52.29121
k141_201975	128.85422
k141_164394	30.12845
k141_551580	14.682372
k141_539591	33.026417
k141_727058	101.63436
k141_439752	115.59153
k141_727273	1831.2484
k141_77609	30.856178
k141_202770	607.29614
k141_639901	39.824715
k141_577511	78.645424
k141_790066	32.7247
k141_715396	23.38073
k141_577805	76.83635
k141_690569	39.10734
k141_515675	246.90866
k141_166112	95.16612
k141_653154	22.50797
k141_3789	6.5975204
k141_740524	98.74913
k141_228466	46.303406
k141_278701	15.561401
k141_465886	6.4818735
k141_303523	232.28351
k141_303915	56.26553
k141_741092	105.4265
k141_466485	78.59652
k141_241967	58.291203
k141_566632	113.059685
k141_454342	65.758705
k141_479453	27.08439
k141_441779	118.10078
k141_666863	5649.5674
k141_779385	28.723852
k141_254392	58.31596
k141_467165	35.73481
k141_30239	50.268135
k141_5946	14.1162
k141_330624	12.908529
k141_342801	86.46537
k141_642589	53.82787
k141_730331	37.914402
k141_543546	45.647892
k141_206461	62.645542
k141_656276	45.77049
k141_293704	69.289314
k141_81067	2039.4878
k141_669114	327.89108
k141_407072	76.449394
k141_319311	101.522
k141_407159	30.402103
k141_294689	308.65024
k141_719559	39.49056
k141_119821	454.9107
k141_582526	122.93424
k141_220534	85.23255
k141_619975	24.400906
k141_307716	32.536694
k141_120690	39.41768
k141_620333	63.19065
k141_320679	35.146946
k141_745395	27.67816
k141_483545	42.857098
k141_283929	63.082783
k141_209103	28.827518
k141_246687	23.18564
k141_221457	48.444363
k141_745902	704.6056
k141_558606	28.399881
k141_734136	64.50391
k141_171967	52.697544
k141_134544	25.884886
k141_72378	336.90067
k141_484980	181.08928
k141_722100	180.82076
k141_35104	57.845165
k141_635039	29.89803
k141_198391	134.13284
k141_635669	95.860756
k141_722902	95.79708
k141_460532	107.46194
k141_723398	161.32582
k141_448136	93.98758
k141_573836	70.26651
k141_299616	35.12404
k141_798653	800.2768
k141_74785	16.929607
k141_498657	40.21881
k141_262183	102.03175
k141_204417|provirus_26975_70331	17.156343
k141_300234	899.68445
k141_252449	47.993248
k141_354623	43.282486
k141_12357	602.0993
k141_150517	24.421097
k141_12447	66.62215
k141_348611	76.769844
k141_24479	34.466988
k141_187118	69.123566
k141_295012	247.14734
k141_85021	274.01712
k141_217325	101.826866
k141_151257	36.15064
k141_151317	20.693872
k141_265607	35.882282
k141_355845	1937.681
k141_295777	2618.3203
k141_151798	36.4631
k141_67793	31.01608
k141_272030	571.6756
k141_55980	200.93619
k141_91902	57.302586
k141_91940	33.32499
k141_128051	30.164677
k141_134140	24.943062
k141_158365	113.39723
k141_218279	15.529922
k141_56229	1418.664
k141_134271	93.34272
k141_80409	8.738659
k141_176324	106.88239
k141_44093	82.235115
k141_266700	129.2231
k141_32536	71.9858
k141_374350	1694.4309
k141_3032	19.907053
k141_81042	77.408714
k141_291154	35.355495
k141_225178	15.491331
k141_327304	28.39194
k141_123116	149.52568
k141_195244	27.185705
k141_183376	59.450863
k141_21682	118.6934
k141_117304	28.896862
k141_291664	33.966198
k141_291688	17.699257
k141_345361	35.42832
k141_105813	34.484932
k141_183763	9.143826
k141_333781	53.801212
k141_21997	25.812622
k141_57953	72.238365
k141_280292	29.905
k141_274094	8.972425
k141_316023	28.19465
k141_226144	156.15723
k141_262312	18.238506
k141_292342	7.7223706
k141_142436	53.273827
k141_4739	111.98611
k141_190772	96.161026
k141_268514	61.039215
k141_34628	46.06506
k141_375924	18.733118
k141_220617	51.723736
k141_100328	57.93085
k141_310951	96.836006
k141_268900	33.8235
k141_328581	257.38837
k141_124574	50.39286
k141_364503	28.026476
k141_167603	47.562214
k141_17256	115.76458
k141_275359	74.516174
k141_221450	31.65654
k141_192078	124.93576
k141_263753	44.794598
k141_347459	8.237367
k141_119896	133.13599
k141_299915	30.94473
k141_299977	19.521942
k141_47798	207.20255
k141_383621	741.3993
k141_332756	105.02137
k141_298350	26.494623
k141_137735	57.127922
k141_286928	7918.4395
k141_172214	72.72828
k141_264160	28.436127
k141_258356	18.217493
k141_229719	72.16119
k141_246961	157.13216
k141_263	144.14586
k141_86328	29.27484
k141_115076	19.404093
k141_258545	14.237621
k141_355971	18.76307
k141_86386	36.147106
k141_310206	39.79457
k141_361846	177.5143
k141_270207	21.781778
k141_155722	26.623768
k141_132699	40.91512
k141_299042	40.634705
k141_58248	52.609684
k141_35097	36.84663
k141_52462	114.31272
k141_327623	29.74819
k141_178570	29.977652
k141_18016	42.613754
k141_52695	51.853577
k141_322248	41.09506
k141_322252	37.52511
k141_259071	16.47602
k141_190178	80.677086
k141_52766	66.90651
k141_167521_2	19.042824
k141_219129	76.62957
k141_333826	31.324314
k141_70165	12.640097
k141_345399	16.666376
k141_333849	42.49808
k141_81517	29.617609
k141_265682	21.50275
k141_47162	12.202158
k141_288214	7.280183
k141_202088	102.2668
k141_202142	72.835
k141_30127	45.61511
k141_127765	49.66926
k141_18673	61.10684
k141_1638_2	14.7632885
k141_53401	153.50343
k141_30346	25.655046
k141_99221	122.89698
k141_305846	487.41534
k141_214172	80.38745
k141_81947	44.212963
k141_345990	21.476662
k141_12969	92.91218
k141_294174	21.9491
k141_254952	256.64868
k141_185539	20.998987
k141_122747	76.873955
k141_289032	18.170853
k141_2090	14.260989
k141_116784	417.79086
k141_99625	287.0125
k141_283342	40.35239
k141_334789	20.651611
k141_65337	188.63611
k141_76708	20.489605
k141_329756	753.4081
k141_214479	11.345348
k141_300959	22.186695
k141_163161	23.881052
k141_260959	53.06121
k141_157497	57.703274
k141_323931	16.352959
k141_220894	56.76133
k141_186104	132.37944
k141_226607	25.80667
k141_220939	714.38947
k141_301248	77.9046
k141_335486	25.608223
k141_123183	106.34074
k141_346669	27.622774
k141_335589	57.08765
k141_140632	44.529636
k141_135054	10.949004
k141_3266	13.599937
k141_37024	40.349262
k141_301550	27.460827
k141_203769	18.144299
k141_318866	20.242434
k141_313047	11.514547
k141_324602	16.456549
k141_301661	9.170863
k141_77346	66.5711
k141_342375	108.321465
k141_324854	17.775814
k141_146494	30.834818
k141_347270	12.486537
k141_37473	17.814346
k141_37514	24.005762
k141_141171	31.461246
k141_210242	69.08912
k141_95691	18.467937
k141_198707	11.187306
k141_307603	221.53848
k141_118331	56.196617
k141_118440	22.711683
k141_43778	57.781876
k141_43789	24.090338
k141_347771	40.22459
k141_4290	20.98339
k141_285297	32.31394
k141_204609	234.88364
k141_152899	28.444448
k141_239404	36.10011
k141_44216	20.204782
k141_291304	11.372146
k141_124419_2	29.704725
k141_181956	71.17167
k141_170451	20.569475
k141_130567	11.199689
k141_107743	16.50924
k141_296289	64.73372
k141_9730	116.81147
k141_119236	8.746077
k141_159596	12.434214
k141_55674	69.337845
k141_263334	31.977446
k141_119375	9.862617
k141_21503	239.47807
k141_360466	13.389174
k141_165451	25.33656
k141_348635	59.924416
k141_5426	46.908062
k141_314698	29.78499
k141_50300	31.580004
k141_102334	16.049358
k141_113636	37.85324
k141_360772	20.095394
k141_171047	25.056864
k141_102419	28.162096
k141_211616	229.66151
k141_251950	102.09431
k141_97194	35.815666
k141_171153	55.060413
k141_200086	101.93459
k141_360976	25.918327
k141_303579	18.013113
k141_79765	10.641355
k141_269540	12.517772
k141_131572	59.94978
k141_188792	19.37452
k141_320910	2167.101
k141_34219	28.143414
k141_16440	14.7486515
k141_22355	10.85299
k141_171774	106.562126
k141_366876	760.2016
k141_309648	6.730673
k141_326957	110.380455
k141_246586	66.33899
k141_17052	114.705605
k141_1382061|provirus_23113_53718	12.42596
k141_945015	21.210043
k141_919526	31.146078
k141_434383	40.918434
k141_1328239	17.87796
k141_894118	65.6368
k141_1302792	15.709227
k141_1328277	20.485504
k141_77000	26.140892
k141_179601	15.5506525
k141_307159	27.367683
k141_1379971	17.700771
k141_971358	16.59303
k141_562569	22.354315
k141_1277810	16.028997
k141_639426	23.38672
k141_1175644	36.479958
k141_742135	14.201701
k141_461329	29.605442
k141_691202	28.562151
k141_180501	16.85541
k141_461522	42.469147
k141_155146	15.999215
k141_640341	24.768633
k141_563733	14.070289
k141_615009	45.08395
k141_1508886	33.45494
k141_1560242	15.055078
k141_1304695	15.924867
k141_742861	16.605669
k141_819750	34.981983
k141_130018	19.763882
k141_1177270	23.45307
k141_411376	16.984943
k141_1126653	25.273174
k141_27972	49.173515
k141_539527	11.927905
k141_1126883	9.1422415
k141_846011	35.04072
k141_2754	26.005985
k141_1331280	21.28149
k141_207466	15.492987
k141_28409	26.774712
k141_488854	23.008186
k141_897386	26.281559
k141_1025074	18.86501
k141_258895	28.788713
k141_437760	24.716652
k141_515075	14.513126
k141_1025493	41.856014
k141_28943	238.74008
k141_1306438	16.97812
k141_1485228	171.1731
k141_1025646	14.789341
k141_949232	30.221136
k141_285308	24.25243
k141_208288	335.40002
k141_541006	14.5365095
k141_974634	20.82118
k141_873237	19.4263
k141_1485864	50.817295
k141_1281848	30.15923
k141_1256308	19.687943
k141_1179737	37.052486
k141_464578	15.689615
k141_1434999	15.060116
k141_822036	17.636375
k141_1435060	18.802998
k141_234872	14.435092
k141_56213	29.570591
k141_260422	14.890689
k141_1563654	45.054733
k141_720650	28.049034
k141_260567	26.350277
k141_567731	31.615286
k141_848591	17.088455
k141_312150	47.33383
k141_1537601	20.379978
k141_1333922	12.532063
k141_1231770	15.520384
k141_1053022	24.682283
k141_848965	19.042223
k141_338204	145.12971
k141_363716	57.678722
k141_1130757	29.570307
k141_900691	10.921563
k141_926533	20.65337
k141_236409	13.851473
k141_1105338	22.018843
k141_466645	16.494913
k141_1105414	13.615477
k141_1156563	18.468117
k141_1513765	31.742157
k141_1590484	36.8788
k141_441079	30.13986
k141_1182373	17.649172
k141_1361268	23.430443
k141_952923	47.72925
k141_1616691	35.3171
k141_416573	26.715511
k141_237403	14.910233
k141_160717	17.229713
k141_1361635	33.17056
k141_1361641	20.347603
k141_237661	17.62499
k141_262966	32.477062
k141_1514831	14.124525
k141_186732	17.684696
k141_1438212	28.156185
k141_723686	20.046404
k141_1029902	19.061033
k141_1362277	17.92857
k141_7703	50.863358
k141_110310	13.723163
k141_724211	28.546635
k141_289774	32.800587
k141_8070	7.7254004
k141_238444	15.725141
k141_673219	287.28082
k141_1465038	22.742367
k141_852640	8.135206
k141_494578	14.43717
k141_59855	22.118488
k141_391981	22.511229
k141_1006080	25.1262
k141_648662	44.60664
k141_1389184	19.051918
k141_699562	19.163942
k141_1031696	14.960966
k141_699788	22.05977
k141_86530	14.077243
k141_9753	18.80312
k141_1287869	14.24691
k141_163027	32.886845
k141_342850	13.555294
k141_1262117	16.869978
k141_981147	16.917116
k141_1135221	27.138134
k141_1492341	18.323683
k141_419750	28.776316
k141_700374	19.592823
k141_854233	15.165822
k141_496041	19.554173
k141_1160442	60.794353
k141_700753	22.303871
k141_650338	26.894308
k141_1313890	16.156252
k141_1212399	12.112895
k141_598836	17.260435
k141_548120	16.811255
k141_1543925	10.303039
k141_1212718	29.23592
k141_982422	42.112343
k141_855045	89.97081
k141_420732	10.367515
k141_1314611	25.247301
k141_931756	16.056236
k141_241659	8.990068
k141_11436	21.671787
k141_1136752	35.012405
k141_472059	46.657597
k141_676346	52.148575
k141_1468675	39.36569
k141_345012	36.872116
k141_216362	19.072247
k141_472648	11.500388
k141_345366	16.582603
k141_498345	72.064705
k141_472872	19.666183
k141_319492	15.721606
k141_1520470	30.22959
k141_1367475	27.462114
k141_63604	43.34681
k141_395648	8.95139
k141_1316160	21.043703
k141_907821	23.125294
k141_856927	27.99399
k141_396192	32.591328
k141_1291299	24.519913
k141_217369	56.943485
k141_1495811	7.603522
k141_1572545	22.41424
k141_1035596	14.492252
k141_806776	11.019825
k141_1496338	16.524593
k141_1292004	22.957375
k141_244069	44.978607
k141_1035822	20.51984
k141_883588	26.310057
k141_321623	18.57182
k141_397589	50.87141
k141_1343276	39.48574
k141_1266925	18.986258
k141_1420587	14.569971
k141_628668	21.430809
k141_679636	17.12166
k141_1522999	21.261553
k141_1626063	21.41393
k141_373640	14.797174
k141_92633	15.966681
k141_1191343	27.158491
k141_986535	17.566908
k141_1600380	14.681319
k141_1165606	41.693165
k141_297550	16.201794
k141_1191729	23.982845
k141_834118	30.039549
k141_629832	15.217128
k141_936190	39.934513
k141_936266	18.042036
k141_1473144	15.592598
k141_67294	20.442924
k141_987524	44.043434
k141_630206	22.65012
k141_1090210	21.843868
k141_834737	16.10919
k141_400183	16.092306
k141_911665	21.654522
k141_1294796	16.585724
k141_451274	28.982399
k141_477607	19.108831
k141_41829	20.272148
k141_196442	9.970047
k141_1473828	468.65927
k141_1550337	22.287796
k141_1244379	30.889505
k141_1193139	23.733822
k141_273048	9.639849
k141_273078	25.693222
k141_299223	40.09074
k141_1065322	7.4941196
k141_1219498	36.97511
k141_299405	13.989503
k141_988751	17.457819
k141_579443	25.978447
k141_835994	23.486805
k141_351014	14.689952
k141_1143083	25.954933
k141_912802	16.094364
k141_300045	35.297733
k141_683109	16.22498
k141_913190	18.291103
k141_401965	38.81925
k141_1143612	17.92512
k141_580259	40.69681
k141_1398949	19.772684
k141_351846	24.84855
k141_198071	19.151016
k141_1118181	92.614655
k141_1168940	15.241548
k141_580726	25.733297
k141_606744	11.979983
k141_453506	28.290941
k141_556500	18.520756
k141_1476354	26.058914
k141_1374524	46.84781
k141_1476504	34.074387
k141_939820	14.205454
k141_633537	18.05191
k141_1093949	36.998512
k141_1578864	16.829538
k141_122849	35.293102
k141_1145608	30.08953
k141_735693	49.526405
k141_864561	17.982594
k141_225306	20.55511
k141_864731	19.415771
k141_735879	15.516757
k141_761730	35.992947
k141_46072	18.283815
k141_1554022	14.466344
k141_1605836	15.864061
k141_940966	25.505402
k141_1248779	17.394398
k141_1401898	25.847378
k141_1452327	16.329987
k141_1223231	34.579624
k141_736490	21.203602
k141_814415	71.03061
k141_583414	89.47282
k141_99281	9.680934
k141_431387	18.276794
k141_1555070	26.94232
k141_431577	20.292374
k141_788595	40.175423
k141_1350908	346.9988
k141_1121399	23.677
k141_1632528	57.15137
k141_1224042	45.091763
k141_1147475	35.437572
k141_967989	26.072187
k141_1274210	16.058372
k141_23321	17.840624
k141_1224376	16.62373
k141_1070331	19.126898
k141_1172439	25.926773
k141_74179	21.938337
k141_534124	43.800972
k141_126122	32.075912
k141_1199196	18.420126
k141_228181	18.385597
k141_1429041	21.761705
k141_74619	18.465082
k141_1429123	23.58694
k141_1071253	20.375017
k141_842226	38.264225
k141_637488	10.547087
k141_279693	7.2238245
k141_1199796	81.51759
k141_1531811	27.60831
k141_765063	10.964421
k141_1429970	14.212361
k141_434175	11.0189905
k141_970331	43.11666
k141_76364	13.7256365
k141_1176534|provirus_3594_8465	25.54353
k141_1028327	6.650068
k141_280497	8.663987
k141_187004	13.309148
k141_560939	21.764666
k141_623354	16.752556
k141_872693	12.805688
k141_342954	11.881479
k141_1838694	19.437681
k141_1963342	18.857473
k141_1558249	12.07725
k141_530071	16.548548
k141_1277954	12.901593
k141_1059784	11.115225
k141_249763	22.03218
k141_187448	21.509537
k141_476	34.873936
k141_686031	5.538597
k141_1246942	7.983849
k141_1932542	10.779026
k141_623780	13.620913
k141_810808	11.653243
k141_280989	16.593699
k141_623807	12.592289
k141_935406	11.6039715
k141_810851	15.653341
k141_1091213	9.70421
k141_904403	16.184313
k141_1558721	9.990321
k141_250045	7.307714
k141_1278436	16.834896
k141_281287	29.552715
k141_1621328	9.99162
k141_1060332	12.635999
k141_811130	9.195865
k141_312608	9.052707
k141_1558953	10.099298
k141_312694	9.650622
k141_1403292	20.260895
k141_1372224	32.064396
k141_904865	10.450255
k141_873588	18.736275
k141_1122995	13.85314
k141_718004	13.802845
k141_1029454	15.672655
k141_1902151	8.809101
k141_967268	21.957245
k141_873787	14.171626
k141_1652939	19.485313
k141_998626	14.147007
k141_32595	10.136281
k141_469169	10.798879
k141_1933572	11.223747
k141_1123467	35.18214
k141_1216883	19.309875
k141_967662	12.285895
k141_219875	14.693131
k141_1029984	11.133558
k141_1279324	26.524988
k141_1185889	15.608263
k141_1684351	18.619062
k141_936584	13.059863
k141_1559736	8.470552
k141_95299	9.924583
k141_1061345	15.199101
k141_1840460	12.960036
k141_1123896	17.83365
k141_1871961	20.044092
k141_64197	10.320542
k141_1747105	9.189131
k141_438621	17.606653
k141_905962	14.200866
k141_1684785	29.977032
k141_1872090	9.945502
k141_1934180	13.579128
k141_1716175	18.048948
k141_1622916	31.584902
k141_1093083	17.973494
k141_1716333	107.774284
k141_1342325	10.721948
k141_563335	28.530378
k141_314212	32.041977
k141_1872349	33.4607
k141_345414	13.808872
k141_64671	17.539387
k141_719283	8.329327
k141_158452	13.458647
k141_719321	19.442722
k141_999812	12.104388
k141_563585	11.919483
k141_501382	16.285425
k141_968885	8.921004
k141_937622	19.966066
k141_750746	22.016945
k141_1623444	7.699419
k141_1062468	74.06821
k141_283267	11.144922
k141_719666	10.4859085
k141_813327	15.5033045
k141_252269	8.561005
k141_626381	9.888104
k141_1529899	6.8881526
k141_1000209	18.700212
k141_96590	15.594129
k141_813463	20.640736
k141_1685793	13.444494
k141_626560_2	14.159369
k141_1467767	24.595367
k141_1748231	26.542923
k141_1031530	18.81745
k141_189843	15.903037
k141_252629	21.635363
k141_470910	23.02981
k141_3098	25.322464
k141_221436	15.554226
k141_626957	16.413609
k141_658189	26.377083
k141_97072	11.499738
k141_1218993	16.868422
k141_595815	7.8339634
k141_595847	15.621728
k141_346541	41.52776
k141_533515	29.922539
k141_346582	13.083674
k141_689792	20.153435
k141_783436	27.088352
k141_970105	13.473299
k141_938918	10.20648
k141_128186	22.74695
k141_1094723	9.344516
k141_1375216	11.921909
k141_1842790	16.844545
k141_221825	8.6214485
k141_720928	19.972973
k141_658650	14.132264
k141_533723	32.874916
k141_1500107	19.528399
k141_1593264	12.252286
k141_1375336	12.208325
k141_1032546	18.992794
k141_34818	17.764767
k141_1624613	23.427378
k141_1811719	23.244774
k141_814674	23.185596
k141_160041	9.166276
k141_284562	28.043192
k141_752473	11.207319
k141_596484	19.06556
k141_1251060	9.396427
k141_1157710	14.466576
k141_503049	63.55459
k141_97964	12.213295
k141_1718649	12.662925
k141_35319	19.283371
k141_66523	16.16041
k141_1376258	9.582491
k141_1313721	21.43665
k141_472403	9.883761
k141_753040	16.80608
k141_1251570	32.121033
k141_503475	10.909039
k141_1812571	15.734483
k141_1625687	11.139342
k141_35889	30.729898
k141_378792	21.107895
k141_1470161	17.962105
k141_1844298	16.932077
k141_1532460	11.796278
k141_4982	15.498059
k141_1096418	14.118806
k141_1813178	6.893327
k141_254932	8.400014
k141_597813	8.158443
k141_1502030	9.453095
k141_597835	16.86096
k141_972097	12.633833
k141_1345804	10.208332
k141_566858	16.489986
k141_629316	8.674859
k141_535579	16.748064
k141_1595345	15.105113
k141_660501	41.25131
k141_1813618	17.085556
k141_910211	24.242863
k141_660582	14.823414
k141_348660	15.584334
k141_972435	15.558222
k141_660666	15.201693
k141_1471166	11.58111
k141_1533302	13.67358
k141_1658013	8.827856
k141_1159632	18.451992
k141_754268	20.685776
k141_1845433	8.964851
k141_567329	12.94072
k141_816717	15.604809
k141_1378091	13.309187
k141_1159783	6.7375813
k141_1159816_2	18.791447
k141_1346600	12.834651
k141_317942	15.07795
k141_1845706	11.865101
k141_1346706	31.629816
k141_1783125	10.731643
k141_99928	33.359234
k141_1689721	11.796911
k141_1689736	15.74794
k141_536204	27.860615
k141_816968	14.625885
k141_973021	9.596337
k141_536284	14.58524
k141_1970844	8.911427
k141_1814525	14.438982
k141_1409168	25.114986
k141_100223	24.320831
k141_1565352	9.839349
k141_1783642	15.878434
k141_1004530	15.45079
k141_1409386	12.655144
k141_754980	13.516544
k141_1783689	8.343239
k141_256392	13.590837
k141_755082	14.083574
k141_68948	10.576714
k141_1814994	14.923166
k141_693191	11.477533
k141_1783889	12.2263775
k141_443806	113.853714
k141_786965	19.342548
k141_256665	13.020378
k141_724337	15.119607
k141_287543	23.346087
k141_817648	14.695684
k141_911493	28.217916
k141_505671	10.664448
k141_100724	17.009933
k141_662010	24.43123
k141_849187	11.086838
k141_1939977	8.2062645
k141_973830	10.012368
k141_163186	18.900429
k141_69463	14.405723
k141_1192389	9.811191
k141_257153	34.298508
k141_1659848	17.243752
k141_7423	8.011382
k141_1784575	15.974068
k141_475440	11.100411
k141_1379660	8.108234
k141_1005376	8.963516
k141_1192588	14.222104
k141_1660005	13.224722
k141_1441833	17.620708
k141_163578	7.598233
k141_288255	15.399402
k141_694174	11.50723
k141_756045	14.139577
k141_787805	33.28916
k141_1068019	58.241608
k141_1410670	22.346128
k141_444941	13.03874
k141_1722856	20.915953
k141_101460	26.782316
k141_1629479	46.002403
k141_912674	14.548543
k141_1130742	26.87137
k141_1660801	24.356823
k141_756533	12.126177
k141_1692143	80.51115
k141_476383	11.508268
k141_1723383	24.523254
k141_413516	19.176458
k141_132811	8.528936
k141_164282	10.580563
k141_1629863	43.756832
k141_881602	8.788281
k141_975034	16.410969
k141_944037	13.4995985
k141_788783	9.791085
k141_1380839	12.1669855
k141_8797	15.451242
k141_570073	7.209647
k141_1661192	14.289335
k141_850757	22.483406
k141_1567994	10.151185
k141_1162543	16.516743
k141_1131500	12.770442
k141_1536726	18.231165
k141_1568088	32.436516
k141_1349732	45.51705
k141_289669	14.783233
k141_1225144	15.87388
k141_538976	9.686821
k141_664143	22.640644
k141_975796	21.91515
k141_477175	16.098646
k141_321041	13.253739
k141_851226	221.23997
k141_975836	13.351867
k141_1755394	21.190914
k141_789350	205.85385
k141_227563	19.543877
k141_1288113	9.439316
k141_352078	15.145959
k141_1443625	18.577578
k141_1350086	29.925528
k141_1818033	14.162029
k141_103025	21.393192
k141_696112	37.95934
k141_1225543	11.890652
k141_508132	14.368664
k141_1693412	212.61623
k141_40553	16.315313
k141_726991	11.8899355
k141_851665	17.470882
k141_1194804	37.973103
k141_1163227	17.627665
k141_664846	12.014628
k141_571150	33.946747
k141_633688	11.138071
k141_945369	7.4635215
k141_414951	10.39693
k141_696506	16.141632
k141_1662341	11.096543
k141_945436	13.557155
k141_103557	13.817223
k141_1912163	13.097937
k141_1693784	16.333935
k141_883031	14.472649
k141_540003	8.532935
k141_134401	8.043382
k141_1070240	34.08918
k141_540080	12.567723
k141_665179	14.971642
k141_727440	6.30147
k141_72360	14.020739
k141_166230	20.18562
k141_945677	12.475838
k141_415273	6.845753
k141_1319658	36.950222
k141_1289028	41.831524
k141_1787191	17.52083
k141_1257561	26.355478
k141_665335	20.790226
k141_1257568	22.684809
k141_447538	32.862408
k141_634210	12.340184
k141_1476035	36.949665
k141_1975536	75.91375
k141_1257824	23.013027
k141_634337	22.319077
k141_1912817	22.422726
k141_1787563	11.019372
k141_1694434	38.195923
k141_1289433	26.067572
k141_41669	15.900204
k141_1600812	11.489635
k141_727978	57.051693
k141_10969	40.447906
k141_1913057	12.461058
k141_634545	22.301815
k141_478745	18.474285
k141_11084	7.227455
k141_759198	10.459842
k141_416130	21.521544
k141_1476541	16.388985
k141_1632264	6.9512777
k141_1164581	14.866257
k141_1227012	15.852564
k141_385229	18.128666
k141_1787929	13.913702
k141_853316	13.509634
k141_73584	10.063296
k141_572680	23.583242
k141_509961	13.14297
k141_977916	61.807796
k141_1663677	7.726377
k141_1040460	10.655288
k141_510031	21.687054
k141_229725	20.072613
k141_791399	10.0107975
k141_1632766	13.523875
k141_1165081	9.464317
k141_1227516	15.606037
k141_1227523	7.673041
k141_1414344	20.286318
k141_698250	15.890672
k141_1664000	14.135396
k141_666788	114.00841
k141_728930	7.776934
k141_1477323	16.535437
k141_1477341	10.897365
k141_1321249	5.445808
k141_1852032	13.003182
k141_199073	22.023558
k141_635826	10.614107
k141_1352526	12.787989
k141_1539571	13.279632
k141_884960	21.229992
k141_230464	29.856493
k141_916529	10.338571
k141_1664435	27.670525
k141_822753	20.814997
k141_822776	19.914328
k141_1165708	12.894927
k141_1571013	17.060303
k141_449474	12.009892
k141_1633510	12.494471
k141_230599	13.719693
k141_136750	13.466259
k141_1134714	11.939354
k141_792176	41.161327
k141_1352794	12.208915
k141_1041347	20.699543
k141_510989	32.09347
k141_916734	78.12675
k141_292996	13.997063
k141_1477945	9.127099
k141_1072736	36.065685
k141_1353078	13.989571
k141_573945	13.847929
k141_948007	11.630332
k141_1727564	10.592876
k141_231103	17.002588
k141_1884075	10.458449
k141_231152	9.889284
k141_355683	16.135557
k141_1946189	11.898037
k141_979336	10.194748
k141_293485	10.33299
k141_1478309	17.170666
k141_1571718	14.774371
k141_418179	35.854424
k141_1915196	7.679628
k141_1447069	11.679697
k141_1385135	21.546473
k141_418233	15.127346
k141_106804	6.5720754
k141_1853245	17.117498
k141_450384	13.944302
k141_1510160	16.50705
k141_1415876	7.8433833
k141_231521	7.3238955
k141_605921	25.812714
k141_855357	8.784273
k141_169713	16.843391
k141_1198469	24.450548
k141_637350	20.23328
k141_450656	8.812725
k141_1978635	12.742938
k141_543972	13.568012
k141_512519	21.830448
k141_1635019	29.415228
k141_824410	31.924303
k141_575158	13.893981
k141_76255	8.069616
k141_1261064	7.769453
k141_1728800	27.560423
k141_1790759	12.920522
k141_1916120	10.076862
k141_1199115	8.936062
k141_949533	17.981104
k141_1043335	12.615806
k141_1697758	10.46642
k141_856219	13.7518425
k141_357030	23.573599
k141_201425	8.531257
k141_1854312	12.801014
k141_1916533	21.963823
k141_1386389	9.81707
k141_1604339	14.794591
k141_1074722	15.107968
k141_762854	6.51343
k141_513271	19.976252
k141_1823339	17.818398
k141_1823364	15.353549
k141_138990	11.170191
k141_544874	20.912346
k141_201765	31.7861
k141_1760782	14.993274
k141_1854795	6.2803235
k141_1075031	9.567375
k141_1511895	19.9115
k141_1480249	15.077854
k141_825538	27.125967
k141_513628	21.534433
k141_357789	26.337288
k141_1667187	16.98307
k141_1262157	11.255886
k141_950455	13.353836
k141_1480507	38.642212
k141_1324392	7.5619173
k141_1137591	29.569122
k141_981699	19.25193
k141_202417	14.806123
k141_1137675	11.058498
k141_1480675	36.123734
k141_732606	14.479161
k141_981815	49.975235
k141_1106546	15.570343
k141_919752	12.602195
k141_1480772	6.128899
k141_1262405	7.9709086
k141_825972	18.283691
k141_1480925	11.85126
k141_1480928	20.420265
k141_202719	9.960058
k141_1761494	21.962097
k141_1387565	27.267624
k141_1481030	7.268587
k141_1761519	22.520058
k141_296382	17.241022
k141_1294147	14.508877
k141_327809	14.974479
k141_514304	7.3488584
k141_109561	12.303961
k141_1262850	16.484007
k141_1231596	24.598894
k141_1325174	25.694656
k141_1824748	34.247612
k141_826479	9.469958
k141_1325348	20.82743
k141_1918126	9.162664
k141_1387986	18.555983
k141_1856059	10.2830515
k141_1605949	127.52213
k141_1231991	14.866932
k141_1325544	13.492035
k141_1263198	10.29729
k141_514961	9.659999
k141_1700002	16.589006
k141_1481790	508.45328
k141_764744	14.624944
k141_1918421	15.598815
k141_110341	21.459877
k141_1637619	17.339312
k141_1825313	11.827184
k141_1981429	6.6018233
k141_110468	45.27027
k141_1419069	8.4241295
k141_110566	30.867647
k141_1762603	28.611603
k141_1638012	15.147614
k141_1077166	17.041239
k141_297610	16.797459
k141_17301	15.922625
k141_1357381	34.537243
k141_797016	19.378761
k141_267016	27.105654
k141_1450603	16.135256
k141_110885	22.36796
k141_1046518	9.897921
k141_1918972	9.920102
k141_1264077	15.350152
k141_609919	11.103606
k141_734561	10.845173
k141_983812	29.029806
k141_797318	23.869982
k141_1264230	31.847237
k141_267497	19.667414
k141_267532	24.014212
k141_267533	7.1358633
k141_141843	16.298727
k141_17925	15.565662
k141_516272	16.351238
k141_1701341	13.427477
k141_1451428	13.2066555
k141_360673	14.085958
k141_485367	16.983255
k141_1670183	16.68244
k141_1171430	13.594911
k141_890638	19.15752
k141_1857809	39.06194
k141_704664	16.958956
k141_236416	14.856725
k141_610774	13.363633
k141_1171652	14.035223
k141_455459	11.142202
k141_1451799	14.118572
k141_142622	9.365833
k141_1078401	14.256462
k141_1140522	13.249258
k141_268304	14.3316555
k141_548802	27.530195
k141_548859	12.861582
k141_1702057	23.143888
k141_330707	16.446968
k141_1452117	12.414947
k141_1172046	35.6805
k141_1702242	9.588642
k141_1733605	10.287863
k141_19099	23.253605
k141_705275	8.033147
k141_611505	12.8653555
k141_673932	16.195124
k141_1515995	11.294412
k141_393325	11.982373
k141_985410	12.191936
k141_205978	27.994814
k141_642408	11.994689
k141_1733849	8.925645
k141_1608671	13.1304655
k141_891722	10.420682
k141_1204070	16.386581
k141_642620	19.275526
k141_954326	7.8373547
k141_642630	30.403208
k141_1204098	8.195645
k141_736653	14.835089
k141_1547052	21.810606
k141_1204204	13.787651
k141_393757	10.776886
k141_1141608	23.392157
k141_331619	22.09428
k141_642829	9.376009
k141_1952738	9.80508
k141_580858	25.194374
k141_1359906	11.109224
k141_1984287	28.020908
k141_1796343	13.678272
k141_1421961	12.828657
k141_1578430	22.35948
k141_1391480	37.768852
k141_1547496	14.14831
k141_1672025	19.589272
k141_861695	13.148986
k141_1298208	9.733741
k141_924087	26.556587
k141_1890868	16.593678
k141_332056	18.256485
k141_1391697	10.818858
k141_924161	12.109277
k141_176402	22.61904
k141_425583	34.494816
k141_20419	12.824004
k141_1235751	34.69986
k141_425705	30.778381
k141_1578981	19.77775
k141_487595	17.652441
k141_675322	13.946987
k141_800401	14.682881
k141_955598	64.31578
k141_1922128	24.070374
k141_1329632	8.04846
k141_519175	12.205139
k141_1548266	22.352797
k141_1174080	10.329236
k141_1517619	20.115906
k141_1922324	26.158813
k141_1641567	21.94214
k141_1080839	22.934969
k141_21174	17.064392
k141_519555	9.64053
k141_208105	17.391357
k141_145338	11.992284
k141_831602	80.161766
k141_177530	8.67391
k141_987552	14.386753
k141_1143505	9.399585
k141_707667	31.194479
k141_333259	10.044283
k141_1704882	7.7860312
k141_831783	13.810771
k141_1392956	14.986741
k141_458618	23.506115
k141_1454838	8.385588
k141_1299728	11.663164
k141_1206029	23.586567
k141_1766922	5.6972394
k141_1954608	12.102725
k141_208566	36.740936
k141_1299850	13.514485
k141_956527	8.52852
k141_458883	19.679184
k141_582744	15.652549
k141_1112409	21.576025
k141_1206261	6.7115216
k141_1051040	26.112553
k141_1673795	13.178644
k141_364238	36.116478
k141_1610945	12.150895
k141_146030	10.295904
k141_1610959	26.208395
k141_208932	12.657222
k141_925895	29.408003
k141_1175259	12.935189
k141_801812	15.617776
k141_53119	9.546256
k141_1175428	10.309898
k141_1580647	17.545677
k141_708559	55.08167
k141_209223	10.329838
k141_708570	9.857192
k141_1519083	12.66903
k141_489286	143.86617
k141_552577	10.663791
k141_1206875	14.194083
k141_1736854	11.403779
k141_1519412	10.869133
k141_645990	15.355939
k141_1643240	16.593454
k141_894936	14.577594
k141_1706124	22.452742
k141_1862286	13.442164
k141_1519636	11.176234
k141_1581221	18.8945
k141_1611932	17.664078
k141_1831238	18.157532
k141_1394442	17.208475
k141_1893676	12.349486
k141_553058	20.334532
k141_1019841	18.801285
k141_209934	10.509665
k141_1924436	25.863832
k141_1924463	24.808805
k141_1332038	9.501796
k141_1550602	20.916662
k141_1581571	41.821068
k141_1113877	17.826733
k141_958112	18.770943
k141_521729	10.051219
k141_1456610	13.471715
k141_1862969	7.616051
k141_1332398	41.26467
k141_1083082	13.126207
k141_1114106	10.877234
k141_678356	12.561984
k141_1612588	44.13041
k141_428802	11.694188
k141_771950	12.381835
k141_1551187	18.46965
k141_1239053	17.65105
k141_1177013	11.713472
k141_616093	16.046915
k141_740877	11.414458
k141_1053012	10.694158
k141_772141	8.33736
k141_1520617	15.420582
k141_1612819	26.285276
k141_1208354_2	28.396374
k141_958723	13.007933
k141_584899	8.892705
k141_1270623	11.423819
k141_1083718	27.565746
k141_1457341	13.70474
k141_86751	18.256731
k141_927920	28.032242
k141_1582629	13.343225
k141_896634	31.773886
k141_87025	20.660412
k141_1925659	9.650405
k141_274229	16.101501
k141_429668	10.062595
k141_585476	7.2840633
k141_1177785	10.87365
k141_305100_2	7.1778474
k141_180921	9.572496
k141_429809	43.22913
k141_585635	17.024427
k141_1146753	44.14912
k141_148906	18.678059
k141_1146795	18.883146
k141_242505	10.095019
k141_1333695	13.923873
k141_1333707	10.6394005
k141_211953	8.868455
k141_430129	12.80091
k141_1396431	56.71122
k141_1583294	15.911631
k141_1303047	47.664513
k141_1895701	19.009005
k141_1833370	38.223816
k141_648542	14.114827
k141_555393	8.962605
k141_118634	8.742106
k141_773362	23.974115
k141_274904	9.772985
k141_648680	16.872252
k141_1801740	8.359471
k141_617628	30.956375
k141_1926509	15.55694
k141_1396783	9.939865
k141_430541	23.739502
k141_212562	12.680053
k141_1085001	9.471173
k141_1396898	17.41011
k141_492649	14.786601
k141_1054714	12.409152
k141_742620	12.674531
k141_119106	8.510827
k141_25844	11.636914
k141_1614505	27.266825
k141_1802195	9.828573
k141_1770933	12.422438
k141_991979	14.493098
k141_25973	21.997824
k141_524189	19.602386
k141_368277	20.088781
k141_337726	9.877674
k141_88591	18.210798
k141_26213	9.512181
k141_898359	9.837874
k141_960733	9.119534
k141_898430	15.592888
k141_400275	12.41566
k141_337948	8.580339
k141_1490988	11.983784
k141_150271	18.895998
k141_1958917	22.85252
k141_1023048	12.555644
k141_1584555	12.681292
k141_1896964	16.113321
k141_400468	13.734203
k141_524701	8.858775
k141_1210885	17.075264
k141_836693	8.818105
k141_463597	11.353715
k141_1241614	17.950172
k141_1055664	23.43632
k141_743599	24.46074
k141_1241691	17.525072
k141_463754	10.564862
k141_306973	48.57579
k141_1803028	7.389595
k141_868095	10.853456
k141_524929	10.607162
k141_524939	98.39527
k141_1523367	10.687081
k141_1554073	14.422327
k141_837040	14.042752
k141_743894	10.965116
k141_1211338	22.353228
k141_681596	16.374283
k141_494001	9.685602
k141_525157	15.121565
k141_1678807	9.971945
k141_338723	16.772976
k141_1835259	13.859791
k141_1959707	18.554266
k141_1678854	14.77523
k141_1710431	19.155863
k141_183510	24.201637
k141_1086848	28.288252
k141_588251	18.07864
k141_899627	37.05929
k141_90031	16.716099
k141_1647950	14.915348
k141_1305436	11.476499
k141_1180590	17.413143
k141_1492171	14.635305
k141_930948	10.469163
k141_369734	12.299774
k141_1149300	10.631984
k141_1087244	9.982117
k141_1960437	13.854692
k141_339503	21.088863
k141_869173	10.14291
k141_1149487	13.070107
k141_494862	13.303366
k141_962353	13.471928
k141_1991805	21.94094
k141_1524416	8.11871
k141_308339	18.030645
k141_1429742	6.2461295
k141_465103	13.415083
k141_558397	19.989355
k141_962604	40.282722
k141_1118656	9.440083
k141_1399546	24.89249
k141_1149919	29.764372
k141_1804602	21.715921
k141_1274863	18.360071
k141_776437	13.2680645
k141_1680290	6.956826
k141_931897	15.357227
k141_1961207	31.555075
k141_1430307	20.10658
k141_1368182	19.785196
k141_900933	50.556694
k141_745560	11.03269
k141_246241	34.379215
k141_1430385	10.438258
k141_59712	32.180454
k141_1680488	28.01118
k141_1929727	22.64406
k141_1929761	9.788129
k141_340707	16.874823
k141_1712211	18.375395
k141_1992881	803.5763
k141_1992888	21.930298
k141_309399	18.18462
k141_527334	16.937408
k141_1493770	8.290698
k141_1680864	24.647568
k141_1587196	10.702217
k141_1868727	11.539385
k141_1058327	15.352289
k141_901523	10.814859
k141_1182418	6.2519274
k141_29653	9.853582
k141_1182494	14.077337
k141_901717	15.415221
k141_1369218	12.903858
k141_809216	10.112674
k141_1681280	14.477659
k141_1618236	11.020713
k141_1026453	11.744593
k141_1743920	130.70096
k141_1369319	12.730383
k141_186122	13.053807
k141_1556960	10.366761
k141_123258	8.487675
k141_1182915	16.109152
k141_1587833	17.39778
k141_404152	6.892797
k141_1557105	8.623892
k141_1494683	16.064869
k141_467106	10.247571
k141_123487	9.495691
k141_1059121	16.96339
k141_995965	21.838198
k141_1806294	17.14156
k141_1338899	10.244897
k141_1963010	11.782375
k141_404575	13.83012
k141_560756	11.28037
k141_1650933	23.945663
k141_716652	20.31808
k141_279945	19.365948
k141_372749	9.33748
k141_30852	16.791004
k141_1370098	8.500498
k141_933989	10.580926
k141_217689	18.344446
k141_1277081	14.623399
k141_747523	16.493357
k141_1277090	16.740068
k141_154811	19.95552
k141_1183746	11.775476
k141_280164	14.923241
k141_840980	13.763158
k141_965466	11.17685
k141_1277393	12.582982
k141_1682574	12.523383
k141_1588843	12.338103
k141_1246135	13.823033
k141_529553	21.457148
k141_903659	12.198079
k141_1371044	24.82826
k141_35459	11.6374235
k141_91122	751.1984
k141_27274	43.858597
k141_31495	121.70015
k141_22203	1864.8589
k141_37553	755.0285
k141_1941	30.070415
k141_19283	750.4469
k141_15112	48.595387
k141_20967	20.490944
k141_5055	57.79649
k141_15207	23.728985
k141_30729	808.74945
k141_211475|provirus_2_7121	60.46742
k141_590299|provirus_4666_8852	49.420753
k141_116275	53.186497
k141_426133	46.119892
k141_426435	57.08076
k141_213543	88.94314
k141_445944	167.9939
k141_194216	62.730923
k141_271639	34.56972
k141_552531	251.32755
k141_97656	50.522236
k141_291370	47.608047
k141_10774	33.511723
k141_495130	103.87206
k141_533772	1305.2009
k141_20513	57.162266
k141_407969	54.942516
k141_582493	38.815395
k141_20719	61.83369
k141_59781	136.45059
k141_176341	73.274734
k141_467240	60.8185
k141_205658	171.29222
k141_312370	55.49177
k141_448192	32.326294
k141_71014	40.96389
k141_593560	53.347492
k141_361852	168.25319
k141_409837	65.57018
k141_323326	40.90925
k141_546020	22.830286
k141_323678	40.00724
k141_526759	236.28606
k141_449525	39.565125
k141_120652	26.240324
k141_217752	44.600723
k141_488441	38.964893
k141_14447	40.98504
k141_248068	89.1996
k141_451427	66.77595
k141_490048	1060.6533
k141_132258	726.1376
k141_268242	1898.9899
k141_549185	52.382446
k141_103209	16.242329
k141_597301	26.969074
k141_491554	22.74695
k141_588408	58.198994
k141_530269	30.086964
k141_617451	85.623505
k141_134281_2	105.637695
k141_347171	70.9785
k141_318114	45.132046
k141_550790	43.03402
k141_473885	42.039993
k141_347711	56.448063
k141_395264	47.29415
k141_511819	37.08307
k141_56989	118.624146
k141_618765	754.23267
k141_396715	16.889908
k141_293029	71.42298
k141_162820	9.967021
k141_217117	19.68144
k141_233491	39.06038
k141_168423	44.386612
k141_108622	63.28366
k141_130467	39.855606
k141_157537	5.9701405
k141_125040	31.412981
k141_22058	27.962671
k141_331319	190.9823
k141_287911	33.46277
k141_60065	9.518139
k141_222825	17.572369
k141_195735	85.96543
k141_27487	55.65011
k141_147189	8.461311
k141_206634	44.91336
k141_190587	10.270273
k141_244786	14.91398
k141_6326	48.607716
k141_22635	106.70003
k141_49743	7.5268855
k141_234209	4.5106797
k141_163403	9.554377
k141_234240	102.72814
k141_22766	6.4131217
k141_169105	15.993516
k141_332067	21.17389
k141_310352	20.213753
k141_17298	56.99474
k141_82492	36.227715
k141_77212	45.33366
k141_310618	19.589407
k141_283409	8.280396
k141_332512	43.941856
k141_99038	16.743189
k141_196934	150.10498
k141_343140	79.9452
k141_283686	206.26587
k141_294664	6.163651
k141_45138	125.490326
k141_28807	4.4911427
k141_72323	90.74848
k141_23573	7.5494223
k141_343423	8.746495
k141_18183	12.385242
k141_45456	8.732375
k141_246110	10.014528
k141_105063	21.67772
k141_99536	210.75264
k141_99593	5.1718216
k141_137986	31.541647
k141_110841	33.276443
k141_23956	17.160995
k141_175915	35.37914
k141_18882	34.218727
k141_176089	7.3287787
k141_300915	70.1877
k141_230443	373.83734
k141_121853	49.463276
k141_230610	201.20009
k141_111374	8.54929
k141_295667	9.210536
k141_100231	85.007614
k141_176495	6.952905
k141_214611	32.514473
k141_312308	47.611176
k141_290389	5.4703307
k141_214639	10.698876
k141_51767	7.4723587
k141_301454	33.50223
k141_40819	31.839586
k141_63007	56.86423
k141_122274	19.99094
k141_263652	10.225317
k141_84659	32.498703
k141_122513	10.015035
k141_100695	16.26183
k141_41194	8.405091
k141_100817	10.264435
k141_57630	50.772144
k141_52326	236.29501
k141_68696	10.2433815
k141_19981	19.763695
k141_236939	11.106026
k141_231515	6.3467073
k141_296608	39.740063
k141_171935_2	55.623554
k141_20060	9.452196
k141_139473	5.164283
k141_9230	19.139196
k141_237089	85.79299
k141_134094	53.329414
k141_231679	33.26307
k141_302322_2	10.166633
k141_177574	36.84038
k141_204235	28.057068
k141_264298	76.48423
k141_318656	41.109726
k141_4290_2	8.759584
k141_101379	10.654337
k141_69068	46.68009
k141_79901	120.23639
k141_188885	13.9397135
k141_253995	13.984028
k141_340846	36.487534
k141_216120	4.738577
k141_243061	26.283564
k141_118245	15.018653
k141_151156	67.80186
k141_145547	8.609015
k141_86123	116.04148
k141_330156	9.775895
k141_107997	83.7279
k141_58992	290.0367
k141_314171	5.241211
k141_232592	8.423376
k141_346558	801.45404
k141_96964	124.98932
k141_124055	64.669205
k141_151683	49726.742
k141_118601	43.647236
k141_53960	27.51805
k141_10729	9.992847
k141_37583	369.26373
k141_32484	78.63847
k141_70206	17.007275
k141_227852	73.777336
k141_287455	125.45645
k141_292805	7.528068
k141_102887	7.6327868
k141_119287	26.127235
k141_354318|provirus_96_6343	12.364453
k141_303210|provirus_19858_59114	14.968035
k141_364224	23.49214
k141_101177	68.865906
k141_128321	48.560696
k141_47485	9.839626
k141_202691	43.472664
k141_377903	11.632207
k141_270049	31.072115
k141_7627	23.429132
k141_324356	69.337715
k141_371571	9.877349
k141_14160	77.09263
k141_398390	80.631485
k141_249996	14.579203
k141_977	55.11921
k141_54838	8.380123
k141_277092	83.95891
k141_128927	14.46587
k141_284015	27.974741
k141_75097	15.518562
k141_189781	45.099606
k141_14669	56.056538
k141_61897	15.520062
k141_203689	19.888485
k141_210393	34.868073
k141_217141	29.632925
k141_405897	9.373248
k141_28345	54.45851
k141_372709	14.384721
k141_426264	29.227016
k141_412907	10.179948
k141_257899	61.266228
k141_224326	21.859962
k141_386102	52.94924
k141_55961	83.64126
k141_224511	70.48433
k141_366096	28.989038
k141_419728	49.336903
k141_386276	42.28179
k141_319001	61.134705
k141_306012	33.900593
k141_69623	14.265394
k141_339324	9.143919
k141_292050	126.511154
k141_22350	138.09512
k141_76383	44.466286
k141_163858	16.472246
k141_218569	10.502729
k141_131079	77.250206
k141_420340	41.276184
k141_413979	100.17778
k141_265734	105.330666
k141_178139	83.9345
k141_239085	42.005226
k141_374356	62.1342
k141_137914	85.91489
k141_414323	14.073472
k141_374618	33.107937
k141_64147	54.118904
k141_158611	75.13487
k141_421209	33.09828
k141_395036	17.671104
k141_347545	21.843287
k141_395161	37.86352
k141_314767	16.883045
k141_132531	106.86671
k141_381208	12.231466
k141_98590	481.49713
k141_146159	94.98746
k141_321313	102.045006
k141_328112	22.386658
k141_146228	476.0138
k141_65149	86.32611
k141_280820	152.6176
k141_240966	25.05057
k141_32001	53.051315
k141_12226	36.640263
k141_38845	19.32542
k141_409668	83.24862
k141_52655	9.013285
k141_422910	287.76813
k141_120088	15.630581
k141_423043	29.052355
k141_187668_2	186.21349
k141_382724	15.062113
k141_39315	42.90947
k141_79832	210.21616
k141_430622	800.2437
k141_120701	34.935696
k141_249028	41.259804
k141_120794	62.752613
k141_343346	11.905949
k141_282496	47.689682
k141_323378	118.384796
k141_154546	34.66022
k141_141441	46.191288
k141_2085|provirus_2_5988	2603.0889
k141_1957	2000.2936
k141_125204|provirus_12348_52569	27.673113
k141_101647|provirus_6341_13323	28.530272
k141_29752	66.22074
k141_48814	58.168922
k141_129831	19.670746
k141_19376	72.36534
k141_35585	12.890963
k141_86907	34.428684
k141_124816	61.37213
k141_84820	24.784796
k141_157661	28.78947
k141_93275	111.0757
k141_7253	28.357943
k141_152881	32.617195
k141_1965	21.219818
k141_171943	13.777502
k141_72247	10.676118
k141_32009	16.108986
k141_7861	10.390214
