Contig	Tanatar_5.sorted RPKM
k141_218660	834.5925
k141_30774	12.891825
k141_213095	8034.731
k141_243438	426.75854
k141_213427	8.870784
k141_146727	116.44942
k141_226090	809.8822
k141_98527	61.10878
k141_13678	192.52225
k141_256701	29.495064
k141_80864	27.914598
k141_56577	17.743225
k141_39095	14.156631
k141_178841	593.25977
k141_349289	148.42664
k141_228003	34.45914
k141_179048	226.71164
k141_191966	19.314163
k141_3772	17.9836
k141_113886	11.700583
k141_29451	20.173286
k141_23528	12.41603
k141_36181	140.57182
k141_78950	2800.7383
k141_212536	1421.9609
k141_267188	818.2659
k141_327922	350.2712
k141_236845	561.4425
k141_206473	92.575386
k141_303640	22.841158
k141_267195	1008.58167
k141_139727	238.28922
k141_133664	56.48172
k141_6142	120.592545
k141_194414	21.355858
k141_315909	25.242533
k141_230888	75.0481
k141_243001	63.8343
k141_340211	286.5317
k141_91211	1264.9856
k141_30498	34.80185
k141_54783	286.6346
k141_200563	14.899355
k141_222	3180.9512
k141_285580	253.90083
k141_176270	13.756133
k141_218805	184.79973
k141_133761	52.20787
k141_91283	26.115837
k141_231007	25.501766
k141_352491	14.856798
k141_231023	343.72308
k141_48783	58.518692
k141_200624	25.56422
k141_109526	421.06143
k141_73084	732.7682
k141_79122	107.58772
k141_85314	140.28224
k141_194556	257.03415
k141_6378	197.70218
k141_261394	17.61524
k141_194567	10.846128
k141_54934	10.431046
k141_261411	102.27467
k141_79209	16.946817
k141_48921	1074.2292
k141_109655	13.523349
k141_54951	1361.3729
k141_42923	20.230536
k141_91437	28.770708
k141_36747	28.763577
k141_206819	1230.623
k141_200846	61.41879
k141_267536	198.6808
k141_225099	87.17498
k141_340524	753.12445
k141_127982	126.939186
k141_115781	182.81201
k141_115784	124.884735
k141_164350	19.600834
k141_249464	316.42557
k141_249473	164.4872
k141_6548	39.45341
k141_213067	66.71258
k141_267609	51.70282
k141_24768	187.87889
k141_140107	612.14966
k141_243324	7335.9663
k141_194653	72.04661
k141_346498	28.817673
k141_170518	953.81104
k141_55142	176.76022
k141_122007	156.51942
k141_91588	74.94722
k141_170572	158.2474
k141_12684	62.65779
k141_30919	95.231544
k141_213174	94.17613
k141_292076	168.9098
k141_298199	16.718689
k141_12774	46.86335
k141_371103	132.71533
k141_49220	57.076054
k141_717	24.257288
k141_279973	957.45935
k141_12817	77.24231
k141_79592	12.558951
k141_280024	600.60626
k141_243587	189.74258
k141_128292	419.05414
k141_73536	18.711344
k141_304414	21.562756
k141_346775	6320.866
k141_128324	14.035807
k141_261878	704.3911
k141_176843	169.39093
k141_292296	181.78415
k141_73619	19.799404
k141_328815	83.42342
k141_194957	508.3288
k141_25163	13.337655
k141_170885	34.37813
k141_86051	342.90665
k141_19067	109.39027
k141_377318	14.881878
k141_67784	55.906036
k141_146682	75.492805
k141_164865	231.99426
k141_256015	63.946507
k141_219607	525.3479
k141_353142	337.6506
k141_383416	271.44708
k141_146719	342.37283
k141_92043	84.65465
k141_31331	19.088293
k141_128499	78.53805
k141_371427	22.377106
k141_328992	19.89148
k141_219668	78.624344
k141_274098	59.73728
k141_219682	12.138391
k141_347111	100.34888
k141_25233	1361.3618
k141_316834	47.878376
k141_158975	551.5574
k141_274169	15.052425
k141_219724	2389.083
k141_341129	77.53083
k141_128649	14.874969
k141_250155	13.396988
k141_116524	74.18904
k141_122698	373.34982
k141_268274	91.089714
k141_274354	94.426674
k141_377669	2285.9702
k141_274372	897.623
k141_280617	29.950098
k141_116650	70.51804
k141_43906	19.167841
k141_195341	22.389814
k141_55889	132.41748
k141_134927	382.6953
k141_74094	117.25312
k141_116694	16.487011
k141_341385	64.444695
k141_226081	736.4148
k141_195355	18.14072
k141_13546	87.32232
k141_371743	19.496603
k141_311011	25.326918
k141_110565	15.969212
k141_92494	560.43304
k141_25515	922.7521
k141_298907	21.533136
k141_159304	19.156109
k141_68214	157.6625
k141_353621	15.579366
k141_347528	730.60223
k141_238297	39.75875
k141_104710	26.159689
k141_274565	23.931946
k141_335471	762.59216
k141_335473	236.40257
k141_244293	660.9358
k141_147327	328.95306
k141_165424	66.89511
k141_68283	9.976637
k141_98601	56.90473
k141_323428	748.3628
k141_50080	15.325783
k141_311179	46.802826
k141_123081	994.50165
k141_190021	17.187538
k141_317275	78.618256
k141_341678	78.55817
k141_31966	23.064735
k141_378054	11.82645
k141_25764	236.07361
k141_347709	158.37685
k141_365875	124.54357
k141_165558	148.14786
k141_238518	83.50592
k141_250646	15.334534
k141_341796	36.8574
k141_135376	57.35851
k141_274836	129.66194
k141_262905	2996.465
k141_159666	1475.9803
k141_274859	15.946246
k141_68565	277.33585
k141_62493	228.59404
k141_32112	14.983026
k141_62527	19.2666
k141_378302	8218.037
k141_38135	150.54958
k141_269030	16.825626
k141_56494	179.07324
k141_62604	20.72089
k141_305554	21.214054
k141_274983	76.19221
k141_378361	75.61543
k141_384343	29.147882
k141_232835	224.0726
k141_159821	173.09593
k141_323781	15.020293
k141_256982	30.826094
k141_359974	66.54781
k141_141660	35.7523
k141_244744	22.805012
k141_214551	24.050713
k141_105364	92.993416
k141_184073	23.242735
k141_317765	138.46307
k141_184082	16.871693
k141_99245	10.773746
k141_196041	626.6816
k141_336111	17.731941
k141_68985	215.42441
k141_81122	135.12558
k141_177921	2010.2611
k141_336119	50.647785
k141_257202	11.923046
k141_330097	232.68408
k141_220778	76.850296
k141_166153	37.11094
k141_93425	14.608062
k141_32518	16.155012
k141_287739	55.37418
k141_354473	5427.6494
k141_123728	81.301216
k141_74998	27.554874
k141_275290	134.6215
k141_2377	16.081848
k141_44877	172.36584
k141_111514	11.588659
k141_324170	312.05002
k141_69312	39.12077
k141_160334	231.12025
k141_14567	42.09281
k141_2518	30.711315
k141_378825	127.790726
k141_245327	114.17577
k141_2551	1576.6267
k141_312103	66.129555
k141_354698	90.50044
k141_14707	197.79846
k141_190918	49.358883
k141_354719	20.162838
k141_330501	30.829634
k141_263712	26.201256
k141_227319	20.370163
k141_93926	239.07419
k141_45169	4803.105
k141_130039	118.262115
k141_233574	28.247442
k141_38897	7198.2544
k141_154490	361.44794
k141_57338	1574.4526
k141_75369	81.871956
k141_360583	69.68892
k141_245581	15.046756
k141_87777	85.62822
k141_106206	24.755116
k141_148530	13.395011
k141_282285	78.40772
k141_294277	13.960189
k141_8744	88.605675
k141_160662	17.039968
k141_106293	190.96037
k141_324694	15.100299
k141_312423	1454.6953
k141_306563	52.262608
k141_324763	12.512797
k141_51453	4901.4126
k141_142663	37.099957
k141_20903	18.473936
k141_94336	15.271553
k141_324830	2865.3118
k141_154815	125.02511
k141_373357	2038.2748
k141_221500	38.398197
k141_27026	912.3955
k141_51577	11.191451
k141_306740	63.544395
k141_360841	383.14325
k141_306768	21.16249
k141_360858	415.99057
k141_343108	211.27771
k141_51630	115.507805
k141_360874	43.721756
k141_88120	21.998573
k141_264153	12.879837
k141_275977	748.27625
k141_324939	25.10394
k141_276005	656.9735
k141_318709	511.12997
k141_178733	77.612656
k141_191644	137.04837
k141_27159	40.82359
k141_203834	17.775553
k141_94660	232.00102
k141_197139	13.109068
k141_258232	17.939192
k141_94679	15.969631
k141_343320	35.882442
k141_155117	80.975655
k141_161210	90.62312
k141_185246	83.611374
k141_373607	445.44043
k141_51871	20.744633
k141_21234	66.44841
k141_361193	384.6234
k141_21278	797.5355
k141_379598	207.25935
k141_173442	128.9564
k141_331268	11.39597
k141_307150	15.636721
k141_179025	68.7529
k141_209704	52.72293
k141_46024	28.224106
k141_137276	14.01214
k141_313037	192.65578
k141_9505	18.482206
k141_70468	133.74677
k141_337408	391.01123
k141_361360	68.47528
k141_300926	13.626422
k141_234477	14.986908
k141_319115	14.790768
k141_21470	18.260395
k141_161491	23.637276
k141_283068	123.82904
k141_52089	70.414375
k141_33962	1599.8828
k141_295175	195.85847
k141_283110	193.01283
k141_46210	330.2875
k141_52161	24.376652
k141_246631	110.149414
k141_343788	18.111942
k141_58388	10.28167
k141_88922	102.86612
k141_167686	50.590343
k141_88932	104.711365
k141_240507	264.54572
k141_283279	1469.5266
k141_82615	21.422413
k141_192284	46.380135
k141_89005	183.10178
k141_325667	161.3103
k141_185828	165.57776
k141_192365	38.5686
k141_265008	96.28829
k141_58623	120.74501
k141_276796	9.870403
k141_319434	139.7506
k141_95388	15.801207
k141_337842	62.494385
k141_76585	26.99448
k141_34298	787.6776
k141_307627	10.008
k141_185959	295.4924
k141_9992	18.4062
k141_258917	18.591131
k141_10051	299.8879
k141_46727	1249.6465
k141_240875	160.91608
k141_258978	62.410248
k141_125416	27.508036
k141_198054	71.52032
k141_83041	66.152626
k141_210432	32.925804
k141_28049	20.365648
k141_138001	68.2799
k141_162172	22.35576
k141_101416	19.447409
k141_350099	930.70984
k141_101440	66.44023
k141_179694	221.24597
k141_10428	238.0297
k141_83141	11.009439
k141_235181	29.20186
k141_229077	25.6056
k141_253142	59.623234
k141_216434	2662.9177
k141_192807	24.695406
k141_380597	49.15227
k141_162339	22.465187
k141_47014	78.3883
k141_40780	33.094456
k141_338418	19.778717
k141_28306	119.01787
k141_338426	786.40894
k141_186510	12.179802
k141_125736	97.55968
k141_40853	139.70279
k141_338471	123.52185
k141_241328	11.8194895
k141_125796	123.27878
k141_338509	19.049458
k141_362254	2359.9038
k141_108259	118.82253
k141_223147	25.127232
k141_34822	18.024618
k141_101764	141.75513
k141_216702	915.22925
k141_4819	23.11309
k141_144388	11.719936
k141_320050	53.05261
k141_120011	250.72797
k141_186787	252.4658
k141_144442	473.39883
k141_229429	73.14898
k141_271876	24.556734
k141_144500	66.571526
k141_138544	16.464952
k141_125949	9.727081
k141_198637	11.576609
k141_277631	189.57506
k141_229585	35.531284
k141_211075	13.342065
k141_150666	193.78856
k141_229644	10.8712015
k141_235714	36.626328
k141_53440	63.2356
k141_253594	192.16144
k141_144658	15.331078
k141_216978	18.068012
k141_265999	69.146484
k141_211119	50.288845
k141_381173	68.68101
k141_90043	40.729877
k141_5145	55.779663
k141_374810	48.493572
k141_362700	27.363155
k141_47680	17.276415
k141_235865	12.681054
k141_96208	83.17269
k141_205642	15.410447
k141_120441	16.452366
k141_168916	14.269222
k141_77795	13.696867
k141_241869	18.388777
k141_381405	293.0903
k141_284636	112.67129
k141_314664	444.734
k141_83938	18.277336
k141_65492	16.779144
k141_114167	20.811836
k141_241969	157.4502
k141_205944	186.25677
k141_272389	14.110825
k141_169186	21.791016
k141_199130	39.20807
k141_230183	136.59932
k141_157228	111.48268
k141_175654	363.51773
k141_290797	18.581064
k141_211485	23.233452
k141_175708	24.788883
k141_308951	196.39691
k141_278257	24.591484
k141_109079	26.249922
k141_357615	421.04187
k141_236337	33.29183
k141_357616	275.18808
k141_169504	16.122534
k141_120897	36.85279
k141_230397	1380.0676
k141_230406	24.51973
k141_11794	3638.2363
k141_254340	14.379992
k141_236485	131.807
k141_109246	1171.4551
k141_387850	32.88396
k141_29669	9.529487
k141_139568	276.1397
k141_363394	19.62241
k141_230462	106.27188
k141_48429	23.761806
k141_351349	50.02011
k141_139641	219.6628
k141_369549	61.57772
k141_303021	37.788246
k141_375475	138.6923
k141_151544	162.55095
k141_333464	92.91495
k141_169678	287.32632
k141_236580	714.192
k141_114616	132.63791
k141_254520	131.1916
k141_345905	22.55361
k141_145475	23.617134
k141_339770	24.28264
k141_48563	15.236729
k141_12077	32.71504
k141_224423	537.403
k141_327798	16.87465
k141_254684	46.13087
k141_254693	32.516743
k141_145584	27.07443
k141_363681	2081.3398
k141_54650	14.509703
k141_133324	124.201836
k141_267102	67.11917
k141_121375	1332.1594
k141_273190	37.316017
k141_273229	2272.8977
k141_188153	16.936708
k141_127399	984.5449
k141_279169	617.0695
k141_114988	213.91599
k141_363996	16.98814
k141_279189	107.06549
k141_364013	15.07922
k141_66494	12.060425
k141_370231	31.103813
k141_200297	56.05116
k141_115175	125.7449
k141_352156	10.933301
