Contig	Lake_Soyang.sorted RPKM
k141_1383	11.643829
k141_194127	30.874596
k141_1631	8.009069
k141_1448149	22.441338
k141_1448627	8.084407
k141_195505	13.491784
k141_966910	19.26121
k141_1353034	14.634586
k141_484926	14.158589
k141_581775	10.667653
k141_389675	6.742133
k141_679563	12.364405
k141_101678	17.734114
k141_1453240	41.011723
k141_1742982	13.070654
k141_683417	49.83245
k141_202550	55.35451
k141_1359144	14.029481
k141_395969	7.686487
k141_11376	9.226175
k141_879228	11.314471
k141_783868	81.082695
k141_300503	9.096564
k141_590934	40.781403
k141_1651345	49.645973
k141_494507	25.296305
k141_2230002	10.630143
k141_976802	6.749323
k141_1363919	12.275905
k141_690571	11.945302
k141_1557703	8.891298
k141_690950	17.940783
k141_1654072	10.880976
k141_1462541	73.49461
k141_883951	9.520209
k141_788860	6.7671747
k141_112921	49.62999
k141_1752935	7.830898
k141_885993	25.335018
k141_18659	8.103273
k141_598813	10.057835
k141_983445	9.26839
k141_1273287	13.636079
k141_888336	10.422583
k141_984684	33.701073
k141_2047391	47.300606
k141_215720	38.5465
k141_311046	15.359317
k141_1853905	15.948801
k141_407556	8.520206
k141_312305	19.16257
k141_2340535	21.758121
k141_1759313	31.48196
k141_606273	9.823012
k141_1665965	7.6314855
k141_1377054	4.662214
k141_2343564	11.02044
k141_510067	12.936559
k141_2346399	9.031151
k141_1478074	12.480854
k141_32355	9.9334345
k141_416902	9.53911
k141_1962407	13.29323
k141_418441	11.343991
k141_996669	14.771032
k141_228150	15.367083
k141_1191407	54.389618
k141_710397	8.592377
k141_229082	49.930374
k141_229334	5.239537
k141_2350763	22.403059
k141_808884	15.972934
k141_2252811	7.16513
k141_1192581	9.649397
k141_230694	21.632133
k141_421680	59.904236
k141_999312	8.052177
k141_1289037	10.139637
k141_1868664	10.947806
k141_1770931	9.975741
k141_715844	5.830348
k141_1002202	7.074733
k141_1002219	250.75302
k141_1679835	19.717924
k141_2163679	113.528114
k141_1293853	15.968888
k141_1873426	13.022956
k141_1681886	44.374493
k141_910629	11.962794
k141_2165962	7.6919346
k141_1007007	11.776597
k141_2261975	4.1525893
k141_722412	5.9563017
k141_47806	9.357167
k141_820688	18.799229
k141_1780952	76.88877
k141_145363	10.481756
k141_725361	10.68424
k141_529964	19.641644
k141_1879169	9.712372
k141_243717	6.138313
k141_339407	7.0143566
k141_146906	7.9330907
k141_245164	8.92115
k141_727553	5.967219
k141_1013162	13.220214
k141_1112269	9.505837
k141_54260	8.419247
k141_826484	5.881468
k141_2175667	9.238236
k141_55860	5.698828
k141_1115721	22.370497
k141_1501889	11.402613
k141_1984725	8.224271
k141_1017678	6.903153
k141_733696	5.844498
k141_346562	7.2018814
k141_1888487	8.492229
k141_1019160	7.14356
k141_156420	14.804303
k141_834300	9.338686
k141_446609	11.564347
k141_1799305	10.692978
k141_1316686	8.9509735
k141_1706137	23.013401
k141_2096315	10.539493
k141_455136	7.123271
k141_1131067	9.32472
k141_2100014	9.253789
k141_1998986	6.5409613
k141_1131524	10.218659
k141_553862	13.03122
k141_456883	111.90642
k141_1711537	6.5970187
k141_1032822	19.644941
k141_1518676	12.17776
k141_364978	11.706873
k141_1713050	8.330977
k141_1616031	6.8158865
k141_2001681	7.774174
k141_653663	7.8126655
k141_460497	5.067403
k141_462029	7.0122623
k141_1137791	10.11145
k141_1908518	4.6880603
k141_175917	5.9137545
k141_1328664	7.3465557
k141_761169	6.1561418
k141_374590	9.075446
k141_182674	5.048339
k141_182902	0
k141_2012628	11.916969
k141_183493	10.909381
k141_1335485	12.622815
k141_1921162	7.956422
k141_1730118	4.4430346
k141_1921758	7.104499
k141_1632915	8.412647
k141_190869	18.936073
k141_1247911	11.456934
k141_1344000	9.860975
k141_1830686	7.980183
k141_1348430	6.7894645
k141_2223659|provirus_14779_53428	18.026213
k141_1219366|provirus_18668_189671	75.251755
k141_270532|provirus_2359_6569	8.267099
k141_13	9.318314
k141_1638420	10.566208
k141_2216686	5.9110537
k141_2313095	8.484984
k141_1542127	48.3595
k141_771139	8.496174
k141_481970	49.87756
k141_771160	19.3702
k141_289249	8.022619
k141_1735035	25.970776
k141_96618	7.848665
k141_2120548	20.098944
k141_1349575	11.000423
k141_771441	6.6294856
k141_2120720	11.450187
k141_578689	32.537727
k141_578757	16.457928
k141_494	10.681686
k141_289505	27.612688
k141_1157179	38.300617
k141_1157194	19.130722
k141_771693	9.190494
k141_964538	46.634632
k141_2024721	17.043592
k141_1639213	11.815323
k141_868050	9.9899
k141_1735567	15.095091
k141_97067	13.11994
k141_97075	154.8265
k141_289683	8.638455
k141_193381	7.048543
k141_1735723	6.8056264
k141_1928468	18.129274
k141_771966	115.35152
k141_386230	8.92983
k141_1928505	9.480691
k141_1928532	22.415426
k141_1061220	49.57341
k141_1832252	7.9804196
k141_482672	156.39551
k141_193536	72.99853
k141_1254145	6.904906
k141_1350594	33.267815
k141_1639721	10.467662
k141_1061463	39.189793
k141_2121533	7.8943105
k141_1066	6.332141
k141_97589	8.279901
k141_2025491	12.228137
k141_1061487	154.96666
k141_1640058	13.769415
k141_97799	26.985212
k141_1061617	30.402939
k141_1736635	6.8497663
k141_2121790	29.367874
k141_1832946	11.549662
k141_1832958	8.609331
k141_1061734	13.447707
k141_1158439	10.05363
k141_676197	5.6107607
k141_965540	11.7451935
k141_1527	8.9576
k141_1833091	53.58467
k141_1447571	11.142772
k141_1061896	30.756636
k141_1544053	8.082352
k141_1677	11.936733
k141_1737168	10.193036
k141_2218997	9.099797
k141_676443	15.786654
k141_2122440	23.097773
k141_387167	7.6711817
k141_290633	58.45069
k141_773240	19.03307
k141_194431	10.386093
k141_2026377	10.861147
k141_773291	8.01488
k141_676597	9.506373
k141_580016	48.985355
k141_483525	19.533785
k141_2026455	10.519181
k141_483528	10.576655
k141_966003	15.223
k141_483579	7.3316913
k141_2219249	51.80914
k141_580119	8.523295
k141_1062334	29.254295
k141_2122760	6.2236757
k141_483620	13.049261
k141_1737481	8.62332
k141_2315347	4.7554193
k141_676722	265.74045
k141_1544738	9.378776
k141_1062390	239.19022
k141_194750	9.0694895
k141_2219428	16.69826
k141_194782	7.5433354
k141_1352264	145.45473
k141_676972	7.2708335
k141_580500	9.580542
k141_773812	62.015484
k141_387839	29.630985
k141_1448728	6.0599713
k141_387916	31.626158
k141_1641722	53.150253
k141_966534	104.96191
k141_1641838	57.178406
k141_1448919	8.566365
k141_2459	16.675133
k141_2463	25.983593
k141_1159580	92.42831
k141_2315912	20.150625
k141_2219778	72.5242
k141_2123433	18.06568
k141_2219862	28.043634
k141_2123484	10.777209
k141_99010	7.089165
k141_1256066	5.7843137
k141_2560	29.68042
k141_2219952	134.87038
k141_1642065	12.833334
k141_966796	11.266529
k141_677452	14.314454
k141_1256177	123.1982
k141_2636	6.6330943
k141_99109	7.2016816
k141_677504	28.008162
k141_2316211	157.13217
k141_1834844	12.625856
k141_2027722	11.436774
k141_195551	31.148252
k141_1642362	143.72365
k141_388411	6.610994
k141_967002	73.03792
k141_1256403	9.348215
k141_1738805	11.312871
k141_2316382	68.88339
k141_1256448	64.86316
k141_2220189	18.480625
k141_99418	59.883217
k141_484595	9.887243
k141_2123945	8.615596
k141_1931514	11.314493
k141_1642469	35.89742
k141_581165	10.714913
k141_388584	7.702575
k141_1449716	108.44869
k141_1449717	12.254161
k141_1739102	10.453305
k141_2124057	23.117176
k141_2028073	9.023347
k141_774516	21.35701
k141_99655	19.724642
k141_3001	13.557877
k141_1353326	13.932462
k141_1256745	195.97809
k141_678215	22.029934
k141_1160404	25.587975
k141_2124164	7.57302
k141_1256830	12.281348
k141_1931793	9.2580185
k141_1160493	7.8203664
k141_2317002	92.65476
k141_196101	20.66407
k141_870745	30.293964
k141_678401	55.93002
k141_1739345	42.68792
k141_1642905	9.7891035
k141_1160627	13.442588
k141_1063776	44.490986
k141_1835555	43.723763
k141_292109	18.517551
k141_196438	12.390129
k141_871108	110.84645
k141_1353656	106.25067
k141_2317344	45.989235
k141_2317400	31.700632
k141_678722	12.105714
k141_1063972	7.2538457
k141_1063974	6.3301473
k141_485411	8.912961
k141_1546917	16.487185
k141_1643238	17.80527
k141_2124713	58.438095
k141_967801	77.11915
k141_3691	138.82794
k141_389284	10.928555
k141_1835850	62.308765
k141_292217	8.470958
k141_775292	7.650829
k141_2124807	23.779861
k141_292258	31.472557
k141_678928	90.20828
k141_1932312	18.945877
k141_967906	33.93939
k141_1643418	13.676343
k141_1450775	213.97354
k141_1643537	11.908689
k141_100618	116.979774
k141_2029207	85.170845
k141_1547253	13.003383
k141_1836205	11.157547
k141_100695	9.12026
k141_485795	6.047718
k141_2317729	14.2815485
k141_1740235	9.431365
k141_2317796	16.124678
k141_100754	118.63096
k141_1740272	8.057658
k141_485854	199.50232
k141_485891	14.20046
k141_968395	37.509937
k141_1161703	49.71764
k141_2221694	7.6810646
k141_1064637	12.72396
k141_2221757	9.90832
k141_1257707	31.991022
k141_1932893	9.1825
k141_871987	8.182252
k141_4451	13.500221
k141_2318002	764.75916
k141_1836542	15.738134
k141_1064886	9.425156
k141_101126	6.747447
k141_293052	15.528828
k141_390123	9.470281
k141_1644149	51.518032
k141_776171	10.751643
k141_101180	6.380886
k141_1064981	35.0211
k141_1547824	32.229992
k141_2222123	8.67908
k141_1933231	10.85554
k141_2222172	106.45544
k141_1354730	12.861184
k141_679860	32.85716
k141_2222190	75.323746
k141_4855	11.522244
k141_101368	17.492512
k141_1451580	45.84676
k141_2222284	12.054277
k141_1644240	82.12734
k141_679999	25.638502
k141_1354800	13.766637
k141_680004	7.2107244
k141_1933462	25.550167
k141_872592	9.995006
k141_2222425	69.30548
k141_583198	7.8893228
k141_2030339	87.553215
k141_1354903	54.00033
k141_776688	58.489685
k141_1548242	17.967382
k141_1837161	11.956578
k141_1837183	16.424072
k141_2125940	10.434555
k141_293606	20.745584
k141_198009	132.53363
k141_2318686	10.872259
k141_198087	74.257866
k141_2318699	42.53506
k141_1837384	50.143852
k141_1644491	39.731907
k141_293769	10.822385
k141_1837425	113.6997
k141_1065870	28.544624
k141_2222870	11.810672
k141_2318857	48.554382
k141_583626	28.803322
k141_198230	11.375389
k141_1065930	15.944122
k141_969401	138.26846
k141_777210	57.479176
k141_1162657	8.8606615
k141_1837642	22.313776
k141_1162704	8.496322
k141_1644748	25.457163
k141_1934080	17.327494
k141_2223004	11.251584
k141_680867	43.13711
k141_1355588	33.962223
k141_2031132	5.318578
k141_1644908	18.407131
k141_1452464	9.683747
k141_1452475	156.42986
k141_5949	37.627674
k141_873398	136.52061
k141_1066305	26.437738
k141_1162832	22.671238
k141_198571	28.684166
k141_391294	18.789228
k141_1355704	7.0960546
k141_681043	9.742438
k141_1259283	6.5529585
k141_2223314	9.336717
k141_6056	14.919821
k141_391331	7.847053
k141_1837973	53.721283
k141_2223336	6.63332
k141_487720	7.328396
k141_1934414	361.6336
k141_6199	44.056934
k141_198833	8.957883
k141_198889	25.112299
k141_1355980	10.838533
k141_1549306	46.79896
k141_1355990	28.219606
k141_294447	14.76728
k141_873730	26.044863
k141_1066737	152.31032
k141_1838253	6.843452
k141_1549381	103.87661
k141_1066798	7.8128166
k141_1645339	8.891633
k141_1741804	12.528026
k141_487942	57.34939
k141_1066861	10.588687
k141_1163345	23.342987
k141_1549489	52.57071
k141_1838378	22.876215
k141_1356183	7.832243
k141_199255	9.385944
k141_1259768	89.63902
k141_1163457	91.399284
k141_1934918	41.41249
k141_584672	148.42175
k141_778306	17.317255
k141_488161	15.229149
k141_874048	19.207624
k141_199431	12.020557
k141_2031950	58.52288
k141_874049	29.140387
k141_1549627	7.079062
k141_1163520	45.750847
k141_1645693	74.55772
k141_681689	12.787173
k141_199463	6.5204635
k141_102998	7.3552537
k141_199524	16.442673
k141_199582	8.586964
k141_199598	18.543598
k141_1163765	17.639101
k141_584896	25.695704
k141_1549844	17.38969
k141_199698	8.334905
k141_1067410	7.403379
k141_585001	9.054832
k141_103286	7.810103
k141_2224162	10.950193
k141_488514	63.968536
k141_1163978	10.57924
k141_1742410	5.421324
k141_103341	22.044607
k141_1742443	14.151933
k141_1935498	24.004356
k141_970728	8.906484
k141_7188	44.76045
k141_2224326	5.008885
k141_2320477	8.432589
k141_1645989	17.957115
k141_103490	25.604109
k141_1742581	13.3342
k141_779020	11.4061985
k141_1646019	14.4248495
k141_682365	22.590609
k141_779153	93.90044
k141_1356865	76.05178
k141_1453794	9.452882
k141_392446	8.268878
k141_1453856	15.532774
k141_295521	7.7127075
k141_488946	30.035177
k141_2127734	74.796585
k141_1260572	25.44357
k141_1550406	32.753605
k141_585529	9.34032
k141_1453999	41.554703
k141_682640	73.27686
k141_392674	60.803787
k141_7581	21.314287
k141_7586	41.826637
k141_7624	70.20079
k141_392751	13.302166
k141_200478	8.960584
k141_779582	35.059544
k141_2321045	44.052265
k141_585950	11.44441
k141_1743111	12.124426
k141_779658	9.446479
k141_779661	9.029907
k141_200679	14.4869175
k141_1743193	43.3546
k141_2128308	72.06918
k141_779813	46.00659
k141_1261351	13.614242
k141_1551046	128.00874
k141_1647033	13.190282
k141_296417	11.125524
k141_779993	26.920567
k141_875778	8.209987
k141_2321481	5.4098697
k141_586347	11.770771
k141_2128410	6.705345
k141_1551124	5.843333
k141_1454674	8.006426
k141_2128419	6.304831
k141_1936853	31.493448
k141_489633	8.315264
k141_586436	24.940691
k141_1068884	21.399132
k141_1357632	6.8675046
k141_8292	9.497625
k141_1454862	8.077789
k141_1647163	70.631134
k141_683439	13.624424
k141_489758	111.20906
k141_1165543	21.938673
k141_296808	8.381836
k141_2128727	7.1096187
k141_1840174	5.088592
k141_2128733	10.526271
k141_1551357	58.283943
k141_2321717	7.8934207
k141_296884	19.143951
k141_201540	9.701863
k141_1647327	7.7577033
k141_1069074	9.7972975
k141_1551461	8.251171
k141_1937265	33.80871
k141_1551472	95.18182
k141_1937285	23.03161
k141_1840313	39.16136
k141_683776	19.313154
k141_683826	23.72352
k141_1840456	11.257754
k141_2322071	7.752822
k141_2225961	11.924986
k141_1262209	7.6264315
k141_1069277	29.53156
k141_201901	19.194647
k141_104902	43.96517
k141_1069360	11.8862095
k141_876695	18.92936
k141_1262331	9.423819
k141_972255	12.591616
k141_2129325	8.31477
k141_8931	10.946842
k141_972339	111.39836
k141_490611	18.633457
k141_2226195	124.34828
k141_1358377	384.7643
k141_9034	8.48926
k141_9046	66.33116
k141_2322514	47.78214
k141_1358398	15.870592
k141_876794	111.214096
k141_2034914	7.9415154
k141_202170	8.941342
k141_1455847	15.787135
k141_2129542	21.793356
k141_780867	54.49658
k141_972464	9.921194
k141_780936	11.39459
k141_684317	10.6703415
k141_2226313	14.788548
k141_684335	11.644424
k141_972542	7.527877
k141_1744467	7.7034254
k141_1841080	19.046505
k141_105384	12.520534
k141_684521	7.7807465
k141_490970	35.041744
k141_1744620	37.66592
k141_1648345	6.5936184
k141_781209	8.352032
k141_1648348	7.053985
k141_1648356	9.181053
k141_202678	8.071099
k141_781217	75.34993
k141_491095	8.303524
k141_2323144	9.472771
k141_1648481	8.4947405
k141_202768	12.908281
k141_1359049	17.298897
k141_1744816	34.18021
k141_1263129	83.27323
k141_394937	8.199092
k141_9741	5.525018
k141_1166938	26.525154
k141_1456518	11.283452
k141_877084	6.218606
k141_105909	11.207259
k141_9909	9.468993
k141_1263318	9.795784
k141_2226906	56.14202
k141_395132	7.7551727
k141_395174	17.418043
k141_1938747	18.169497
k141_1070505	8.14471
k141_491503	242.1857
k141_298430	7.0357223
k141_973297	55.635513
k141_2130418	23.205088
k141_1359508	5.8531895
k141_1456883	7.7884126
k141_1070611	75.288795
k141_1938959	77.15691
k141_2323734	69.41558
k141_1167386	24.108553
k141_2227296	37.308258
k141_877485	63.660793
k141_10143	91.9781
k141_395387	48.84944
k141_1649011	12.801654
k141_1359646	188.5419
k141_973526	49.87937
k141_1939122	7.6315494
k141_395557	11.430199
k141_1939279	171.98436
k141_973647	86.09427
k141_1649253	37.097923
k141_1745604	41.206615
k141_1745608	10.8688545
k141_1842196	7.8874817
k141_685836	6.6744137
k141_298959	66.33589
k141_782439	119.30932
k141_1071181	60.50593
k141_1457428	9.630751
k141_2324352	287.96454
k141_1168013	9.769692
k141_1649357	58.478104
k141_973911	28.960205
k141_492126	58.623337
k141_1263953	12.767422
k141_877957	41.362038
k141_1071308	9.507477
k141_1359979	17.813253
k141_2131015	9.163745
k141_492234	8.972549
k141_299231	9.900488
k141_878111	8.412466
k141_10786	8.561196
k141_686251	14.062447
k141_107012	10.909029
k141_1457766	8.652766
k141_1457824	7.701662
k141_1842670	7.026909
k141_1649410	28.491697
k141_299480	9.599913
k141_974256	76.31568
k141_396356	196.39998
k141_10873	33.314713
k141_1457968	15.319818
k141_1745992	12.244096
k141_1168557	6.711539
k141_107280	44.645016
k141_204489	10.396047
k141_299629	15.639641
k141_1649709	7.845708
k141_107356	19.34842
k141_1940152	35.620598
k141_107384	31.552652
k141_1746226	14.770946
k141_974598	26.479033
k141_1940326	13.164436
k141_1071951	12.844945
k141_1746287	13.252009
k141_492935	9.551037
k141_1168912	12.520257
k141_2131816	8.960947
k141_878816	10.705651
k141_686958	24.009445
k141_1264922	17.066309
k141_1940528	6.227658
k141_1458436	6.997278
k141_2131885	9.142453
k141_300212	23.044996
k141_107760	12.015401
k141_589863	16.196686
k141_493177	7.3260207
k141_493189	13.214179
k141_687093	8.841687
k141_1360848	69.615204
k141_1458586	11.50397
k141_107932	16.219553
k141_974948	30.314259
k141_783657	9.733829
k141_590039	9.590112
k141_783660	9.730561
k141_2325666	50.085884
k141_2037721	12.64036
k141_11674	8.396392
k141_11675	11.741107
k141_879229	8.124878
k141_1554736	8.832932
k141_1361042	12.865536
k141_879269	13.123211
k141_2132113	16.333218
k141_590203	9.355752
k141_2132176	19.405104
k141_397391	9.667846
k141_2325910	20.815493
k141_1554881	19.942858
k141_108062	113.55093
k141_687413	15.544295
k141_1265528	9.803553
k141_1747006	11.563992
k141_108119	9.955759
k141_1265595	9.42018
k141_975421	12.954913
k141_493683	12.106862
k141_975428	9.103984
k141_1941250	7.6492496
k141_1265713	29.216204
k141_108283	7.0437293
k141_2132488	11.34272
k141_1265736	22.95231
k141_590555	88.88145
k141_1650739	21.83074
k141_300945	9.035813
k141_493867	13.534937
k141_1747347	54.80649
k141_108501	8.16147
k141_493955	41.05332
k141_1361639	147.22603
k141_2132689	14.468989
k141_1844398	42.75848
k141_12285	9.06745
k141_108564	15.1621065
k141_590728	34.476482
k141_397860	23.822756
k141_1265977	7.1532354
k141_1170000	8.549076
k141_2132777	8.529009
k141_1941587	9.119993
k141_2229413	11.945038
k141_1747490	7.353867
k141_590805	6.542218
k141_1073303	10.034228
k141_2229488	19.259447
k141_975888	6.35749
k141_688248	8.130748
k141_206115	7.6115184
k141_1844749	12.564582
k141_1747672	8.903815
k141_1073468	7.5530753
k141_1941839	10.0338955
k141_1555697	16.55184
k141_1459707	341.1562
k141_1073532	8.247575
k141_12776	8.904298
k141_591086	48.773064
k141_688464	28.334867
k141_976149	6.530833
k141_591114	6.7419333
k141_688488	10.002485
k141_398312	11.483005
k141_1362218	208.2197
k141_785051	33.356678
k141_398430	15.551505
k141_1651408	9.798731
k141_1747993	13.200019
k141_1845191	7.724173
k141_2327206	10.244586
k141_591228	10.599093
k141_1362341	14.619853
k141_1845269	8.893297
k141_1170622	8.213394
k141_688817	9.039926
k141_1362406	24.371511
k141_109107	29.209164
k141_494738	10.327863
k141_1170653	20.82583
k141_1651600	13.58501
k141_2230097	56.363586
k141_1942406	11.138298
k141_1362599	111.47501
k141_1845504	114.431786
k141_1942511	88.99107
k141_1170896	10.540801
k141_880859	60.22968
k141_785490	13.742933
k141_1074253	13.595893
k141_13200	7.435834
k141_2039562	8.797616
k141_1362921	13.419984
k141_1460395	49.436768
k141_1267169	5.9758587
k141_689350	13.825737
k141_13389	9.100579
k141_1942737	290.7432
k141_1074343	6.782762
k141_1074348	8.719116
k141_785769	60.158108
k141_1460508	11.2581835
k141_2230568	55.41142
k141_1171271	91.80592
k141_1652281	48.30055
k141_1942937	33.698128
k141_1652342	49.305103
k141_1363264	14.018293
k141_977313	21.85828
k141_785899	27.877562
k141_2230744	8.454538
k141_1171447	7.970125
k141_2039907	13.273374
k141_2039917	7.3060656
k141_786067	10.158169
k141_689916	14.1360855
k141_689925	12.822734
k141_1074719	10.840127
k141_786137	19.211449
k141_495608	10.688643
k141_1363536	10.151545
k141_2039983	7.937361
k141_1074791	101.05111
k141_1943174	428.023
k141_690001	65.94114
k141_2231045	24.362745
k141_1363646	84.04615
k141_1749176	9.916751
k141_1846537	23.824268
k141_14029	9.580276
k141_1846554	16.083656
k141_207830	15.122829
k141_690244	22.855206
k141_592590	6.757081
k141_207893	16.5317
k141_2040310	29.357449
k141_1652821	7.644329
k141_786617	60.400066
k141_1557381	77.05248
k141_303076	28.498854
k141_1075154	6.9081354
k141_1846734	15.96606
k141_14204	11.004833
k141_399954	12.066489
k141_2040485	11.313893
k141_2231501	71.24734
k141_110438	7.787918
k141_1749587	82.833565
k141_110498	124.58889
k141_1461307	10.5524
k141_2328908	10.27954
k141_303277	5.357088
k141_14351	9.912516
k141_14362	293.13947
k141_1557651	18.249905
k141_1749687	11.3115425
k141_2040653	5.2665634
k141_400073	21.34437
k141_2040679	7.3958015
k141_1461389	88.778915
k141_1749716	10.096229
k141_14414	20.141912
k141_1364322	8.78723
k141_303431	12.976276
k141_1364354	11.328188
k141_496353	9.029907
k141_593124	13.68385
k141_2231827	101.86027
k141_1075620	62.374126
k141_1557854	67.58195
k141_496449	7.489942
k141_2231884	35.60591
k141_1075683	13.545527
k141_1943949	27.56895
k141_1749979	11.181607
k141_882498	8.038259
k141_2231977	38.93813
k141_1364411	25.415886
k141_690718	22.723566
k141_110767	11.478256
k141_2135411	4.9501605
k141_110800	8.377597
k141_1364467	12.191119
k141_690766	14.230548
k141_882700	10.863466
k141_2041174	9.835698
k141_1172665	63.098415
k141_400561	126.17597
k141_2041214	10.196598
k141_1750182	43.790173
k141_208746	11.1011095
k141_2135546	10.3136635
k141_208819	12.43984
k141_1750256	17.127834
k141_978740	11.586955
k141_496811	9.564319
k141_593693	8.330403
k141_882769	18.966627
k141_1944418	18.336275
k141_1750351	16.648071
k141_1847500	13.649624
k141_1653845	15.074245
k141_2329711	8.124791
k141_691127	45.05291
k141_111179	9.574211
k141_1750461	74.478096
k141_882974	34.431778
k141_882978	21.77557
k141_15239	13.893841
k141_1462262	7.811545
k141_1750536	7.926204
k141_497176	32.574055
k141_111450	64.459114
k141_1750609	39.301765
k141_2232582	9.138779
k141_2330062	20.3799
k141_111535	26.333252
k141_883240	246.79996
k141_883318	10.105262
k141_15546	118.08069
k141_2232758	6.0154986
k141_1847853	8.143928
k141_1654497	10.885966
k141_691537	14.743358
k141_1945146	43.22282
k141_1365433	26.303213
k141_1558995	38.26988
k141_1654560	10.980191
k141_497540	220.77863
k141_1847973	9.300763
k141_594379	80.82811
k141_1654617	11.261793
k141_401367	85.41649
k141_1173712	55.48462
k141_594414	13.03799
k141_788516	8.25673
k141_497688	60.482647
k141_1076944	245.97862
k141_1945501	8.310063
k141_1365761	173.01393
k141_210009	26.773525
k141_1077062	19.111765
k141_1848252	29.738232
k141_305319	40.227978
k141_1077092	7.382051
k141_1848300	9.136613
k141_2233283	6.4174767
k141_883993	7.621458
k141_594889	9.462608
k141_1365959	162.55594
k141_305420	36.627014
k141_112356	10.160352
k141_1848404	8.672057
k141_2233374	56.172016
k141_498015	277.1718
k141_210249	22.74392
k141_401927	11.337226
k141_498064	5.5433426
k141_2136952	23.122957
k141_2233417	30.977373
k141_401931	9.813408
k141_1366060	8.127389
k141_1751440	68.73367
k141_980161	8.107904
k141_305667	28.418997
k141_1751492	6.27834
k141_884339	85.53748
k141_16502	231.53378
k141_305748	10.018866
k141_1077418	9.187793
k141_1751567	17.70662
k141_2137248	6.6751924
k141_1559770	288.90753
k141_1463665	14.278426
k141_692508	36.696873
k141_1848851	19.29813
k141_884564	19.041412
k141_980526	152.30711
k141_306030	104.035835
k141_1751777	87.84761
k141_2042609	76.32623
k141_1946413	25.250895
k141_1849075	135.9535
k141_595671	9.309401
k141_789603	19.974678
k141_1751947	124.92615
k141_498647	18.480576
k141_1560126	67.74401
k141_1849264	8.3537245
k141_112980	9.06774
k141_2137764	5.660917
k141_595877	34.568855
k141_1366733	22.914877
k141_1270947	8.641565
k141_113162	20.460405
k141_1560313	8.481742
k141_2137989	7.389997
k141_306398	7.184833
k141_2138051	8.139078
k141_1175019	11.045584
k141_1366883	10.040246
k141_693110	8.404818
k141_2138098	72.27451
k141_402917	261.18362
k141_596333	41.577515
k141_1078296	34.255527
k141_2138209	184.54237
k141_981192	7.817936
k141_1560648	31.334692
k141_499304	8.050671
k141_499310	24.789394
k141_17580	172.41809
k141_2138504	59.480812
k141_113608	12.061066
k141_1947426	54.643333
k141_1752701	10.700588
k141_596735	20.269121
k141_1849985	60.89085
k141_307020	17.227163
k141_17901	41.379322
k141_211970	19.543358
k141_307088	7.706685
k141_403435	14.566568
k141_1561010	146.19551
k141_1078774	5.673952
k141_403477	11.893554
k141_693864	8.493225
k141_2235050	7.315862
k141_403555	8.289036
k141_113959	29.365307
k141_18083	21.891476
k141_1175751	9.296935
k141_499864	12.687856
k141_597157	10.055031
k141_1175843	13.41861
k141_981875	9.218208
k141_1367867	14.408071
k141_18218	41.969757
k141_1657138	7.110932
k141_1947972	41.465446
k141_2139323	16.80827
k141_2044081	43.78211
k141_2235312	23.322939
k141_597423	57.001404
k141_2044133	114.53287
k141_1657301	9.496419
k141_597483	8.632784
k141_1753357	8.560789
k141_2139401	29.817442
k141_1079413	17.781599
k141_2333314	13.711207
k141_1753479	8.108829
k141_114463	9.475082
k141_2139553	9.857431
k141_404152	15.329462
k141_2235629	9.158343
k141_1561908	19.057066
k141_500485	30.834963
k141_1079580	22.027596
k141_2139709	56.27589
k141_1079617	13.736592
k141_791533	15.658448
k141_886656	10.482746
k141_982501	24.963795
k141_1948521	11.001726
k141_1948560	21.736893
k141_1948585	9.949328
k141_1753890	22.584005
k141_1851311	7.6499586
k141_1079829	73.01052
k141_500804	11.9936495
k141_1658060	24.76938
k141_1368952	36.152084
k141_1369016	8.75362
k141_982839	8.001504
k141_1177049	13.251028
k141_2045109	30.82571
k141_2045122	9.151001
k141_501154	6.764007
k141_2334362	20.341385
k141_405021	92.884155
k141_2140529	18.701658
k141_1177263	7.480921
k141_1658523	30.534035
k141_2236305	12.03025
k141_1562593	11.430199
k141_115328	6.051812
k141_405217	6.0788946
k141_1658656	98.826996
k141_19600	29.879816
k141_695231	7.4516664
k141_1562764	48.80034
k141_308851	63.86389
k141_2140879	13.066836
k141_308940	8.480814
k141_2045544	7.9442573
k141_1658840	10.230159
k141_1852055	46.16693
k141_695416	7.4488673
k141_214055	7.666571
k141_2045589	22.095655
k141_309048	6.5121202
k141_1949498	121.29497
k141_501518	6.7826467
k141_2045612	10.915213
k141_115784	47.344826
k141_1563040	7.115058
k141_1949575	44.720795
k141_1658990	47.28003
k141_1852194	11.096759
k141_115931	12.151177
k141_792571	10.750365
k141_214289	20.70794
k141_2141235	37.035393
k141_116022	11.867311
k141_501848	67.304596
k141_20169	12.252067
k141_1563332	9.5541525
k141_599172	9.493216
k141_501884	8.89139
k141_214439	34.65377
k141_2335265	9.667922
k141_1852338	136.42046
k141_1273542	15.781768
k141_1852360	7.9305477
k141_2141537	6.0544524
k141_1659473	148.23546
k141_792914	89.63074
k141_405907	11.291863
k141_1178329	14.826891
k141_2046294	58.676342
k141_1659575	9.583502
k141_1949833	178.16269
k141_792942	10.9160595
k141_1563760	25.635218
k141_1467565	28.487104
k141_214824	121.8529
k141_1852556	214.60976
k141_116572	10.379405
k141_1852562	1230.1155
k141_888092	10.254125
k141_20655	72.14514
k141_406155	6.322379
k141_793093	60.265327
k141_793094	9.469319
k141_2141941	30.8191
k141_406259	42.14551
k141_696485	34.141308
k141_1273887	16.547499
k141_1467780	26.381004
k141_1950104	48.655853
k141_1081900	5.629953
k141_1178685	10.322536
k141_2336053	7.974626
k141_406386	7.3825674
k141_116881	17.917904
k141_1564131	9.763323
k141_502746	14.33299
k141_116908	21.898407
k141_502764	25.38832
k141_2336163	8.174475
k141_310433	122.46439
k141_215113	52.010326
k141_1755978	31.089756
k141_310500	7.91854
k141_1274241	17.965773
k141_2047056	7.957774
k141_1564346	10.297372
k141_215378	15.587101
k141_1950548	217.71965
k141_1274358	43.957886
k141_1082403	7.546335
k141_1853294	44.755558
k141_1371012	10.995585
k141_1564475	26.529026
k141_1082424	9.4884815
k141_1564496	13.558958
k141_1660242	9.919515
k141_1082476	119.9021
k141_1179121	11.685692
k141_310702	12.326678
k141_2142866	14.337432
k141_2047461	9.606427
k141_1950728	8.531764
k141_2047467	7.4013696
k141_1468478	8.001778
k141_117522	4.873006
k141_2047489	26.362349
k141_1468547	7.004329
k141_794066	13.851331
k141_889071	8.609197
k141_1274556	32.539337
k141_503343	47.410786
k141_600579	7.7637715
k141_1660496	7.305418
k141_1853665	11.072114
k141_1564850	46.2859
k141_117760	8.194321
k141_215894	21.698511
k141_21810	8.786662
k141_794361	49.841
k141_311162	5.430141
k141_1564945	10.150717
k141_2238532	10.155347
k141_311233	7.6302733
k141_1660832	11.78296
k141_21966	6.7244062
k141_2337144	10.564991
k141_503649	112.71238
k141_1853951	45.76015
k141_1661024	6.459166
k141_2337217	47.42453
k141_985665	57.696728
k141_1854020	7.3933663
k141_407632	62.666744
k141_1854031	77.584045
k141_2337287	8.132878
k141_1371858	32.166782
k141_503808	7.7601438
k141_1468996	9.7102
k141_1180152	8.3323965
k141_1565596	15.340286
k141_311854	44.75711
k141_1951671	6.2282915
k141_889901	10.932558
k141_504203	11.7181015
k141_795212	94.27363
k141_1951700	4.34089
k141_601460	8.219357
k141_2239473	10.117943
k141_1083871	7.4439974
k141_601568	72.27399
k141_118742	38.537537
k141_1951856	24.168827
k141_118813	66.54986
k141_698356	6.596101
k141_795591	8.546891
k141_2338080	43.220383
k141_2048744	19.184626
k141_312281	15.782796
k141_408373	77.22975
k141_2048848	91.61251
k141_312348	10.880543
k141_1854819	10.112287
k141_23193	16.065916
k141_217310	52.27451
k141_408456	9.270935
k141_2048951	5.792394
k141_698758	10.032992
k141_1180895	7.6042757
k141_2144411	8.914675
k141_698819	326.74167
k141_2240089	7.7053456
k141_795929	9.919294
k141_2049147	30.376837
k141_1276264	10.313887
k141_1758117	5.7775917
k141_890736	9.325678
k141_796113	11.013906
k141_602237	7.757279
k141_1276401	10.598512
k141_217776	11.304119
k141_796179	11.51414
k141_1566579	8.74951
k141_2240395	9.43843
k141_505160	7.562091
k141_1470315	12.671164
k141_217940	8.398159
k141_2338809	238.63522
k141_23848	9.272521
k141_1758205	55.590744
k141_1085062	7.946955
k141_505382	55.374157
k141_1855286	15.487284
k141_796644	12.998605
k141_1662188	9.22505
k141_1181669	23.116037
k141_2145393	8.07591
k141_602852	25.959238
k141_796831	8.331703
k141_1567045	8.080486
k141_1181813	78.973206
k141_409449	71.25532
k141_1181862	46.52637
k141_1758583	18.719746
k141_24356	17.4373
k141_2240972	7.9497533
k141_1855568	7.1938534
k141_987746	7.5262403
k141_2339309	38.809593
k141_2241018	23.583946
k141_24426	7.371818
k141_1373807	12.1043625
k141_1470987	26.704071
k141_2241138	11.503854
k141_313450	19.708036
k141_1567381	16.062458
k141_891640	8.278238
k141_1085437	9.869759
k141_1662750	6.7051716
k141_506068	14.989623
k141_313744	13.979422
k141_1953649	5.4837685
k141_1471304	29.71709
k141_506141	24.917753
k141_506149	6.54119
k141_219147	8.595223
k141_988412	48.000565
k141_2050844	11.068149
k141_1758903	19.47701
k141_2050911	11.374907
k141_219277	73.22442
k141_2241873	8.388936
k141_219345	9.267161
k141_1374189	9.1509695
k141_1856433	10.422067
k141_2241992	72.39837
k141_121029	8.253379
k141_1471751	11.614449
k141_25387	15.983299
k141_314269	7.406772
k141_1663373	91.29093
k141_314286	11.346503
k141_1856533	7.9365573
k141_121111	13.266011
k141_603931	11.306999
k141_2242135	37.326164
k141_1954246	9.639011
k141_797931	7.2708335
k141_1856610	15.540347
k141_2051467	27.742323
k141_314425	10.10975
k141_2242308	30.466122
k141_25657	9.35215
k141_892496	9.075176
k141_798058	70.11162
k141_1278306	57.551445
k141_1954450	7.5318594
k141_1183064	7.7355585
k141_1374807	23.990181
k141_1086522	21.212408
k141_314719	11.090064
k141_1183166	159.31343
k141_701301	6.3968835
k141_989371	13.133522
k141_798442	11.137045
k141_989391	7.230328
k141_798452	25.119946
k141_1857013	140.10292
k141_314890	8.178183
k141_1664060	15.331328
k141_1375083	9.438507
k141_2242796	11.635912
k141_2242862	12.821397
k141_1759959	6.9941964
k141_701483	9.790649
k141_507367	5.95559
k141_2052179	19.323473
k141_2147523	9.45751
k141_1472758	44.17499
k141_2052234	39.490173
k141_989657	9.392449
k141_507441	126.94665
k141_2341331	8.185037
k141_989663	9.207287
k141_701651	125.44537
k141_26416	11.253516
k141_507541	9.15798
k141_2341447	64.89219
k141_1472958	13.597558
k141_701726	45.956745
k141_411505	12.334756
k141_1664467	10.537965
k141_605046	8.518905
k141_2341534	30.782455
k141_220869	49.541157
k141_1087389	14.454774
k141_893390	12.476192
k141_1955394	39.47928
k141_1760368	18.409403
k141_2148061	7.466125
k141_1375831	11.100225
k141_605306	10.014428
k141_2052799	28.702778
k141_26908	6.855855
k141_2341842	7.7703567
k141_26924	5.852915
k141_1569686	9.918352
k141_2243389	10.501272
k141_221223	12.71038
k141_1569767	20.375315
k141_1279484	8.552402
k141_1760712	12.31351
k141_2053064	6.6361213
k141_2243627	10.385924
k141_27261	16.121702
k141_508224	8.602113
k141_702422	6.8385453
k141_2148575	8.409813
k141_702488	21.253325
k141_2053283	71.872986
k141_1956033	9.924403
k141_605899	17.059692
k141_508390	10.785234
k141_221512	9.296168
k141_27451	9.547861
k141_605999	61.256172
k141_508459	68.139595
k141_122981	10.123674
k141_606074	204.94057
k141_2244022	9.649259
k141_1956233	9.308638
k141_894123	18.32651
k141_508563	10.614273
k141_1376499	7.598194
k141_1761130	19.62124
k141_894259	8.726769
k141_702874	9.97092
k141_1761163	6.6940246
k141_1570387	11.579071
k141_1088415	16.518204
k141_1088416	190.13916
k141_1088422	9.556155
k141_508736	151.00577
k141_1665607	10.129313
k141_2244369	19.713614
k141_606514	15.756052
k141_606606	9.728504
k141_1088608	48.97017
k141_2244547	8.119277
k141_316982	4.5331354
k141_1858682	100.44451
k141_1280537	127.55507
k141_28253	8.928127
k141_1474602	20.831785
k141_703571	33.278442
k141_28426	53.859245
k141_509224	25.986048
k141_607000	319.7501
k141_703651	29.01967
k141_1858945	99.65791
k141_222433	14.12314
k141_28493	31.737278
k141_1280750	10.030219
k141_1280761	9.878866
k141_1666253	7.8637347
k141_2149461	8.19886
k141_509411	8.576138
k141_607202	7.237761
k141_2149576	9.971867
k141_1280947	10.997429
k141_800905	10.819754
k141_124142	5.288927
k141_1957207	7.2675843
k141_413377	5.160576
k141_607331	29.659925
k141_2343823	10.3595
k141_1281065	9.0790615
k141_895210	5.587519
k141_2149741	44.89064
k141_509670	62.560116
k141_317699	8.756634
k141_1666718	6.584512
k141_607509	8.994286
k141_509750	8.135553
k141_1281198	8.508329
k141_1475210	22.560299
k141_1762222	76.17772
k141_124511	9.469562
k141_509850	13.430264
k141_124513	86.9837
k141_1185950	15.599001
k141_801408	9.845644
k141_1185962	76.44893
k141_1089661	9.146318
k141_1281352	6.036865
k141_1666831	11.2573
k141_318054	18.64707
k141_1186039	7.1899085
k141_992175	7.752822
k141_1186044	208.60384
k141_2054988	8.319283
k141_1762445	13.098271
k141_29327	11.717028
k141_1475548	40.82562
k141_1667013	21.400297
k141_2344534	9.779755
k141_1667320	10.247044
k141_2055343	22.592787
k141_1186405	11.658832
k141_1378488	6.894756
k141_992660	11.042013
k141_2344797	8.918582
k141_29755	8.797092
k141_1667471	13.392838
k141_1860159	6.921942
k141_992771	7.600595
k141_1762990	9.332344
k141_2344993	10.154923
k141_2150887	9.823182
k141_1378787	27.692
k141_608550	10.072496
k141_318851	13.767342
k141_1476236	10.595753
k141_802323	13.7946205
k141_802358	12.135344
k141_223858	9.947776
k141_1090573	19.52862
k141_1378959	7.805113
k141_30102	8.49575
k141_992980	8.087469
k141_1667792	5.9232225
k141_1379068	18.391056
k141_2151198	30.335268
k141_1860505	11.042904
k141_1282294	7.838916
k141_511032	81.43737
k141_1090894	17.773367
k141_993321	8.839456
k141_802862	7.8988037
k141_896757	19.959816
k141_896796	8.552255
k141_1763450	8.581521
k141_609120	8.5599165
k141_2056333	13.446063
k141_1187232	9.978943
k141_993424	8.723517
k141_993435	5.946332
k141_1860841	13.087502
k141_1860903	11.905867
k141_897032	17.586496
k141_1861004	12.963362
k141_2345714	7.235831
k141_803188	8.297932
k141_705797	11.448383
k141_415110	108.37831
k141_126183	22.263432
k141_1763690	17.79245
k141_1763712	34.97581
k141_1861069	10.433214
k141_705873	16.750048
k141_1668648	10.804907
k141_1187534	12.854209
k141_126265	14.550097
k141_1668674	8.299561
k141_2247289	36.22555
k141_319940	7.120143
k141_993709	7.937361
k141_1477208	11.122131
k141_126335	24.85243
k141_706022	12.5287285
k141_1572912	73.99563
k141_1668776	8.588141
k141_1187661	128.72353
k141_1187696	10.3576975
k141_706125	22.198015
k141_1959517	9.708169
k141_126473	9.948717
k141_2056974	27.77104
k141_1477349	8.243039
k141_706275	48.096565
k141_1959780	13.175428
k141_803691	7.768312
k141_31143	31.012861
k141_706505	18.365715
k141_609912	10.672962
k141_225110	7.755924
k141_2057341	14.559445
k141_415754	101.190506
k141_994184	31.602966
k141_1188175	9.051188
k141_706720	31.098185
k141_1960145	7.4607205
k141_994254	30.76628
k141_1861967	48.197998
k141_804027	60.70078
k141_897885	8.759459
k141_1380732	12.892118
k141_1573582	28.457148
k141_1669583	10.770903
k141_416016	12.074911
k141_898002	19.135624
k141_2346475	9.699578
k141_1092240	87.606926
k141_1960461	9.550034
k141_225571	24.76229
k141_2152811	8.118732
k141_225601	26.500788
k141_1669856	7.270834
k141_2346597	8.378571
k141_2152895	31.655521
k141_707148	10.1442795
k141_994636	37.375656
k141_416337	7.962066
k141_512791	12.111548
k141_512818	38.865524
k141_31955	14.587551
k141_321134	7.9175816
k141_1284085	8.0467205
k141_994891	11.700548
k141_610774	24.636652
k141_2058232	23.255194
k141_127802	67.63937
k141_1670198	18.29543
k141_513164	13.390942
k141_2153421	19.426908
k141_1478652	20.58708
k141_1381553	10.243549
k141_1670299	13.611387
k141_2058421	8.37209
k141_1092886	10.227872
k141_898774	67.22658
k141_128073	24.692297
k141_2058481	32.408657
k141_513380	12.950523
k141_226403	23.83746
k141_804993	10.191299
k141_1284486	138.40373
k141_321512	9.783859
k141_1765453	62.18693
k141_1092966	17.837164
k141_707940	8.014296
k141_1189335	58.125515
k141_1961405	13.994795
k141_1862766	10.741944
k141_226541	11.534747
k141_1765561	25.006233
k141_513572	67.11687
k141_995453	73.4039
k141_1284790	8.461133
k141_1862944	17.837326
k141_2347574	8.263465
k141_611525	24.038113
k141_1189682	13.062509
k141_1670970	11.077273
k141_226953	7.50493
k141_1093210	8.974509
k141_1093227	57.09786
k141_32869	8.827758
k141_322020	6.233774
k141_1961858	32.359352
k141_322046	8.551647
k141_1961888	6.6488075
k141_899474	38.319443
k141_1961911	10.181961
k141_514060	8.497108
k141_227051	8.508244
k141_805853	11.610324
k141_227101	6.4289474
k141_128791	7.6240726
k141_1093560	7.6299906
k141_1574967	7.026846
k141_1285371	32.52943
k141_417849	6.924118
k141_1285438	8.087262
k141_33359	21.95584
k141_1382592	13.352544
k141_227372	19.08594
k141_227378	63.6803
k141_2154554	6.363319
k141_1479830	22.547432
k141_900004	22.945972
k141_1285591	20.74383
k141_1863810	43.895008
k141_1382774	135.30003
k141_1190261	15.007748
k141_33633	6.5595713
k141_514660	37.769047
k141_709246	25.39926
k141_1285752	15.6263275
k141_709247	12.01493
k141_612604	8.551117
k141_129271	12.679537
k141_900228	8.430948
k141_1864043	21.36541
k141_1962498	5.8331647
k141_1962524	9.39228
k141_1766917	21.282907
k141_900390	10.193437
k141_1672062	101.5741
k141_1864219	21.403677
k141_1094409	6.4662747
k141_33991	8.677156
k141_323099	8.754294
k141_323126	7.725448
k141_1864267	85.0561
k141_418614	7.1610856
k141_1575864	67.32582
k141_1962898	8.710254
k141_1383391	12.309409
k141_1672354	10.200489
k141_1383418	14.910173
k141_1963059	9.6421995
k141_1672450	8.988398
k141_2251043	12.292425
k141_996912	35.128273
k141_1576200	8.050153
k141_129929	205.96616
k141_997033	18.895714
k141_1383688	9.643421
k141_997074	11.460612
k141_1191170	9.275409
k141_2251209	7.9338393
k141_2251232	12.032288
k141_34622	7.959816
k141_130110	5.5930357
k141_1864862	7.724915
k141_710246	43.16697
k141_419217	7.6614614
k141_997297	10.651019
k141_997312	14.115949
k141_2349614	7.774753
k141_1672972	8.227372
k141_997341	9.799749
k141_34836	9.027511
k141_130273	6.1462607
k141_2061355	9.407215
k141_1865131	9.983228
k141_228914	8.036185
k141_1191672	15.527543
k141_2156173	56.927414
k141_1767979	13.298746
k141_1576798	24.682667
k141_2251729	6.8308563
k141_419676	7.7067394
k141_1576837	76.34376
k141_1768050	6.1647444
k141_710708	7.7086062
k141_1963855	9.071743
k141_516130	11.191261
k141_2156355	6.875235
k141_1095662	8.217485
k141_710787	59.438656
k141_614105	9.457437
k141_1963988	13.583404
k141_419766	11.453299
k141_1384505	12.462507
k141_2061842	13.663979
k141_1191920	10.363056
k141_419853	28.38348
k141_1384595	17.200218
k141_35476	68.49534
k141_1673615	8.184353
k141_1095827	7.2961016
k141_1095846	82.23805
k141_324293	10.976568
k141_1577194	42.518032
k141_419976	8.192489
k141_1768222	22.734356
k141_1768248	105.13246
k141_710984	10.792756
k141_711074	13.139282
k141_1577404	9.149368
k141_1577416	4.912199
k141_516669	21.036224
k141_1287263	16.674992
k141_1385112	9.286681
k141_324737	10.707955
k141_1577613	7.8264127
k141_1287477	15.567418
k141_1866149	17.837482
k141_36119	105.05781
k141_1287573	8.477954
k141_324832	8.939598
k141_420507	347.4925
k141_229903	11.487764
k141_1287659	14.386088
k141_1482368	10.012808
k141_1385388	25.663029
k141_516910	41.136524
k141_1577873	6.929093
k141_1577887	8.722974
k141_36338	11.861524
k141_131721	8.347868
k141_230067	10.51177
k141_2351264	51.52426
k141_230068	9.707074
k141_1287797	17.33643
k141_1768866	15.510432
k141_420751	9.855133
k141_711605	22.588299
k141_131778	10.586413
k141_2351394	17.660242
k141_1578008	6.6485553
k141_131796	48.27862
k141_325092	8.733097
k141_420811	19.99499
k141_2351410	15.575401
k141_517069	15.661182
k141_1482723	9.338525
k141_2063034	30.611265
k141_36728	12.301236
k141_1482762	11.175775
k141_132015	149.04333
k141_1288140	6.8824086
k141_903003	8.882099
k141_325362	8.320846
k141_1769233	41.044357
k141_711960	12.741589
k141_711995	65.31414
k141_1965440	10.093057
k141_2253416	10.175982
k141_615254	11.408513
k141_1965515	58.43647
k141_325476	7.9136825
k141_1386028	7.7084956
k141_1965573	9.676035
k141_1867107	10.390941
k141_1288387	82.06168
k141_1965607	66.85447
k141_1097301	7.366652
k141_1578548	7.0233083
k141_2063449	8.998264
k141_1386199	11.403284
k141_1965699	13.8089485
k141_1483204	12.574495
k141_1965720	10.316725
k141_1965736	7.759725
k141_1483226	11.3369055
k141_1288594	7.77231
k141_230775	6.9435296
k141_1867389	8.971624
k141_517784	17.69735
k141_2254003	10.570674
k141_325959	11.503853
k141_1288755	12.723959
k141_2352260	13.577643
k141_230927	8.241125
k141_1097752	7.6111875
k141_326105	6.893268
k141_2254215	13.891313
k141_1965836	10.858689
k141_712790	37.55236
k141_616032	20.015842
k141_903808	7.296075
k141_37839	9.746012
k141_132880	10.646607
k141_326242	9.424658
k141_1193720	20.360893
k141_712956	8.338517
k141_903928	12.457963
k141_1675800	58.39406
k141_1675854	8.032159
k141_999550	71.329475
k141_1867896	9.1162615
k141_1966126	13.036379
k141_713103	7.7828903
k141_1867958	59.63041
k141_1868047	17.307606
k141_326511	9.425156
k141_616450	46.51528
k141_810790	11.708984
k141_1289442	28.209381
k141_616591	29.692904
k141_904396	8.703511
k141_326755	8.491524
k141_810913	24.160458
k141_616741	10.7578335
k141_1387341	11.49776
k141_1966676	7.980892
k141_904716	10.680369
k141_1098923	9.360154
k141_1194756	15.198557
k141_1484507	8.378666
k141_2065044	23.365768
k141_617178	75.517555
k141_38826	6.587582
k141_1868762	8.572743
k141_2065258	60.339684
k141_905094	9.783434
k141_1484744	24.08702
k141_1387750	7.2362523
k141_2255526	8.597364
k141_1484814	49.434994
k141_232355	10.093929
k141_1868994	44.51759
k141_1099180	12.073189
k141_2255640	19.856451
k141_1580178	8.205636
k141_1869095	16.011147
k141_2160224	7.5650296
k141_1580265	8.669317
k141_1388083	22.53461
k141_811901	58.147163
k141_1677168	12.00768
k141_617821	99.64279
k141_905477	11.375
k141_2065678	6.50949
k141_327779	9.182677
k141_905501	6.4658704
k141_1967570	53.88098
k141_232793	9.657412
k141_327868	64.313286
k141_714784	68.027756
k141_1290683	52.170227
k141_812249	9.915339
k141_2354420	11.305415
k141_328003	9.605279
k141_618114	17.71216
k141_1580579	7.2809234
k141_2066087	10.652617
k141_39784	14.11595
k141_618237	18.589428
k141_2160882	6.9087405
k141_135140	9.117776
k141_906197	9.755168
k141_618355	164.08284
k141_2066248	10.708282
k141_1677948	7.637682
k141_1968134	10.647715
k141_2256679	27.220592
k141_2355087	11.166524
k141_1099937	33.88073
k141_812899	15.538249
k141_2256758	10.020813
k141_2161285	11.809886
k141_1291369	8.872
k141_1772163	56.384666
k141_1870221	4.566274
k141_2256925	12.073981
k141_813081	7.150932
k141_1100190	5.7816896
k141_2355306	14.241298
k141_906692	11.896647
k141_1291590	14.186632
k141_1002083	14.052239
k141_328980	7.791917
k141_329070	8.815213
k141_619013	17.492842
k141_1678644	16.654701
k141_1678662	17.640661
k141_906953	8.851689
k141_2066996	7.683749
k141_813559	11.188549
k141_1389626	9.43871
k141_619194	10.880559
k141_2257421	10.625757
k141_2161746	39.55968
k141_424629	228.41617
k141_2161791	29.067204
k141_907170	6.870313
k141_907171	34.695522
k141_716315	11.494668
k141_2257508	7.3299947
k141_1678964	8.459432
k141_2067181	27.612545
k141_1389910	11.698754
k141_521325	99.42356
k141_1002730	5.390292
k141_1292247	17.358042
k141_1871063	132.7365
k141_2257779	138.02908
k141_2067346	12.721818
k141_1390080	9.436777
k141_1101180	8.368877
k141_1773341	8.512874
k141_1197185	12.978876
k141_1292410	11.975914
k141_1002836	35.75064
k141_1197320	11.4099655
k141_136801	8.574097
k141_1390261	9.789999
k141_717030	30.877253
k141_1101448	8.31216
k141_2162526	10.823124
k141_521755	9.181481
k141_2067698	21.768763
k141_620179	47.615097
k141_521899	27.882975
k141_1101670	10.594381
k141_2258353	27.891397
k141_2067821	17.65034
k141_1101770	6.6497073
k141_2067844	7.754495
k141_425298	6.0747895
k141_521995	8.872158
k141_1582926	13.013586
k141_330234	8.315488
k141_1292926	8.08105
k141_2162940	10.1294365
k141_1390738	15.192024
k141_717421	6.8117833
k141_330376	9.859521
k141_42138	7.747211
k141_2068181	17.147253
k141_522246	20.642931
k141_42310	8.334128
k141_2357183	12.21352
k141_1774256	7.0074806
k141_2258849	62.213432
k141_1774270	28.804718
k141_2357225	9.013178
k141_620749	9.7493305
k141_425871	112.00663
k141_42470	9.811152
k141_908687	11.1502695
k141_1970471	10.428658
k141_717915	21.382881
k141_1583607	10.052147
k141_908784	12.2810755
k141_1488216	61.61414
k141_2068684	11.769663
k141_1872296	8.299391
k141_2163604	10.707955
k141_1004031	31.669756
k141_1583739	7.860667
k141_426180	77.03716
k141_426187	12.425366
k141_138116	6.963991
k141_522851	20.2348
k141_2068888	7.8144746
k141_236453	9.0675535
k141_1680676	12.040446
k141_42963	13.251756
k141_1584070	6.940342
k141_1198624	69.10032
k141_1391610	20.441109
k141_1680792	9.426863
k141_1004345	46.365757
k141_1488523	46.142715
k141_1391636	11.932401
k141_236688	25.032358
k141_1488564	8.447647
k141_1004467	8.563229
k141_43226	22.203365
k141_43285	207.66997
k141_426739	43.595844
k141_1198959	13.38253
k141_523350	8.9517
k141_718714	43.052082
k141_1294247	13.443005
k141_331398	8.66173
k141_1103116	19.000128
k141_1584262	239.63338
k141_1872976	13.910793
k141_1391860	6.5688868
k141_2358280	5.7242913
k141_1584342	12.036297
k141_138988	13.001673
k141_2259555	21.946932
k141_237070	9.113701
k141_523627	11.806711
k141_1103368	152.37463
k141_139078	9.879617
k141_427123	10.837766
k141_43695	12.735325
k141_1681325	11.798657
k141_1103425	19.30013
k141_523759	49.83258
k141_816611	11.674367
k141_2358662	4.9393134
k141_1775880	12.791181
k141_331973	8.859002
k141_2070100	25.431362
k141_1971824	34.34828
k141_1294864	8.791899
k141_2070174	13.48452
k141_1005267	11.642955
k141_1103709	6.5402246
k141_1681757	16.486458
k141_719486	7.9306355
k141_910044	10.936887
k141_1972061	15.017068
k141_719547	8.910257
k141_332229	10.88913
k141_2070437	8.278786
k141_817087	13.407897
k141_1873640	6.4645925
k141_2359149	7.534151
k141_910229	168.08018
k141_427820	11.701583
k141_1873749	10.957371
k141_44403	13.61197
k141_2260482	66.42093
k141_622535	28.249277
k141_1295382	8.827528
k141_719812	35.68476
k141_1585214	13.177141
k141_2070772	26.621368
k141_622625	9.743452
k141_1972671	8.287048
k141_1874092	6.3790174
k141_44877	33.909836
k141_1682597	6.853669
k141_1006194	10.536033
k141_2071201	8.173343
k141_2359867	28.019295
k141_1777031	51.131603
k141_2071243	7.487191
k141_140502	5.5295324
k141_2165773	14.407957
k141_1777059	9.214183
k141_1104781	7.630635
k141_1393460	10.966693
k141_1973015	15.712903
k141_45145	12.885731
k141_1006443	7.537582
k141_140670	7.9460826
k141_2071420	8.5254545
k141_2071441	14.655945
k141_1296047	20.005432
k141_2071513	25.485893
k141_1200674	9.831048
k141_1490580	7.243183
k141_2166175	21.186829
k141_525335	8.686003
k141_1973305	5.429076
k141_1874872	11.775386
k141_2071783	8.9088335
k141_238799	15.822933
k141_45491	109.9127
k141_525569	59.78019
k141_1973470	12.718565
k141_1296366	7.2747884
k141_2166455	7.5887976
k141_1586311	7.956955
k141_1777633	6.455681
k141_141168	11.528892
k141_623599	10.810764
k141_45645	11.163878
k141_1973598	10.980951
k141_428995	7.757029
k141_1105441	37.05217
k141_1296458	13.052647
k141_623700	19.450005
k141_333767	8.846701
k141_1394087	7.8410387
k141_623755	43.083916
k141_1973807	21.996126
k141_2072212	12.632136
k141_239142	85.75303
k141_1491112	6.639821
k141_429284	7.9291787
k141_623959	13.0891485
k141_141505	9.805376
k141_1875323	39.86926
k141_1296712	37.51857
k141_1778030	9.796323
k141_2360986	7.9311705
k141_1875355	20.315046
k141_1586752	15.382401
k141_141608	46.847305
k141_2261552	12.470865
k141_1007393	20.922195
k141_1296807	57.8565
k141_1586855	10.2692995
k141_239421	6.7767525
k141_2072546	8.317608
k141_1007514	113.33865
k141_46279	8.85052
k141_2361281	10.5561
k141_1296983	6.1802726
k141_1105876	38.57369
k141_239603	23.389381
k141_819148	10.238321
k141_2361409	10.64317
k141_1587138	13.868546
k141_721796	10.343978
k141_46442	19.08137
k141_1105985	116.57127
k141_912102	11.844811
k141_1297063	7.959437
k141_624538	22.472929
k141_624547	56.32398
k141_429818	7.498977
k141_1297115	14.394146
k141_1875836	7.176901
k141_334729	38.180122
k141_526564	10.1174755
k141_429952	40.46334
k141_1202223	125.11508
k141_1202329	10.646044
k141_1876129	8.330235
k141_1684315	7.665974
k141_1974892	7.9772058
k141_1684387	7.7950993
k141_1779123	17.731453
k141_1974950	17.503202
k141_335246	11.59333
k141_527086	10.138664
k141_722345	12.970003
k141_1202573	22.021545
k141_47190	13.482863
k141_1684525	9.640494
k141_2262639	13.149324
k141_722535	29.748028
k141_1106666	7.9787936
k141_1779501	7.8670025
k141_722615	14.048994
k141_2262899	13.065185
k141_240527	20.596287
k141_1876682	8.37567
k141_240543	50.86873
k141_1008507	36.80366
k141_820270	10.230432
k141_1876730	16.853415
k141_527400	59.424324
k141_2073921	75.31983
k141_1975567	21.196404
k141_240711	9.245514
k141_527624	9.705316
k141_2263263	24.938322
k141_1396197	31.768272
k141_1975659	24.762938
k141_1203311	14.726726
k141_1203325	6.7601237
k141_1877066	17.144846
k141_1203384	27.197464
k141_723062	10.028764
k141_913467	6.6474805
k141_2263435	20.341116
k141_1588636	7.046021
k141_723145	6.419383
k141_1685454	9.121267
k141_1780173	13.114386
k141_913616	9.174961
k141_143688	8.641435
k141_1107272	63.733746
k141_528076	8.990012
k141_1877425	73.57865
k141_431507	18.04239
k141_2263740	12.920394
k141_1976251	43.608307
k141_1009456	8.301114
k141_821047	11.092424
k141_431658	21.683933
k141_336644	10.982222
k141_821073	47.393127
k141_1493392	7.5738544
k141_2263968	9.214411
k141_1877760	12.9053955
k141_1009661	13.291743
k141_914147	19.108263
k141_2264345	7.8759823
k141_144409	10.737486
k141_1108078	6.45318
k141_2364201	7.799022
k141_432259	9.262399
k141_1010024	12.343002
k141_724226	34.280064
k141_1299503	11.180004
k141_1299529	9.130486
k141_1108510	17.08208
k141_144842	27.808939
k141_242551	9.015958
k141_2364231	81.37131
k141_1976944	7.407376
k141_1686977	10.823727
k141_724573	77.92258
k141_1299784	11.995174
k141_2264842	156.0328
k141_1397735	38.80183
k141_1397746	12.250993
k141_2076070	66.569145
k141_2364484	8.802567
k141_1977348	8.008814
k141_1977438	197.84338
k141_725096	11.097303
k141_243131	10.554803
k141_338117	9.88774
k141_1782108	6.656504
k141_1109121	9.782408
k141_1687578	150.69612
k141_2265487	11.157278
k141_1109204	10.0570545
k141_2076629	9.32651
k141_628302	9.231362
k141_2365063	28.965977
k141_1495165	31.676527
k141_1398187	153.2713
k141_145808	199.5472
k141_725751	140.2218
k141_1687933	8.603469
k141_2170860	7.4442673
k141_2265769	10.404397
k141_1495373	7.6500683
k141_1300688	18.823116
k141_50673	4.6036434
k141_2365408	11.90259
k141_1879438	55.457417
k141_338782	11.806812
k141_338786	6.536659
k141_1879520	13.292252
k141_1398680	21.61281
k141_1011533	22.625053
k141_1398703	31.984419
k141_1109692	10.174777
k141_146267	6.209264
k141_1495803	73.75543
k141_1688412	10.170796
k141_51039	10.44573
k141_530652	12.401593
k141_916060	7.682118
k141_823547	5.0729303
k141_1688511	12.814845
k141_51160	8.294425
k141_339171	59.892246
k141_1109931	13.537917
k141_1783294	7.3535748
k141_1011828	9.860331
k141_339315	11.637662
k141_51321	62.073456
k141_916346	25.62429
k141_2077682	6.900943
k141_1110168	8.156516
k141_51335	106.14138
k141_2366078	9.1896305
k141_2171675	8.220837
k141_1012076	10.561647
k141_244603	8.122321
k141_2366184	11.876814
k141_1979066	16.161633
k141_1880157	15.315928
k141_726795	9.928332
k141_1110257	9.790789
k141_1207032	8.769818
k141_1592349	8.814808
k141_1399497	70.9774
k141_1689269	8.833322
k141_1496639	10.382035
k141_340021	8.741219
k141_916851	5.1110377
k141_1110589	22.50576
k141_1880584	9.053946
k141_1012419	5.2099
k141_2267272	9.3409395
k141_1207408	6.2699676
k141_340238	7.282071
k141_1496868	11.243431
k141_1784191	11.325015
k141_147709	9.001791
k141_824735	244.53493
k141_245188	7.7280493
k141_147795	7.9140034
k141_2367028	9.911709
k141_340385	19.676445
k141_1012588	6.7548394
k141_1592950	82.25596
k141_52406	11.77144
k141_435747	9.322395
k141_2078818	30.608923
k141_435805	12.593634
k141_2367257	11.595926
k141_2172888	11.946212
k141_1302502	9.709555
k141_148182	11.098646
k141_1689960	105.97652
k141_1111222	9.833076
k141_435977	8.329909
k141_1400421	30.026976
k141_1497526	131.92256
k141_1690137	6.276584
k141_148391	12.119944
k141_1593360	7.756986
k141_917887	6.9669776
k141_1208107	9.481002
k141_1881585	25.868303
k141_2079387	8.132588
k141_728237	7.218147
k141_1497811	8.513888
k141_1980665	9.0300455
k141_2367945	9.660549
k141_341361	8.959659
k141_1497963	6.8538036
k141_1881818	34.91584
k141_1690674	10.184254
k141_246026	81.37881
k141_1785023	8.47341
k141_631357	10.164528
k141_2368140	7.6193094
k141_2079788	52.81446
k141_2173892	8.701627
k141_149167	11.013175
k141_246284	9.220136
k141_631574	37.269123
k141_341819	32.396126
k141_341856	6.802403
k141_2268947	13.915582
k141_1498463	7.2345705
k141_2368637	16.183468
k141_826188	8.695078
k141_54122	8.158574
k141_1112505	14.631532
k141_149749	8.016351
k141_2174606	9.866182
k141_437284	12.404231
k141_1882654	8.949124
k141_54380	12.554068
k141_246862	9.991513
k141_2368889	6.6659603
k141_826390	13.929559
k141_826414	8.54978
k141_729480	9.216844
k141_1499034	8.843485
k141_1402017	13.572611
k141_247073	10.102688
k141_342489	14.483897
k141_1691900	9.036745
k141_54830	9.992746
k141_342650	8.789811
k141_919349	20.198822
k141_150172	7.100762
k141_1113081	15.559482
k141_1402308	11.039887
k141_1786415	89.59461
k141_342926	20.770744
k141_2369475	33.1629
k141_1014815	38.838
k141_1883353	6.6927247
k141_1402471	8.354393
k141_1304537	13.133715
k141_55193	8.07482
k141_342956	70.83929
k141_1402531	6.627915
k141_632764	10.453709
k141_1499594	9.0444565
k141_1499618	11.948364
k141_1113485	11.965953
k141_1982492	11.712962
k141_343117	16.54644
k141_1304707	7.51736
k141_55449	71.39008
k141_534780	13.529717
k141_1595748	10.179168
k141_2270461	8.942238
k141_438589	12.298816
k141_1113980	6.3665733
k141_1015194	10.694853
k141_1500034	6.510055
k141_827635	16.630527
k141_535114	11.432788
k141_633279	12.045285
k141_2081908	9.761853
k141_2270609	9.3447695
k141_1982997	10.625288
k141_1500237	5.738196
k141_2082089	25.23335
k141_2270751	13.2039585
k141_633557	12.165737
k141_827861	8.433097
k141_1403421	9.495761
k141_1015559	11.298025
k141_633626	31.421064
k141_343966	144.805
k141_633664	32.05119
k141_1114605	10.249149
k141_344121	44.54587
k141_2176393	29.979395
k141_1015848	6.4462442
k141_1210927	7.368728
k141_2176496	8.150961
k141_2082658	9.583303
k141_1211050	15.5845175
k141_2271417	242.72482
k141_634225	10.662207
k141_2271518	9.877881
k141_56780	23.576368
k141_731756	25.41654
k141_1306132	12.612546
k141_1693983	19.939844
k141_56845	36.13527
k141_1885240	11.23521
k141_1016402	8.972895
k141_828806	14.537926
k141_2271720	119.43544
k141_2371574	8.159712
k141_921484	7.0815206
k141_1016449	62.9133
k141_1501196	63.0685
k141_344813	10.502736
k141_634526	24.874632
k141_1885472	9.833029
k141_249307	8.333871
k141_1016465	7.753305
k141_1885494	8.583878
k141_1404464	9.324429
k141_1885585	9.316116
k141_2083428	13.576105
k141_440328	18.798336
k141_921785	6.24276
k141_249540	15.741215
k141_2083581	8.7828045
k141_57400	7.6252985
k141_1885847	39.395237
k141_634866	13.496486
k141_2272099	16.289164
k141_536937	23.620937
k141_1211932	110.214714
k141_1885912	109.38808
k141_2272144	11.150057
k141_249743	75.057884
k141_2372057	33.331085
k141_1404725	50.23508
k141_249785	10.81012
k141_2272211	8.288008
k141_57605	8.663121
k141_1984385	397.49228
k141_829563	12.744611
k141_1788952	9.919294
k141_922143	9.836837
k141_537126	9.159002
k141_1788990	14.237312
k141_2083954	9.98335
k141_1115905	9.095946
k141_2272332	6.694024
k141_2372199	52.922714
k141_2083972	6.7111926
k141_1886108	23.954052
k141_1598092	9.898959
k141_1116070	9.148412
k141_1017156	9.438102
k141_440887	80.68826
k141_57936	48.05486
k141_345572	7.5932455
k141_1212348	11.107635
k141_2178015	106.10488
k141_440987	7.9820805
k141_345693	9.945312
k141_58042	43.474754
k141_2372571	26.479448
k141_2372670	10.90419
k141_1984831	32.20515
k141_58218	13.406061
k141_830143	11.066409
k141_733255	11.991457
k141_345969	8.357409
k141_1598528	8.552622
k141_635615	24.99039
k141_1789749	9.54562
k141_1695549	28.03086
k141_733463	39.848454
k141_1985128	8.384796
k141_1017776	8.38453
k141_923100	21.17334
k141_1789880	11.777246
k141_1789884	29.220116
k141_1116824	6.377203
k141_441513	7.0740185
k141_1985313	9.176017
k141_1405838	6.700675
k141_153614	7.8309355
k141_1116889	9.46845
k141_1598931	8.486316
k141_635980	11.302614
k141_635992	10.768519
k141_538293	8.879555
k141_1887235	7.2593117
k141_733818	6.573313
k141_1213072	12.086594
k141_1985592	8.686723
k141_1503085	26.556263
k141_58897	10.516118
k141_1790282	6.9245048
k141_1308373	37.70585
k141_2085030	133.89532
k141_154026	10.101555
k141_154098	9.723731
k141_1308553	21.182953
k141_1213360	14.825261
k141_1503286	6.209869
k141_1696487	37.96671
k141_347206	9.58943
k141_59351	8.346263
k141_2085157	5.7536697
k141_831224	10.5837
k141_1599527	7.292814
k141_1696578	53.088493
k141_538980	5.7870855
k141_1308783	8.474694
k141_2274196	11.13791
k141_636748	10.332809
k141_1213641	8.628218
k141_2179658	4.8162007
k141_734518	9.3748665
k141_1407029	48.916466
k141_2274546	6.0800424
k141_1309133	10.641934
k141_2085788	65.020935
k141_1503893	9.391301
k141_252136	16.4854
k141_1599981	19.317411
k141_831829	23.655422
k141_442859	25.820723
k141_442869	8.633434
k141_2374584	11.185248
k141_1407267	6.344031
k141_1791184	10.522228
k141_637268	36.079544
k141_442943	165.846
k141_2374663	30.191795
k141_252355	31.815119
k141_348125	9.655301
k141_2086160	41.32825
k141_1791357	7.618626
k141_1214311	6.699038
k141_1888728	15.132588
k141_1697466	9.305281
k141_1504308	163.73216
k141_2275179	27.935246
k141_2275236	7.4132147
k141_1214431	13.88622
k141_1791671	8.544172
k141_925076	7.6110573
k141_925140	20.559013
k141_1214757	9.7264185
k141_925257	16.090199
k141_1697823	9.467974
k141_832755	7.2237406
k141_2180918	7.8553834
k141_443758	11.945255
k141_925346	7.2905917
k141_1987498	8.539873
k141_2181051	13.6603775
k141_1792106	20.76781
k141_2087097	11.651423
k141_443905	10.218818
k141_61027	11.406872
k141_1118965	8.024613
k141_925512	373.6281
k141_1408374	8.52949
k141_540770	9.355777
k141_925702	6.52007
k141_444219	8.062298
k141_61553	7.397728
k141_1408715	80.34803
k141_833429	10.9344425
k141_2181586	6.8950057
k141_2087691	18.590696
k141_2276180	12.812939
k141_1020462	10.99625
k141_444446	12.334481
k141_2276247	11.288744
k141_833574	7.8426976
k141_926113	9.318314
k141_1408837	20.0042
k141_1020604	14.103148
k141_2181816	10.797932
k141_2182034	8.988146
k141_2276489	6.358709
k141_156896	7.6826735
k141_1119774	69.07917
k141_736918	10.749145
k141_2376787	7.6476927
k141_639354	22.213243
k141_445045	8.704277
k141_1021088	17.465414
k141_1890636	93.81206
k141_1793611	16.908062
k141_2377109	8.467938
k141_1602424	26.51166
k141_1699278	11.355217
k141_445298	7.0823674
k141_834382	4.5171413
k141_2182641	10.493986
k141_1021358	11.060095
k141_1989085	5.862793
k141_350691	7.4848447
k141_834468	10.544267
k141_926960	7.515595
k141_350721	6.702827
k141_1602667	6.951364
k141_1021518	14.531184
k141_542265	7.8608184
k141_2088907	19.383059
k141_445545	22.363995
k141_2277349	8.464552
k141_834570	11.5151205
k141_542292	22.450989
k141_1506772	28.762304
k141_2277434	9.448576
k141_255075	9.568526
k141_63000	10.189782
k141_2377591	11.314551
k141_927270	7.643061
k141_351027	7.8813233
k141_1120689	7.4125934
k141_927314	9.525713
k141_834769	6.861952
k141_1989579	12.34224
k141_1021812	17.658329
k141_640322	9.70931
k141_2183133	9.43964
k141_255299	7.0331545
k141_157977	8.499591
k141_1794315	7.1046433
k141_1700070	31.08859
k141_542782	9.0209255
k141_927566	8.122435
k141_1410532	35.090977
k141_1989832	8.0791855
k141_1022044	12.608258
k141_1410645	11.47436
k141_1891622	13.4370365
k141_1121202	34.701035
k141_1794818	12.144558
k141_543128	70.346214
k141_446465	13.030338
k141_1603547	15.503134
k141_2089806	7.9186344
k141_640714	8.392718
k141_835360	9.919294
k141_2278305	7.6659226
k141_2089979	36.044262
k141_1990315	5.9943986
k141_835477	4.8126183
k141_1891969	15.294385
k141_543264	18.849028
k141_1121570	11.835652
k141_1700743	21.790424
k141_738802	48.6602
k141_1700754	6.7603145
k141_1892139	8.446543
k141_158770	13.220728
k141_1121659	4.6766195
k141_351912	8.219066
k141_928257	18.191954
k141_446787	6.68565
k141_1990536	9.004549
k141_1508002	17.846594
k141_158957	8.618212
k141_1217960	12.273506
k141_1312874	26.645397
k141_1604048	6.4632893
k141_1411444	9.3693495
k141_1795466	18.110836
k141_1990629	53.744648
k141_2378767	23.837324
k141_1604169	14.742429
k141_836014	8.917563
k141_1892518	15.237204
k141_1701332	12.082098
k141_836128	12.377991
k141_64535	10.850092
k141_2090586	11.44087
k141_1795669	19.657034
k141_641538	15.275343
k141_1892709	41.728268
k141_1218324	25.816277
k141_352452	12.531805
k141_641678	40.765133
k141_1411858	10.602816
k141_1313348	21.493093
k141_1795906	27.421703
k141_836400	9.420099
k141_2278788	23.847898
k141_1023547	7.085029
k141_641875	10.354671
k141_836568	6.9620166
k141_2278874	15.732977
k141_1412245	8.225771
k141_2379605	11.169662
k141_1796275	7.992143
k141_544482	8.992305
k141_929229	6.4281125
k141_2279078	37.480442
k141_352992	8.45614
k141_65252	167.11974
k141_642089	8.67656
k141_836857	8.72947
k141_544547	14.506651
k141_2279271	10.605859
k141_65443	6.0143747
k141_447791	8.37281
k141_642357	44.744823
k141_2279407	11.94615
k141_257352	8.598077
k141_1123081	8.186435
k141_1314143	10.681194
k141_1024403	31.097342
k141_1894105	9.770469
k141_1413168	125.892075
k141_1992122	6.307954
k141_1509535	52.127346
k141_2092202	9.704997
k141_1702983	7.98709
k141_1992168	15.745011
k141_161058	6.4324203
k141_1894404	8.623986
k141_1314379	6.9238563
k141_161116	8.698686
k141_448579	7.9391565
k141_545735	7.3871593
k141_1992216	9.807261
k141_1894514	9.76392
k141_1703131	7.9320354
k141_448705	9.559116
k141_2380969	7.103318
k141_66488	7.1165075
k141_930387	47.807247
k141_448794	8.609463
k141_1894681	10.036801
k141_1894683	20.370405
k141_1894720	11.430905
k141_66641	11.535193
k141_1025078	9.146532
k141_258306	7.306867
k141_2186573	10.79054
k141_1413866	10.779045
k141_2186637	9.857042
k141_1797778	64.355034
k141_1413929	11.792812
k141_1606168	19.38261
k141_161681	8.652754
k141_354741	9.383032
k141_1413989	15.130687
k141_1124604	8.446886
k141_2280851	17.62082
k141_1895183	14.548107
k141_1606457	9.89811
k141_930821	9.460844
k141_162040	8.428194
k141_1895381	10.515391
k141_2187121	12.612917
k141_1606549	6.467588
k141_2093362	10.393229
k141_2381965	5.815129
k141_1704083	7.9040174
k141_2187333	9.763786
k141_1025802	8.564042
k141_1798354	10.361452
k141_546857	8.400898
k141_355407	10.380554
k141_162427	11.387602
k141_1220661	8.402841
k141_1025985	12.159347
k141_1606988	11.267385
k141_2382395	22.798546
k141_1607064	10.691137
k141_1315596	7.6414504
k141_839554	8.771212
k141_2382503	13.607043
k141_2093907	12.494249
k141_547209	10.185665
k141_2093985	11.086705
k141_547448	9.519059
k141_1315862	8.133381
k141_1221190	64.17889
k141_1607378	23.35984
k141_163025	14.735757
k141_1026481	58.89213
k141_2188063	9.704195
k141_644663	12.250914
k141_2282301	9.799655
k141_2094311	16.296844
k141_2383051	8.157278
k141_743265	9.468396
k141_356267	786.7478
k141_1799195	30.341902
k141_450585	139.98074
k141_1607786	8.253379
k141_1607814	8.569544
k141_1896745	34.468826
k141_2094568	8.640425
k141_1316412	8.866568
k141_1799353	103.76576
k141_1415735	10.406289
k141_932301	15.459611
k141_1608021	18.427803
k141_840459	5.460927
k141_450923	10.364464
k141_932357	19.26696
k141_163680	10.045769
k141_1126208	3.9960592
k141_260325	10.264937
k141_2094826	17.174463
k141_1027257	10.236724
k141_163937	9.335967
k141_69148	10.269965
k141_2283107	50.38688
k141_69193	8.89139
k141_1316948	66.39757
k141_1994962	8.007368
k141_1512687	7.718318
k141_932891	8.74939
k141_1897543	8.0744095
k141_1126704	142.15735
k141_1222213	15.416582
k141_548624	22.426758
k141_357322	7.274133
k141_1126842	8.680041
k141_2095396	8.495889
k141_1995296	31.27528
k141_1897906	13.092943
k141_69764	6.1789007
k141_451851	6.6132703
k141_357863	7.750088
k141_1995678	5.867318
k141_1609235	11.27866
k141_1317597	9.732053
k141_2095922	10.631014
k141_1995806	15.91404
k141_358052	36.207523
k141_1800873	46.784184
k141_934029	5.903489
k141_70384	13.484007
k141_2385213	8.281771
k141_1996059	41.396614
k141_261866	7.4928446
k141_2385338	9.038692
k141_1127840	16.245365
k141_2190611	11.3585415
k141_549812	9.326926
k141_1417915	5.9002357
k141_1609894	11.538832
k141_1029091	8.59203
k141_1029118	7.830129
k141_842506	9.973877
k141_2190967	7.9958544
k141_1223756	8.631457
k141_1029343	18.987305
k141_1418226	14.868356
k141_2285120	5.7497387
k141_1610270	24.140858
k141_2096781	7.1162624
k141_1899471	180.0664
k141_1418446	8.095137
k141_1802005	5.8005905
k141_166379	7.89047
k141_453305	53.567448
k141_2386274	7.936078
k141_359593	6.0679674
k141_2191615	7.7968087
k141_71413	8.624609
k141_2191639	6.716637
k141_2097279	22.768063
k141_1514921	9.999287
k141_1997183	10.605638
k141_746840	8.053055
k141_453664	5.922113
k141_647955	7.0192833
k141_2285778	8.692758
k141_648026	9.600113
k141_1708448	15.005219
k141_1419035	11.790675
k141_263337	13.568889
k141_1515242	11.343417
k141_843625	6.789704
k141_843671	6.3693514
k141_648372	8.286659
k141_1611287	8.549976
k141_1224917	7.856611
k141_935959	9.59547
k141_935989	19.681135
k141_1419564	13.097671
k141_1900547	14.899531
k141_747583	56.729282
k141_1515607	9.590651
k141_936147	24.498772
k141_360648	29.052786
k141_2387590	7.3353796
k141_72323	10.43743
k141_454592	10.228106
k141_2286708	8.607385
k141_1611642	10.416911
k141_648932	10.484542
k141_747998	61.87072
k141_1130065	11.274313
k141_936507	6.290497
k141_1709290	10.231135
k141_454854	10.432535
k141_2098774	9.532586
k141_1516087	12.634453
k141_2287054	27.800549
k141_361153	10.507717
k141_1420272	7.969385
k141_1901172	9.967441
k141_1516208	9.091672
k141_936767	6.8843246
k141_2098885	41.8186
k141_2287245	8.753444
k141_264350	51.053566
k141_1803621	10.788926
k141_168205	22.467602
k141_2388222	5.2866926
k141_1709630	115.82406
k141_1130459	6.65045
k141_2099053	7.1890817
k141_649410	8.850407
k141_264508	11.815371
k141_1130527	11.330757
k141_1612259	8.309087
k141_264604	12.068981
k141_168472	8.279486
k141_748665	8.9089775
k141_1031813	9.63029
k141_264738	7.7782416
k141_1804140	12.434778
k141_168836	7.112443
k141_168872	11.966466
k141_455721	6.546348
k141_937525	7.231921
k141_749122	8.511485
k141_455803	17.352161
k141_1421256	8.044611
k141_749358	6.472709
k141_1421374	6.831292
k141_1902017	9.6258
k141_2194284	9.251452
k141_2389227	12.18039
k141_553654	9.901566
k141_937856	7.878026
k141_1710702	100.64821
k141_74089	15.82814
k141_74120	8.515205
k141_1131464	9.818579
k141_650521	6.0450635
k141_1902205	11.04384
k141_2288648	4.7691193
k141_2100342	7.1417284
k141_2100357	12.474077
k141_1902365	8.434261
k141_1227335	11.558636
k141_1421991	8.530398
k141_1227499	17.818861
k141_2389858	7.326907
k141_846334	7.7689695
k141_2100696	11.960735
k141_1227604	10.793104
k141_1132032	23.594915
k141_1517875	9.104086
k141_1902882	12.112917
k141_1132124	42.15906
k141_938677	20.310825
k141_1711430	6.5976086
k141_2289313	23.68447
k141_2390175	5.7663264
k141_1805562	6.813148
k141_1903159	7.638843
k141_2390353	14.34522
k141_363495	9.430986
k141_266521	7.9313483
k141_266634	7.4019628
k141_2390534	16.120468
k141_554995	8.945783
k141_170506	10.39381
k141_363773	7.242095
k141_2289753	10.22461
k141_847178	12.932751
k141_1322740	9.554484
k141_75602	7.5731225
k141_1322792	16.111324
k141_1132849	10.234489
k141_1132863	9.478283
k141_1228597	9.78901
k141_751333	11.226527
k141_2391090	9.472998
k141_652179	9.218128
k141_170981	6.7648005
k141_751466	7.0162754
k141_1712362	11.301502
k141_751520	13.88431
k141_2000770	10.247484
k141_847728	12.391326
k141_939779	8.62167
k141_2102167	34.307564
k141_1033601	6.881209
k141_76267	10.282405
k141_2196663	8.538194
k141_76403	34.787495
k141_1323539	11.773633
k141_2001103	9.29348
k141_1033732	7.8752074
k141_1323623	10.477708
k141_1806984	7.6172194
k141_1519423	10.875948
k141_2290943	10.485485
k141_1615703	9.621495
k141_2392001	8.16254
k141_1034200	135.80505
k141_2001554	9.658994
k141_2291170	13.169713
k141_365368	6.5254393
k141_1904767	28.719065
k141_1519604	8.366219
k141_268363	13.042672
k141_1324175	14.760125
k141_1034410	9.930096
k141_365687	29.81472
k141_1519914	9.615214
k141_653367	6.97453
k141_2001893	9.405313
k141_653418	11.393183
k141_1807782	8.631621
k141_1034753	14.823823
k141_2002067	16.147305
k141_1713773	10.884333
k141_941220	10.346182
k141_1425215	5.6938057
k141_459497	5.9475093
k141_1713888	9.273169
k141_366218	6.1282997
k141_2002252	7.7959123
k141_1425381	6.7220917
k141_557216	8.996051
k141_2198396	7.489205
k141_366293	5.9232225
k141_1324877	18.716747
k141_1135062	18.90151
k141_1808298	7.7331886
k141_1808325	3.892527
k141_77724	11.172257
k141_1135157	7.2260737
k141_366461	8.615597
k141_753585	6.7988296
k141_1714159	7.469389
k141_941716	9.144528
k141_1425781	8.859547
k141_77922	20.74754
k141_1906019	12.146589
k141_366680	7.4280415
k141_1714397	83.510544
k141_2104473	36.92005
k141_1617224	11.687562
k141_2393464	12.501105
k141_2393500	5.5266595
k141_942185	13.601577
k141_1426182	9.329879
k141_460464	13.993765
k141_2199332	57.2833
k141_1714814	10.339541
k141_850382	5.786302
k141_1906549	8.699071
k141_1617634	35.124542
k141_942451	10.0831375
k141_173543	9.88206
k141_78662	25.35079
k141_460735	11.287071
k141_1136188	6.797923
k141_367346	8.270489
k141_655050	28.038622
k141_367405	5.6472216
k141_2293222	8.868062
k141_2394018	137.1108
k141_942612	5.3889713
k141_2394092	20.46287
k141_460972	9.232268
k141_942644	9.15147
k141_850762	7.345791
k141_79094	7.242598
k141_1618111	10.674983
k141_1326342	7.329691
k141_270804	6.504625
k141_367856	11.258066
k141_174127	10.149277
k141_367894	17.623898
k141_1618263	14.6484995
k141_1036780	9.204312
k141_79419	12.644383
k141_2394623	115.528175
k141_1137029	10.327105
k141_2293956	8.009836
k141_1907435	12.287306
k141_271305	6.449871
k141_271327	10.667963
k141_655965	27.32099
k141_655995	6.9038134
k141_1037244	11.438366
k141_368508	74.26227
k141_943571	56.619167
k141_1716469	5.950269
k141_2106369	11.540522
k141_462093	7.4020343
k141_2106479	8.286225
k141_2201031	7.2241173
k141_656335	9.966909
k141_1810922	8.330257
k141_1716661	66.71195
k141_175307	8.146873
k141_1716723	60.515713
k141_462381	13.923189
k141_656462	7.256244
k141_1233189	14.502045
k141_175491	7.994989
k141_1523165	6.5079927
k141_369174	4.33654
k141_1327546	15.34243
k141_369207	9.867758
k141_1619253	121.93654
k141_80623	14.372112
k141_1908450	7.686161
k141_560359	66.89733
k141_1428327	11.185529
k141_1233493	20.93617
k141_756927	9.019651
k141_1811497	46.83813
k141_1428570	27.824224
k141_369585	11.081323
k141_852666	9.400746
k141_272779	9.529585
k141_1717257	8.306309
k141_1038363	8.562929
k141_2396379	10.092542
k141_369909	7.1861663
k141_560906	47.734444
k141_81383	8.020404
k141_370044	8.107301
k141_463432	13.141569
k141_1429137	8.160115
k141_1909225	9.54297
k141_2296033	11.604251
k141_1429174	7.1284833
k141_657675	14.866519
k141_2296117	11.259869
k141_1328397	26.28913
k141_1234541	10.581085
k141_657885	16.539656
k141_463875	10.237408
k141_1234789	6.673631
k141_1812693	7.6432214
k141_2006582	39.615566
k141_82032	10.777943
k141_1524685	5.5052896
k141_82076	10.591042
k141_2296578	6.5216436
k141_82177	18.83604
k141_1621020	7.8193493
k141_273869	84.86815
k141_177281	8.786062
k141_1039605	6.349633
k141_2296929	10.713386
k141_1525113	9.241278
k141_1718735	7.4102845
k141_561855	11.383155
k141_2297070	10.309257
k141_658614	115.3026
k141_1140251	12.723961
k141_2007187	8.994216
k141_2297181	9.363301
k141_274193	11.210176
k141_1235422	35.769028
k141_658679	9.567703
k141_562061	11.369046
k141_371434	5.9261007
k141_2007298	29.186834
k141_1329422	5.5861287
k141_1235558	9.678926
k141_1235559	8.793113
k141_1140457	12.75304
k141_177898	6.621283
k141_2007474	8.663742
k141_1525598	10.903655
k141_464913	8.033366
k141_2297560	19.029305
k141_465039	55.123856
k141_1140750	6.905465
k141_946750	10.8112335
k141_2109567	13.909754
k141_759393	9.344594
k141_946887	11.276773
k141_759454	10.351696
k141_854850	12.830384
k141_1329876	9.32078
k141_372090	9.423848
k141_1141059	10.848078
k141_659546	6.2291164
k141_1526179	7.9140453
k141_2398749	27.262747
k141_1719734	8.133475
k141_2109981	8.628183
k141_465519	6.0203967
k141_759853	8.332328
k141_1040842	10.349531
k141_562894	8.630354
k141_275294	291.278
k141_1719955	11.0848465
k141_1431552	70.72695
k141_275485	96.95112
k141_1911483	7.716725
k141_2298617	6.999075
k141_2110301	14.629256
k141_659994	25.66991
k141_1526678	9.670829
k141_1330630	7.5960116
k141_1041277	7.726938
k141_947767	8.131289
k141_465857	9.491065
k141_2205153	8.034654
k141_1526885	7.7074814
k141_466011	9.194255
k141_1720627	16.670809
k141_1720687	10.181053
k141_179410	9.607924
k141_466116	6.0460157
k141_1432325	15.410067
k141_1815124	59.081543
k141_1912169	8.874297
k141_2009187	10.826749
k141_373405	10.949461
k141_2299365	10.910809
k141_466265	9.689271
k141_2205656	36.07547
k141_2111151	9.900177
k141_1527294	8.20374
k141_1237607	9.573516
k141_1237612	7.535933
k141_1237646	8.0719185
k141_466647	10.972059
k141_2009529	6.903351
k141_276611	8.722681
k141_948757	6.1343174
k141_1527671	10.888773
k141_1912693	6.4759083
k141_276685	8.080637
k141_85310	168.26785
k141_1042373	7.816375
k141_2111797	14.341975
k141_1142985	9.608744
k141_1433130	7.035807
k141_85405	8.912828
k141_1912814	10.434509
k141_1721651	11.608653
k141_856968	10.458497
k141_2111911	6.308364
k141_1624257	10.266436
k141_1913275	7.1315126
k141_2010323	7.147256
k141_1528359	16.376966
k141_467504	14.448033
k141_857429	13.852961
k141_1816551	31.98646
k141_1528550	5.8428707
k141_1434072	9.065266
k141_375008	12.490225
k141_2300906	63.99684
k141_86300	18.7357
k141_1043219	6.6556096
k141_761809	13.129394
k141_86343	7.845979
k141_375064	6.347287
k141_761853	9.628942
k141_1722467	12.114249
k141_467864	11.20607
k141_1043240	8.939934
k141_2010779	901.15643
k141_2010876	37.668884
k141_1722749	81.558174
k141_950144	7.2371373
k141_2207850	7.253564
k141_278326	6.957344
k141_375640	7.369818
k141_762423	9.547543
k141_468549	7.6001406
k141_181956	6.645467
k141_1239463	8.911438
k141_1239479	12.681378
k141_858508	7.2910867
k141_375784	7.450884
k141_663159	6.817119
k141_1914543	8.403244
k141_375847	10.042228
k141_1144794	14.032953
k141_950705	12.992539
k141_2402528	38.986233
k141_566365	360.936
k141_663415	11.057437
k141_1817702	7.5081425
k141_376125	51.16157
k141_1626212	10.126778
k141_2012022	8.621834
k141_663628	15.077293
k141_859054	10.542708
k141_2302502	7.8036613
k141_1044579	10.88653
k141_2403027	7.493428
k141_2209073	5.3325095
k141_951213	10.665208
k141_2012290	16.938993
k141_469367	8.777922
k141_376568	13.630259
k141_2403366	8.549206
k141_182872	8.215132
k141_376680	8.09495
k141_1818308	6.365769
k141_1530435	11.368293
k141_2012630	10.263915
k141_1724299	8.162414
k141_1436200	6.8917074
k141_664296	7.7760725
k141_1915733	7.46196
k141_664387	5.88917
k141_1818569	12.587863
k141_764161	7.0319324
k141_952034	11.363048
k141_1724761	9.0022335
k141_1335062	10.518719
k141_567761	5.844764
k141_377416	9.875558
k141_1436675	9.943145
k141_280390	9.765666
k141_2115310	8.257295
k141_2303919	7.274559
k141_1916411	9.090216
k141_1335319	7.565029
k141_2404342	8.6948185
k141_1916503	9.045093
k141_665170	5.900385
k141_470595	22.699791
k141_1627798	9.804914
k141_1146798	5.7270603
k141_377855	24.549917
k141_377919	6.102307
k141_1819545	7.039896
k141_1046223	7.6665792
k141_2115859	7.1729574
k141_1046274	9.05213
k141_1725605	7.7067976
k141_1335646	38.979656
k141_1147033	6.9814777
k141_2304665	8.5035095
k141_1147153	16.211863
k141_1437445	26.393293
k141_2210912	8.781622
k141_1532063	6.765694
k141_765452	5.3995585
k141_89872	7.7996774
k141_2405239	10.479316
k141_2116453	6.282799
k141_2014437	10.904461
k141_2405341	22.522743
k141_861450	10.014451
k141_2305216	9.146008
k141_2211455	10.289965
k141_1438011	11.509557
k141_281823	9.451435
k141_185257	6.809906
k141_1917926	7.2827334
k141_1917928	7.204698
k141_2014690	7.6164246
k141_1147995	9.63143
k141_90262	13.176261
k141_2305612	11.31115
k141_2014783	10.400825
k141_282077	11.2846575
k141_2014864	10.795149
k141_953885	7.2009096
k141_1820943	17.323833
k141_379425	12.684591
k141_1821036	6.699723
k141_185818	7.506457
k141_379568	11.642256
k141_185981	6.3249197
k141_1438576	10.317644
k141_282603	9.978285
k141_766473	9.455158
k141_2015362	8.547991
k141_862411	12.5668745
k141_1533456	16.28589
k141_1918753	8.414118
k141_186282	6.7789383
k141_1337216	12.629215
k141_570358	18.332245
k141_1337235	9.97652
k141_283048	28.165659
k141_380007	56.81557
k141_1821307	14.698952
k141_91250	8.901351
k141_1629758	9.754231
k141_1821388	15.256348
k141_2213029	7.2728243
k141_2015924	6.524763
k141_1244044	10.944153
k141_2406904	9.580671
k141_2406909	7.105982
k141_767138	13.9083805
k141_1533903	7.830128
k141_667811	7.844772
k141_767178	21.877146
k141_1244209	10.240221
k141_1728282	6.0286636
k141_2407261	7.7884126
k141_767361	8.411074
k141_767363	9.816573
k141_2118621	8.41456
k141_1534258	6.5388346
k141_1919581	9.106517
k141_2407415	6.252107
k141_380684	6.945881
k141_2307203	7.7106795
k141_380738	7.5429463
k141_283923	16.856215
k141_1439828	8.772089
k141_91980	6.742762
k141_1919762	7.834747
k141_284001	8.200608
k141_1244768	7.5391445
k141_1534411	15.123968
k141_2407671	7.919616
k141_2213887	8.469873
k141_1534448	8.100875
k141_1149676	9.41116
k141_1440139	13.166921
k141_1920023	7.7776914
k141_284243	8.609871
k141_1534552	8.5257
k141_2407927	6.88557
k141_2016864	24.344824
k141_668763	7.449808
k141_955853	9.175014
k141_187815	8.081433
k141_955946	11.078436
k141_92590	13.090379
k141_381391	9.564577
k141_956164	5.437712
k141_381537	10.790563
k141_188112	18.892412
k141_474315	9.5440445
k141_768508	10.211789
k141_1535116	6.6954703
k141_572126	8.671005
k141_284921	50.343304
k141_768625	8.867877
k141_2408467	17.80532
k141_1823079	9.501495
k141_768637	7.3157344
k141_864227	9.023746
k141_768680	6.388599
k141_1339194	7.4252143
k141_93210	9.251179
k141_2119876	82.39007
k141_474739	6.444734
k141_188677	13.165665
k141_2119974	9.255003
k141_188774	7.5256715
k141_2017743	11.085494
k141_1535620	8.92183
k141_2408469	36.168575
k141_572603	11.682443
k141_474982	10.120388
k141_1050754	5.519725
k141_2408470	19.961576
k141_1535685	9.276804
k141_1246001	7.9952736
k141_769204	11.378841
k141_1535748	10.623794
k141_1921257	5.537889
k141_2408471	67.25775
k141_2408473	35.678062
k141_670054	9.400882
k141_572812	7.523538
k141_769379	10.906251
k141_475277	8.817427
k141_2408476	15.031677
k141_382655	14.004825
k141_382720	222.29678
k141_1536033	8.092313
k141_1730414	7.8870063
k141_2408486	41.359634
k141_475522	8.567776
k141_2408503	18.042482
k141_286242	28.110144
k141_573380	5.7016006
k141_475685	14.530684
k141_1151708	8.563778
k141_1921942	10.81442
k141_670768	8.892725
k141_1824547	6.442511
k141_573534	12.653235
k141_1340247	10.920696
k141_573550	8.874402
k141_2408518	22.362467
k141_286453	8.841189
k141_770119	12.421297
k141_1246948	7.634376
k141_476008	7.5592256
k141_2408560	31.118507
k141_671152	6.827815
k141_770401	7.172169
k141_2309686	8.126916
k141_671244	8.012125
k141_1536846	7.813884
k141_286744	6.7479877
k141_2408682	46.49507
k141_865945	8.999172
k141_574070	9.281488
k141_770545	11.483191
k141_1731324	9.747697
k141_2309801	213.75574
k141_1731517	21.216835
k141_1731551	12.780557
k141_958768	9.287464
k141_1340912	11.855973
k141_1443346	9.268768
k141_1633488	7.9370246
k141_1731862	9.972834
k141_672041	8.834901
k141_2019903	12.534656
k141_1341377	7.9545994
k141_2019989	9.382584
k141_1341468	7.842441
k141_384752	9.253789
k141_672342	131.33096
k141_2020122	8.909332
k141_1732373	9.5668
k141_1732388	111.928764
k141_866948	7.4848843
k141_477312	7.2082624
k141_1248547	10.635706
k141_1538324	140.18237
k141_1248552	13.690667
k141_2311248	9.6380825
k141_288267	15.951901
k141_672817	10.222536
k141_672894	25.222431
k141_1732914	5.7881536
k141_575621	12.812939
k141_575637	9.356376
k141_1444411	9.43133
k141_477918	12.15665
k141_1342243	8.462288
k141_960275	11.558503
k141_1827051	7.169229
k141_2021049	7.609828
k141_960328	14.030013
k141_1444782	8.845145
k141_192407	11.19869
k141_1444807	8.603647
k141_1733531	10.27748
k141_673658	11.211724
k141_288908	14.215986
k141_2312188	5.994275
k141_1539325	9.114447
k141_1445077	10.688468
k141_1154657	14.455316
k141_1445182	24.334211
k141_2021740	11.42729
k141_1827878	190.79262
k141_2021926	5.577445
k141_1827954	5.415033
k141_1734248	9.46523
k141_674489	7.937883
k141_1539879	25.073605
k141_1055004	10.018737
k141_1828136	6.2011404
k141_2312892	12.521869
k141_1734446	10.602184
k141_1828332	6.583811
k141_479245	11.999622
k141_1540122	8.553531
k141_1828508	10.410512
k141_1343493	9.237234
k141_961845	9.859946
k141_577397	19.12039
k141_1540468	15.439383
k141_1250926	10.70041
k141_1251029	8.422943
k141_1056100	7.7802553
k141_578005	6.328341
k141_480180	8.175689
k141_578042	6.9976997
k141_1344266	9.284655
k141_1156449	8.141848
k141_578231	5.0223327
k141_1829714	9.43435
k141_1829764	16.38545
k141_1541400	5.895414
k141_962864	18.230543
k141_1637796	6.358375
k141_481115	6.5251074
k141_1252440	6.6981955
k141_1252456	10.604367
k141_1057817	21.51294
k141_1252678	8.186649
k141_1057934	14.052239
k141_1252826	12.99413
k141_1252862	8.415345
k141_1058776	9.734288
k141_1347081	15.848031
k141_1347447	22.903128
k141_1060022	11.0216
k141_1347983	4.9638834
k141_1060124	9.325286
k141_1847474|provirus_1_21714	38.39338
k141_1847474|provirus_32979_125483	34.726692
